artist,album,year,tracks,genre,cover_thumbnail,cover_full,brightness,saturation,contrast,palette,hex_color
Taylor Swift,THE TORTURED POETS DEPARTMENT: THE ANTHOLOGY,2024,14,Pop,https://is1-ssl.mzstatic.com/image/thumb/Music221/v4/a4/86/59/a486593a-53c9-1c2a-5122-8f25339f7359/24UMGIM44778.rgb.jpg/100x100bb.jpg,https://is1-ssl.mzstatic.com/image/thumb/Music221/v4/a4/86/59/a486593a-53c9-1c2a-5122-8f25339f7359/24UMGIM44778.rgb.jpg/600x600bb.jpg,22.8,16.5,31.5,Dark & Moody,#3e3935
Taylor Swift,folklore,2020,14,Pop,https://is1-ssl.mzstatic.com/image/thumb/Music125/v4/ca/f3/67/caf367a5-2cf6-6b2e-a891-97dc57b19f08/20UMGIM64216.rgb.jpg/100x100bb.jpg,https://is1-ssl.mzstatic.com/image/thumb/Music125/v4/ca/f3/67/caf367a5-2cf6-6b2e-a891-97dc57b19f08/20UMGIM64216.rgb.jpg/600x600bb.jpg,65.8,0.0,41.6,Monochrome / Gray,#a7a7a7
Taylor Swift,Red,2021,14,Pop,https://is1-ssl.mzstatic.com/image/thumb/Music125/v4/e1/b1/04/e1b10422-f39c-a8c7-195b-ebdb8c05489c/21UM1IM25046.rgb.jpg/100x100bb.jpg,https://is1-ssl.mzstatic.com/image/thumb/Music125/v4/e1/b1/04/e1b10422-f39c-a8c7-195b-ebdb8c05489c/21UM1IM25046.rgb.jpg/600x600bb.jpg,35.0,48.5,45.4,Warm Red & Orange,#705141
Taylor Swift,evermore,2020,14,Pop,https://is1-ssl.mzstatic.com/image/thumb/Music124/v4/bd/dd/54/bddd543b-4e0f-007b-1398-5fef90b963c3/20UM1IM14847.rgb.jpg/100x100bb.jpg,https://is1-ssl.mzstatic.com/image/thumb/Music124/v4/bd/dd/54/bddd543b-4e0f-007b-1398-5fef90b963c3/20UM1IM14847.rgb.jpg/600x600bb.jpg,46.2,24.6,70.1,Warm Red & Orange,#7f726c
Taylor Swift,Fearless,2021,14,Pop,https://is1-ssl.mzstatic.com/image/thumb/Music125/v4/c3/d0/1c/c3d01c88-73e7-187e-fd62-e1744de979a6/21UMGIM09915.rgb.jpg/100x100bb.jpg,https://is1-ssl.mzstatic.com/image/thumb/Music125/v4/c3/d0/1c/c3d01c88-73e7-187e-fd62-e1744de979a6/21UMGIM09915.rgb.jpg/600x600bb.jpg,48.7,53.1,56.2,Warm Red & Orange,#96774c
Taylor Swift,The Life of a Showgirl + “A Look Behind the Curtain”,2025,14,Pop,https://is1-ssl.mzstatic.com/image/thumb/Music221/v4/59/36/1b/59361bc2-786b-4d92-46cb-65d97a5c3edb/25UM1IM37347.rgb.jpg/100x100bb.jpg,https://is1-ssl.mzstatic.com/image/thumb/Music221/v4/59/36/1b/59361bc2-786b-4d92-46cb-65d97a5c3edb/25UM1IM37347.rgb.jpg/600x600bb.jpg,19.1,71.4,39.4,Dark & Moody,#572215
Taylor Swift,Speak Now,2023,14,Pop,https://is1-ssl.mzstatic.com/image/thumb/Music126/v4/3b/02/ea/3b02ea2d-2586-59d7-d2b8-e9b6af6b52b3/23UMGIM63932.rgb.jpg/100x100bb.jpg,https://is1-ssl.mzstatic.com/image/thumb/Music126/v4/3b/02/ea/3b02ea2d-2586-59d7-d2b8-e9b6af6b52b3/23UMGIM63932.rgb.jpg/600x600bb.jpg,25.8,45.0,57.0,Pink & Magenta,#573740
Red Hot Chili Peppers,I'm with You,2011,12,Rock,https://is1-ssl.mzstatic.com/image/thumb/Music114/v4/00/8c/9a/008c9ad2-409a-a830-7e4d-ec5b5085415a/093624954811.jpg/100x100bb.jpg,https://is1-ssl.mzstatic.com/image/thumb/Music114/v4/00/8c/9a/008c9ad2-409a-a830-7e4d-ec5b5085415a/093624954811.jpg/600x600bb.jpg,87.7,3.6,39.3,Minimalist White,#e2dedd
Red Hot Chili Peppers,Greatest Hits,2003,12,Rock,https://is1-ssl.mzstatic.com/image/thumb/Music115/v4/a0/fe/3f/a0fe3ff1-d068-b00e-6265-0b53dd144dcf/093624931997.jpg/100x100bb.jpg,https://is1-ssl.mzstatic.com/image/thumb/Music115/v4/a0/fe/3f/a0fe3ff1-d068-b00e-6265-0b53dd144dcf/093624931997.jpg/600x600bb.jpg,69.0,15.5,65.6,Monochrome / Gray,#b6aea5
Red Hot Chili Peppers,The Getaway,2016,12,Rock,https://is1-ssl.mzstatic.com/image/thumb/Music124/v4/22/3e/ed/223eedeb-3ad1-2bd8-c863-ab6fb39d658a/093624920137.jpg/100x100bb.jpg,https://is1-ssl.mzstatic.com/image/thumb/Music124/v4/22/3e/ed/223eedeb-3ad1-2bd8-c863-ab6fb39d658a/093624920137.jpg/600x600bb.jpg,37.0,19.4,43.9,Pink & Magenta,#625b60
Red Hot Chili Peppers,Blood Sugar Sex Magik,1991,12,Rock,https://is1-ssl.mzstatic.com/image/thumb/Music125/v4/2b/2b/56/2b2b564c-e21e-bd40-a8cf-cb47dedcb7df/093624932147.jpg/100x100bb.jpg,https://is1-ssl.mzstatic.com/image/thumb/Music125/v4/2b/2b/56/2b2b564c-e21e-bd40-a8cf-cb47dedcb7df/093624932147.jpg/600x600bb.jpg,59.9,7.5,68.6,Monochrome / Gray,#9d9697
Red Hot Chili Peppers,Stadium Arcadium,2006,12,Rock,https://is1-ssl.mzstatic.com/image/thumb/Music5/v4/5e/49/35/5e493511-d87b-5aa2-b379-30fffbae902b/093624932154.jpg/100x100bb.jpg,https://is1-ssl.mzstatic.com/image/thumb/Music5/v4/5e/49/35/5e493511-d87b-5aa2-b379-30fffbae902b/093624932154.jpg/600x600bb.jpg,34.4,41.3,43.2,Cool Blue,#585659
Red Hot Chili Peppers,Unlimited Love,2022,12,Rock,https://is1-ssl.mzstatic.com/image/thumb/Music116/v4/6a/f5/6b/6af56b1d-1cc8-68e8-a428-5caccf20e69a/093624880639.jpg/100x100bb.jpg,https://is1-ssl.mzstatic.com/image/thumb/Music116/v4/6a/f5/6b/6af56b1d-1cc8-68e8-a428-5caccf20e69a/093624880639.jpg/600x600bb.jpg,21.9,42.4,40.2,Dark & Moody,#463422
Red Hot Chili Peppers,Californication,1999,12,Rock,https://is1-ssl.mzstatic.com/image/thumb/Music124/v4/4c/86/1d/4c861dab-5428-f3b7-8068-82bb69db5e89/093624932130.jpg/100x100bb.jpg,https://is1-ssl.mzstatic.com/image/thumb/Music124/v4/4c/86/1d/4c861dab-5428-f3b7-8068-82bb69db5e89/093624932130.jpg/600x600bb.jpg,42.7,71.5,34.0,Pink & Magenta,#75686c
Red Hot Chili Peppers,By the Way,2002,12,Rock,https://is1-ssl.mzstatic.com/image/thumb/Music115/v4/73/ec/27/73ec2771-a008-e55b-8ccd-faf6257d5cd0/093624932178.jpg/100x100bb.jpg,https://is1-ssl.mzstatic.com/image/thumb/Music115/v4/73/ec/27/73ec2771-a008-e55b-8ccd-faf6257d5cd0/093624932178.jpg/600x600bb.jpg,69.0,14.0,52.9,Monochrome / Gray,#aab0bc
Red Hot Chili Peppers,Return of the Dream Canteen,2022,12,Rock,https://is1-ssl.mzstatic.com/image/thumb/Music122/v4/68/87/05/688705e6-ff03-16f6-2509-defaeea662be/093624875611.jpg/100x100bb.jpg,https://is1-ssl.mzstatic.com/image/thumb/Music122/v4/68/87/05/688705e6-ff03-16f6-2509-defaeea662be/093624875611.jpg/600x600bb.jpg,57.1,31.4,36.1,Cool Blue,#988aa7
Red Hot Chili Peppers,Rock & Roll Hall of Fame Covers - EP,2012,12,Rock,https://is1-ssl.mzstatic.com/image/thumb/Music/v4/62/84/ec/6284ec7e-ba57-92f6-3be4-e79f76c3d0a3/093624950950.jpg/100x100bb.jpg,https://is1-ssl.mzstatic.com/image/thumb/Music/v4/62/84/ec/6284ec7e-ba57-92f6-3be4-e79f76c3d0a3/093624950950.jpg/600x600bb.jpg,60.1,53.4,22.3,Warm Red & Orange,#cb8770
Taylor Swift,Lover,2019,18,Pop,https://is1-ssl.mzstatic.com/image/thumb/Music125/v4/49/3d/ab/493dab54-f920-9043-6181-80993b8116c9/19UMGIM53909.rgb.jpg/100x100bb.jpg,https://is1-ssl.mzstatic.com/image/thumb/Music125/v4/49/3d/ab/493dab54-f920-9043-6181-80993b8116c9/19UMGIM53909.rgb.jpg/600x600bb.jpg,77.9,20.6,29.6,Pink & Magenta,#d6bdce
Billie Eilish & Khalid,lovely - Single,2018,1,Pop,https://is1-ssl.mzstatic.com/image/thumb/Music115/v4/27/94/d4/2794d4fc-c3e2-2373-3e6c-dd82fd5aefe6/18UMGIM18200.rgb.jpg/100x100bb.jpg,https://is1-ssl.mzstatic.com/image/thumb/Music115/v4/27/94/d4/2794d4fc-c3e2-2373-3e6c-dd82fd5aefe6/18UMGIM18200.rgb.jpg/600x600bb.jpg,81.8,14.7,65.6,Minimalist White,#d5d1bf
Harry Styles,Fine Line,2019,12,Pop,https://is1-ssl.mzstatic.com/image/thumb/Music115/v4/2b/c4/c9/2bc4c9d4-3bc6-ab13-3f71-df0b89b173de/886448022213.jpg/100x100bb.jpg,https://is1-ssl.mzstatic.com/image/thumb/Music115/v4/2b/c4/c9/2bc4c9d4-3bc6-ab13-3f71-df0b89b173de/886448022213.jpg/600x600bb.jpg,46.6,42.3,79.4,Cool Blue,#757580
"KPop Demon Hunters Cast, HUNTR/X & Saja Boys",KPop Demon Hunters (Soundtrack from the Netflix Film),2025,12,Pop,https://is1-ssl.mzstatic.com/image/thumb/Music211/v4/e1/15/42/e1154273-8ecd-5702-e6e6-597f28001681/25UMGIM82363.rgb.jpg/100x100bb.jpg,https://is1-ssl.mzstatic.com/image/thumb/Music211/v4/e1/15/42/e1154273-8ecd-5702-e6e6-597f28001681/25UMGIM82363.rgb.jpg/600x600bb.jpg,75.6,22.2,29.6,Cool Blue,#c4b9df
Taylor Swift,reputation,2017,15,Pop,https://is1-ssl.mzstatic.com/image/thumb/Music221/v4/eb/e6/06/ebe606da-e00f-82d3-47f3-b79904eed541/17UM1IM24651.rgb.jpg/100x100bb.jpg,https://is1-ssl.mzstatic.com/image/thumb/Music221/v4/eb/e6/06/ebe606da-e00f-82d3-47f3-b79904eed541/17UM1IM24651.rgb.jpg/600x600bb.jpg,65.8,0.0,72.0,Monochrome / Gray,#a7a7a7
Harry Styles,"Kiss All The Time. Disco, Occasionally.",2026,12,Pop,https://is1-ssl.mzstatic.com/image/thumb/Music221/v4/07/41/6a/07416a78-38b9-2d47-7ce8-8a52a44c510f/196874010112.jpg/100x100bb.jpg,https://is1-ssl.mzstatic.com/image/thumb/Music221/v4/07/41/6a/07416a78-38b9-2d47-7ce8-8a52a44c510f/196874010112.jpg/600x600bb.jpg,15.6,32.6,42.1,Dark & Moody,#25272c
Bruno Mars,24K Magic,2016,9,Pop,https://is1-ssl.mzstatic.com/image/thumb/Music125/v4/e3/47/a0/e347a0cc-87ce-5d05-d560-176c7d48f66e/075679904119.jpg/100x100bb.jpg,https://is1-ssl.mzstatic.com/image/thumb/Music125/v4/e3/47/a0/e347a0cc-87ce-5d05-d560-176c7d48f66e/075679904119.jpg/600x600bb.jpg,63.8,28.5,89.6,Warm Red & Orange,#b49c96
Trevor Daniel,Falling - Single,2018,1,Pop,https://is1-ssl.mzstatic.com/image/thumb/Music115/v4/fe/66/14/fe66145c-430e-f7a0-e5ce-8e8e5be19c89/888915747841.jpg/100x100bb.jpg,https://is1-ssl.mzstatic.com/image/thumb/Music115/v4/fe/66/14/fe66145c-430e-f7a0-e5ce-8e8e5be19c89/888915747841.jpg/600x600bb.jpg,24.5,61.9,48.5,Dark & Moody,#84240d
Shawn Mendes & Camila Cabello,Señorita - Single,2019,1,Pop,https://is1-ssl.mzstatic.com/image/thumb/Music125/v4/46/fe/4a/46fe4a39-feb4-7b8b-97b9-0187d49a46bd/19UMGIM53914.rgb.jpg/100x100bb.jpg,https://is1-ssl.mzstatic.com/image/thumb/Music125/v4/46/fe/4a/46fe4a39-feb4-7b8b-97b9-0187d49a46bd/19UMGIM53914.rgb.jpg/600x600bb.jpg,27.3,66.0,50.3,Warm Red & Orange,#79302b
Maroon 5,Girls Like You (feat. Cardi B) - Single,2018,1,Pop,https://is1-ssl.mzstatic.com/image/thumb/Music125/v4/1a/7e/42/1a7e428a-4449-b613-46c3-5fa75d83047a/00602567702023.rgb.jpg/100x100bb.jpg,https://is1-ssl.mzstatic.com/image/thumb/Music125/v4/1a/7e/42/1a7e428a-4449-b613-46c3-5fa75d83047a/00602567702023.rgb.jpg/600x600bb.jpg,31.4,42.9,45.1,Cool Blue,#49515c
Ed Sheeran,÷ (Deluxe),2017,16,Pop,https://is1-ssl.mzstatic.com/image/thumb/Music115/v4/15/e6/e8/15e6e8a4-4190-6a8b-86c3-ab4a51b88288/190295851286.jpg/100x100bb.jpg,https://is1-ssl.mzstatic.com/image/thumb/Music115/v4/15/e6/e8/15e6e8a4-4190-6a8b-86c3-ab4a51b88288/190295851286.jpg/600x600bb.jpg,48.0,69.3,56.8,Cool Blue,#3592b2
Sam Smith & Normani,Dancing With A Stranger - Single,2019,1,Pop,https://is1-ssl.mzstatic.com/image/thumb/Music115/v4/30/75/5b/30755bfd-3225-8a60-ac85-0cf74876f84e/18UMGIM84859.rgb.jpg/100x100bb.jpg,https://is1-ssl.mzstatic.com/image/thumb/Music115/v4/30/75/5b/30755bfd-3225-8a60-ac85-0cf74876f84e/18UMGIM84859.rgb.jpg/600x600bb.jpg,29.6,88.5,32.3,Warm Red & Orange,#9d2c13
Harry Styles,Harry's House,2022,13,Pop,https://is1-ssl.mzstatic.com/image/thumb/Music126/v4/2a/19/fb/2a19fb85-2f70-9e44-f2a9-82abe679b88e/886449990061.jpg/100x100bb.jpg,https://is1-ssl.mzstatic.com/image/thumb/Music126/v4/2a/19/fb/2a19fb85-2f70-9e44-f2a9-82abe679b88e/886449990061.jpg/600x600bb.jpg,71.8,28.6,39.4,Warm Red & Orange,#cbb395
Adele,30,2021,12,Pop,https://is1-ssl.mzstatic.com/image/thumb/Music115/v4/73/6d/7c/736d7cfb-c79d-c9a9-4170-5e71d008dea1/886449666430.jpg/100x100bb.jpg,https://is1-ssl.mzstatic.com/image/thumb/Music115/v4/73/6d/7c/736d7cfb-c79d-c9a9-4170-5e71d008dea1/886449666430.jpg/600x600bb.jpg,35.6,31.6,39.3,Green,#575d58
Adele,21,2011,12,Pop,https://is1-ssl.mzstatic.com/image/thumb/Music221/v4/eb/ca/25/ebca2596-cd1e-b295-91a3-771c868d0a79/191404113868.png/100x100bb.jpg,https://is1-ssl.mzstatic.com/image/thumb/Music221/v4/eb/ca/25/ebca2596-cd1e-b295-91a3-771c868d0a79/191404113868.png/600x600bb.jpg,23.8,8.9,55.1,Dark & Moody,#3c3c3f
Taylor Swift,1989,2014,14,Pop,https://is1-ssl.mzstatic.com/image/thumb/Music221/v4/89/4a/4a/894a4ab9-b0b0-9ea5-ca41-8da0b9b79453/14UMDIM03405.rgb.jpg/100x100bb.jpg,https://is1-ssl.mzstatic.com/image/thumb/Music221/v4/89/4a/4a/894a4ab9-b0b0-9ea5-ca41-8da0b9b79453/14UMDIM03405.rgb.jpg/600x600bb.jpg,75.1,14.9,26.6,Minimalist White,#c9bdad
JP Saxe,If the World Was Ending (feat. Julia Michaels) - Single,2019,1,Pop,https://is1-ssl.mzstatic.com/image/thumb/Music115/v4/83/56/da/8356dadb-17a7-1d40-f8ed-53f934224532/886448054825.jpg/100x100bb.jpg,https://is1-ssl.mzstatic.com/image/thumb/Music115/v4/83/56/da/8356dadb-17a7-1d40-f8ed-53f934224532/886448054825.jpg/600x600bb.jpg,20.1,32.1,49.2,Dark & Moody,#38322b
Dua Lipa,Don't Start Now - Single,2019,1,Pop,https://is1-ssl.mzstatic.com/image/thumb/Music116/v4/41/ee/66/41ee66fa-f8dd-7e82-155a-3a1b360dc562/190295322175.jpg/100x100bb.jpg,https://is1-ssl.mzstatic.com/image/thumb/Music116/v4/41/ee/66/41ee66fa-f8dd-7e82-155a-3a1b360dc562/190295322175.jpg/600x600bb.jpg,48.9,27.5,54.4,Warm Red & Orange,#807d71
Olivia Dean,The Art of Loving,2025,12,Pop,https://is1-ssl.mzstatic.com/image/thumb/Music221/v4/08/e2/21/08e22164-7c0b-1522-818f-e0e74f62dc49/25UMGIM69703.rgb.jpg/100x100bb.jpg,https://is1-ssl.mzstatic.com/image/thumb/Music221/v4/08/e2/21/08e22164-7c0b-1522-818f-e0e74f62dc49/25UMGIM69703.rgb.jpg/600x600bb.jpg,61.0,0.0,70.0,Monochrome / Gray,#9b9b9b
Adele,25,2015,11,Pop,https://is1-ssl.mzstatic.com/image/thumb/Music116/v4/08/8c/24/088c2405-2e33-801b-5c38-e967f2c01e69/191404113974.png/100x100bb.jpg,https://is1-ssl.mzstatic.com/image/thumb/Music116/v4/08/8c/24/088c2405-2e33-801b-5c38-e967f2c01e69/191404113974.png/600x600bb.jpg,45.9,18.8,70.0,Warm Red & Orange,#7a7468
Ellie Goulding & Juice WRLD,Hate Me - Single,2019,1,Pop,https://is1-ssl.mzstatic.com/image/thumb/Music124/v4/c9/8d/96/c98d964d-c33a-b1de-dc81-8525b347ebd3/19UMGIM53750.rgb.jpg/100x100bb.jpg,https://is1-ssl.mzstatic.com/image/thumb/Music124/v4/c9/8d/96/c98d964d-c33a-b1de-dc81-8525b347ebd3/19UMGIM53750.rgb.jpg/600x600bb.jpg,21.8,62.8,26.5,Dark & Moody,#602624
LAUV,I Like Me Better - Single,2017,1,Pop,https://is1-ssl.mzstatic.com/image/thumb/Music211/v4/c4/4f/4f/c44f4f01-e9be-ce4e-5519-f337c3322e48/5056167100188_Cover.jpg/100x100bb.jpg,https://is1-ssl.mzstatic.com/image/thumb/Music211/v4/c4/4f/4f/c44f4f01-e9be-ce4e-5519-f337c3322e48/5056167100188_Cover.jpg/600x600bb.jpg,91.6,4.2,31.1,Minimalist White,#e6eaee
Marshmello & Kane Brown,One Thing Right - Single,2019,1,Pop,https://is1-ssl.mzstatic.com/image/thumb/Music221/v4/16/a9/33/16a933e3-b446-d7aa-3240-1da0f047eefc/886447798775.jpg/100x100bb.jpg,https://is1-ssl.mzstatic.com/image/thumb/Music221/v4/16/a9/33/16a933e3-b446-d7aa-3240-1da0f047eefc/886447798775.jpg/600x600bb.jpg,25.5,36.4,59.1,Warm Red & Orange,#484225
"benny blanco, Halsey & Khalid",Eastside (Acoustic) - Single,2018,1,Pop,https://is1-ssl.mzstatic.com/image/thumb/Music125/v4/63/70/5a/63705a33-79bc-b8b3-d50f-341dee3dfa32/00602567961376.rgb.jpg/100x100bb.jpg,https://is1-ssl.mzstatic.com/image/thumb/Music125/v4/63/70/5a/63705a33-79bc-b8b3-d50f-341dee3dfa32/00602567961376.rgb.jpg/600x600bb.jpg,59.4,32.7,61.6,Pink & Magenta,#bd8593
Sam Smith,How Do You Sleep? - Single,2019,1,Pop,https://is1-ssl.mzstatic.com/image/thumb/Music115/v4/ea/a0/87/eaa0872c-ff80-8625-c39e-14413d2bcd6b/19UMGIM40102.rgb.jpg/100x100bb.jpg,https://is1-ssl.mzstatic.com/image/thumb/Music115/v4/ea/a0/87/eaa0872c-ff80-8625-c39e-14413d2bcd6b/19UMGIM40102.rgb.jpg/600x600bb.jpg,74.6,21.1,47.3,Warm Red & Orange,#ceb9ae
Dua Lipa,Levitating (feat. DaBaby) - Single,2020,1,Pop,https://is1-ssl.mzstatic.com/image/thumb/Music116/v4/16/9c/e6/169ce699-5506-0e08-f514-81f08a9ed7f5/190295132651.jpg/100x100bb.jpg,https://is1-ssl.mzstatic.com/image/thumb/Music116/v4/16/9c/e6/169ce699-5506-0e08-f514-81f08a9ed7f5/190295132651.jpg/600x600bb.jpg,16.4,26.1,61.6,Dark & Moody,#2d2827
Bazzi,Beautiful (feat. Camila Cabello) - Single,2018,1,Pop,https://is1-ssl.mzstatic.com/image/thumb/Music124/v4/9c/a1/54/9ca1544e-7de5-2f42-62b8-10fc6c082b27/075679864895.jpg/100x100bb.jpg,https://is1-ssl.mzstatic.com/image/thumb/Music124/v4/9c/a1/54/9ca1544e-7de5-2f42-62b8-10fc6c082b27/075679864895.jpg/600x600bb.jpg,77.8,47.8,24.2,Warm Red & Orange,#dccb72
Justin Bieber,Yummy - Single,2020,1,Pop,https://is1-ssl.mzstatic.com/image/thumb/Music124/v4/92/8b/d6/928bd6c8-95a0-5a0e-52cb-bbfc2fa7f906/19UM1IM02770.rgb.jpg/100x100bb.jpg,https://is1-ssl.mzstatic.com/image/thumb/Music124/v4/92/8b/d6/928bd6c8-95a0-5a0e-52cb-bbfc2fa7f906/19UM1IM02770.rgb.jpg/600x600bb.jpg,90.8,9.8,10.5,Minimalist White,#f7dfe7
Kygo & Selena Gomez,It Ain't Me - Single,2017,1,Pop,https://is1-ssl.mzstatic.com/image/thumb/Music115/v4/bd/da/4d/bdda4db8-9628-3aaa-e14e-c6e30457bcc0/00602557442908.rgb.jpg/100x100bb.jpg,https://is1-ssl.mzstatic.com/image/thumb/Music115/v4/bd/da/4d/bdda4db8-9628-3aaa-e14e-c6e30457bcc0/00602557442908.rgb.jpg/600x600bb.jpg,7.5,47.7,29.4,Dark & Moody,#1a0f13
Elton John & Dua Lipa,Cold Heart (PNAU Remix) - Single,2021,1,Pop,https://is1-ssl.mzstatic.com/image/thumb/Music125/v4/ec/2f/92/ec2f929f-e7ea-b291-42d7-75081bd808a1/21UMGIM68484.rgb.jpg/100x100bb.jpg,https://is1-ssl.mzstatic.com/image/thumb/Music125/v4/ec/2f/92/ec2f929f-e7ea-b291-42d7-75081bd808a1/21UMGIM68484.rgb.jpg/600x600bb.jpg,71.5,17.2,63.1,Monochrome / Gray,#bfb3ad
Justin Bieber,Holy (feat. Chance the Rapper) - Single,2020,1,Pop,https://is1-ssl.mzstatic.com/image/thumb/Music221/v4/c8/fc/40/c8fc4073-75e0-7b42-6eed-117d1ed86ca5/20UMGIM74696.rgb.jpg/100x100bb.jpg,https://is1-ssl.mzstatic.com/image/thumb/Music221/v4/c8/fc/40/c8fc4073-75e0-7b42-6eed-117d1ed86ca5/20UMGIM74696.rgb.jpg/600x600bb.jpg,66.7,29.5,40.8,Cool Blue,#94b0c3
Beyoncé,4 (Expanded Edition),2011,14,Pop,https://is1-ssl.mzstatic.com/image/thumb/Music115/v4/c9/6b/3f/c96b3ff3-9cf6-4ce6-05aa-9f11474bd569/886443938373.jpg/100x100bb.jpg,https://is1-ssl.mzstatic.com/image/thumb/Music115/v4/c9/6b/3f/c96b3ff3-9cf6-4ce6-05aa-9f11474bd569/886443938373.jpg/600x600bb.jpg,65.9,20.6,64.8,Warm Red & Orange,#b0a59e
Selena Gomez & Marshmello,Wolves - Single,2017,1,Pop,https://is1-ssl.mzstatic.com/image/thumb/Music125/v4/3a/e5/12/3ae51282-a318-71d1-085f-f4d621de44e6/17UM1IM41679.rgb.jpg/100x100bb.jpg,https://is1-ssl.mzstatic.com/image/thumb/Music125/v4/3a/e5/12/3ae51282-a318-71d1-085f-f4d621de44e6/17UM1IM41679.rgb.jpg/600x600bb.jpg,26.7,62.3,47.1,Cool Blue,#314669
Gigi Perez,Sailor Song - Single,2024,1,Pop,https://is1-ssl.mzstatic.com/image/thumb/Music221/v4/25/d4/96/25d49699-acc0-401f-a7cc-d7697339a474/24UM1IM03751.rgb.jpg/100x100bb.jpg,https://is1-ssl.mzstatic.com/image/thumb/Music221/v4/25/d4/96/25d49699-acc0-401f-a7cc-d7697339a474/24UM1IM03751.rgb.jpg/600x600bb.jpg,79.0,0.0,87.3,Minimalist White,#c9c9c9
Julia Michaels,Issues - Single,2017,1,Pop,https://is1-ssl.mzstatic.com/image/thumb/Music114/v4/0c/04/5a/0c045aa5-8fa1-6b4e-1e6e-5334c51137ed/17UMGIM00084.rgb.jpg/100x100bb.jpg,https://is1-ssl.mzstatic.com/image/thumb/Music114/v4/0c/04/5a/0c045aa5-8fa1-6b4e-1e6e-5334c51137ed/17UMGIM00084.rgb.jpg/600x600bb.jpg,85.2,12.1,39.1,Minimalist White,#e7d4cc
Hailee Steinfeld & Alesso,Let Me Go (feat. Florida Georgia Line & watt) - Single,2017,1,Pop,https://is1-ssl.mzstatic.com/image/thumb/Music123/v4/e9/92/98/e992981c-60cc-7b2b-301f-c37186a5079f/17UM1IM25255.rgb.jpg/100x100bb.jpg,https://is1-ssl.mzstatic.com/image/thumb/Music123/v4/e9/92/98/e992981c-60cc-7b2b-301f-c37186a5079f/17UM1IM25255.rgb.jpg/600x600bb.jpg,82.1,5.4,16.8,Minimalist White,#d3d1cb
ROSÉ & Bruno Mars,APT. - Single,2024,1,Pop,https://is1-ssl.mzstatic.com/image/thumb/Music221/v4/2d/1a/7d/2d1a7d91-587e-0ceb-d434-327bd66d9e86/075679628312.jpg/100x100bb.jpg,https://is1-ssl.mzstatic.com/image/thumb/Music221/v4/2d/1a/7d/2d1a7d91-587e-0ceb-d434-327bd66d9e86/075679628312.jpg/600x600bb.jpg,47.7,51.7,39.0,Pink & Magenta,#c05672
Michael Jackson,Thriller,1982,9,Pop,https://is1-ssl.mzstatic.com/image/thumb/Music115/v4/32/4f/fd/324ffda2-9e51-8f6a-0c2d-c6fd2b41ac55/074643811224.jpg/100x100bb.jpg,https://is1-ssl.mzstatic.com/image/thumb/Music115/v4/32/4f/fd/324ffda2-9e51-8f6a-0c2d-c6fd2b41ac55/074643811224.jpg/600x600bb.jpg,45.5,18.8,77.1,Warm Red & Orange,#75746e
David Kushner,Daylight - Single,2023,1,Pop,https://is1-ssl.mzstatic.com/image/thumb/Music211/v4/b9/f2/2b/b9f22b26-d962-70de-6d85-674139ded7cc/842812190988_Cover.jpg/100x100bb.jpg,https://is1-ssl.mzstatic.com/image/thumb/Music211/v4/b9/f2/2b/b9f22b26-d962-70de-6d85-674139ded7cc/842812190988_Cover.jpg/600x600bb.jpg,19.3,77.7,21.8,Dark & Moody,#32370f
Pedro Capó & Farruko,Calma (Remix) - Single,2018,1,Latin,https://is1-ssl.mzstatic.com/image/thumb/Music115/v4/9f/47/11/9f4711a3-4e1d-22cd-b289-df12fb7d2f3e/886447355534.jpg/100x100bb.jpg,https://is1-ssl.mzstatic.com/image/thumb/Music115/v4/9f/47/11/9f4711a3-4e1d-22cd-b289-df12fb7d2f3e/886447355534.jpg/600x600bb.jpg,77.3,62.4,43.7,Warm Red & Orange,#eec45a
Tyla,Water - Single,2023,1,Pop,https://is1-ssl.mzstatic.com/image/thumb/Music126/v4/1e/c9/5b/1ec95bbc-a56f-cbef-070c-ddec9f4fdd3c/196871296205.jpg/100x100bb.jpg,https://is1-ssl.mzstatic.com/image/thumb/Music126/v4/1e/c9/5b/1ec95bbc-a56f-cbef-070c-ddec9f4fdd3c/196871296205.jpg/600x600bb.jpg,77.9,17.0,40.5,Minimalist White,#d2c2ba
Lauren Spencer Smith,Fingers Crossed - Single,2022,1,Pop,https://is1-ssl.mzstatic.com/image/thumb/Music116/v4/a4/b7/4b/a4b74b28-122e-141f-7b25-846e427c6e9c/22UMGIM14760.rgb.jpg/100x100bb.jpg,https://is1-ssl.mzstatic.com/image/thumb/Music116/v4/a4/b7/4b/a4b74b28-122e-141f-7b25-846e427c6e9c/22UMGIM14760.rgb.jpg/600x600bb.jpg,0.6,0.0,5.2,Dark & Moody,#010101
Taylor Swift,1989 (Taylor's Version) [Deluxe],2023,22,Pop,https://is1-ssl.mzstatic.com/image/thumb/Music116/v4/8e/35/6c/8e356cc2-0be4-b83b-d29e-b578623df2ac/23UM1IM34052.rgb.jpg/100x100bb.jpg,https://is1-ssl.mzstatic.com/image/thumb/Music116/v4/8e/35/6c/8e356cc2-0be4-b83b-d29e-b578623df2ac/23UM1IM34052.rgb.jpg/600x600bb.jpg,63.0,25.3,38.5,Cool Blue,#a0a0a1
Justin Bieber,Changes,2020,17,Pop,https://is1-ssl.mzstatic.com/image/thumb/Music115/v4/d2/21/4e/d2214ea9-97ff-46ef-ac45-7fca6fb73839/20UMGIM03126.rgb.jpg/100x100bb.jpg,https://is1-ssl.mzstatic.com/image/thumb/Music115/v4/d2/21/4e/d2214ea9-97ff-46ef-ac45-7fca6fb73839/20UMGIM03126.rgb.jpg/600x600bb.jpg,41.8,75.8,22.4,Warm Red & Orange,#d33f32
Shawn Mendes,If I Can't Have You - Single,2019,1,Pop,https://is1-ssl.mzstatic.com/image/thumb/Music125/v4/41/21/8b/41218bcb-7f2f-031f-482a-1ce03757a4ab/19UMGIM38577.rgb.jpg/100x100bb.jpg,https://is1-ssl.mzstatic.com/image/thumb/Music125/v4/41/21/8b/41218bcb-7f2f-031f-482a-1ce03757a4ab/19UMGIM38577.rgb.jpg/600x600bb.jpg,85.3,15.9,32.6,Minimalist White,#eed1cc
Demi Lovato,Sober - Single,2018,1,Pop,https://is1-ssl.mzstatic.com/image/thumb/Music115/v4/28/b8/8b/28b88bb0-1fdb-be76-4dff-52e09f3ff4a1/18UMGIM34167.rgb.jpg/100x100bb.jpg,https://is1-ssl.mzstatic.com/image/thumb/Music115/v4/28/b8/8b/28b88bb0-1fdb-be76-4dff-52e09f3ff4a1/18UMGIM34167.rgb.jpg/600x600bb.jpg,21.2,30.8,39.8,Dark & Moody,#413229
Major Lazer,Cold Water (feat. Justin Bieber & MØ) [Don Omar Remix] - Single,2016,1,Pop,https://is1-ssl.mzstatic.com/image/thumb/Music114/v4/54/b8/d4/54b8d4d1-4280-58b9-6629-fdd57232a4b3/00602557247060.rgb.jpg/100x100bb.jpg,https://is1-ssl.mzstatic.com/image/thumb/Music114/v4/54/b8/d4/54b8d4d1-4280-58b9-6629-fdd57232a4b3/00602557247060.rgb.jpg/600x600bb.jpg,9.2,53.1,27.6,Dark & Moody,#0d1730
Niall Horan,Slow Hands - Single,2017,1,Pop,https://is1-ssl.mzstatic.com/image/thumb/Music114/v4/08/10/95/08109549-84e9-cbf5-db6e-cc5a67240845/17UMGIM94431.rgb.jpg/100x100bb.jpg,https://is1-ssl.mzstatic.com/image/thumb/Music114/v4/08/10/95/08109549-84e9-cbf5-db6e-cc5a67240845/17UMGIM94431.rgb.jpg/600x600bb.jpg,56.7,33.3,53.1,Warm Red & Orange,#a48c73
Sam Smith,In the Lonely Hour,2014,10,Pop,https://is1-ssl.mzstatic.com/image/thumb/Music115/v4/80/74/b6/8074b6bc-387f-6cc9-5ede-92b76396ad5f/13UAEIM58958.rgb.jpg/100x100bb.jpg,https://is1-ssl.mzstatic.com/image/thumb/Music115/v4/80/74/b6/8074b6bc-387f-6cc9-5ede-92b76396ad5f/13UAEIM58958.rgb.jpg/600x600bb.jpg,32.9,8.2,50.7,Monochrome / Gray,#565350
Beyoncé,Dangerously in Love,2003,15,Pop,https://is1-ssl.mzstatic.com/image/thumb/Music/03/c5/d4/mzi.ldvrmhxt.jpg/100x100bb.jpg,https://is1-ssl.mzstatic.com/image/thumb/Music/03/c5/d4/mzi.ldvrmhxt.jpg/600x600bb.jpg,48.7,26.2,45.4,Pink & Magenta,#81797b
Tiësto,The Business - Single,2020,1,Pop,https://is1-ssl.mzstatic.com/image/thumb/Music115/v4/cf/81/b8/cf81b800-bc37-cb1e-008e-a1211ce21d19/075679803429.jpg/100x100bb.jpg,https://is1-ssl.mzstatic.com/image/thumb/Music115/v4/cf/81/b8/cf81b800-bc37-cb1e-008e-a1211ce21d19/075679803429.jpg/600x600bb.jpg,14.2,25.3,38.9,Dark & Moody,#1f271f
Ed Sheeran,Bad Habits - Single,2021,1,Pop,https://is1-ssl.mzstatic.com/image/thumb/Music115/v4/63/45/cc/6345cc98-aa83-ad6e-e3c9-1a36ff9838a4/190296614316.jpg/100x100bb.jpg,https://is1-ssl.mzstatic.com/image/thumb/Music115/v4/63/45/cc/6345cc98-aa83-ad6e-e3c9-1a36ff9838a4/190296614316.jpg/600x600bb.jpg,29.3,83.7,31.6,Pink & Magenta,#b01d26
Lil Nas X,MONTERO (Call Me By Your Name) - Single,2021,1,Pop,https://is1-ssl.mzstatic.com/image/thumb/Music125/v4/8d/ef/37/8def37cf-f641-1bba-f312-61a9b8d19fbf/886449068029.jpg/100x100bb.jpg,https://is1-ssl.mzstatic.com/image/thumb/Music125/v4/8d/ef/37/8def37cf-f641-1bba-f312-61a9b8d19fbf/886449068029.jpg/600x600bb.jpg,68.6,13.0,40.8,Monochrome / Gray,#adaeb2
"NEIKED, Mae Muller & Polo G",Better Days - Single,2021,1,Pop,https://is1-ssl.mzstatic.com/image/thumb/Music125/v4/89/4c/4d/894c4d0d-886e-ee58-02a7-4ff4cd4a2fbf/21UM1IM07372.rgb.jpg/100x100bb.jpg,https://is1-ssl.mzstatic.com/image/thumb/Music125/v4/89/4c/4d/894c4d0d-886e-ee58-02a7-4ff4cd4a2fbf/21UM1IM07372.rgb.jpg/600x600bb.jpg,52.2,59.7,61.6,Warm Red & Orange,#ad7b4a
Bruno Mars,Doo-Wops & Hooligans,2010,10,Pop,https://is1-ssl.mzstatic.com/image/thumb/Music114/v4/52/b1/45/52b1452b-229e-78db-231b-7b43fa0077cc/075679956491.jpg/100x100bb.jpg,https://is1-ssl.mzstatic.com/image/thumb/Music114/v4/52/b1/45/52b1452b-229e-78db-231b-7b43fa0077cc/075679956491.jpg/600x600bb.jpg,85.2,47.3,24.0,Warm Red & Orange,#f7da83
Michael Jackson,The Essential Michael Jackson,2005,38,Pop,https://is1-ssl.mzstatic.com/image/thumb/Music125/v4/3d/9d/38/3d9d3811-71f0-3a0e-1ada-3004e56ff852/827969428726.jpg/100x100bb.jpg,https://is1-ssl.mzstatic.com/image/thumb/Music125/v4/3d/9d/38/3d9d3811-71f0-3a0e-1ada-3004e56ff852/827969428726.jpg/600x600bb.jpg,42.1,6.2,52.0,Monochrome / Gray,#6d6a6a
Taylor Swift,1989 (Taylor's Version),2023,21,Pop,https://is1-ssl.mzstatic.com/image/thumb/Music211/v4/11/a6/80/11a680e6-2e48-08fa-5e87-3f18e838d31f/23UM1IM11868.rgb.jpg/100x100bb.jpg,https://is1-ssl.mzstatic.com/image/thumb/Music211/v4/11/a6/80/11a680e6-2e48-08fa-5e87-3f18e838d31f/23UM1IM11868.rgb.jpg/600x600bb.jpg,63.4,24.4,38.0,Cool Blue,#a1a1a2
Bruno Mars,The Romantic,2026,9,Pop,https://is1-ssl.mzstatic.com/image/thumb/Music211/v4/ed/46/bf/ed46bf4e-7cb9-965a-54f3-03059977fe6c/075679589293.jpg/100x100bb.jpg,https://is1-ssl.mzstatic.com/image/thumb/Music211/v4/ed/46/bf/ed46bf4e-7cb9-965a-54f3-03059977fe6c/075679589293.jpg/600x600bb.jpg,78.5,0.0,58.0,Minimalist White,#c8c8c8
Labrinth,Jealous - Single,2014,1,Pop,https://is1-ssl.mzstatic.com/image/thumb/Music125/v4/61/8d/66/618d66e6-c256-ef8f-d068-ead507f47609/886444898225.jpg/100x100bb.jpg,https://is1-ssl.mzstatic.com/image/thumb/Music125/v4/61/8d/66/618d66e6-c256-ef8f-d068-ead507f47609/886444898225.jpg/600x600bb.jpg,37.9,31.8,69.3,Warm Red & Orange,#636152
Hailee Steinfeld & Grey,Starving (feat. Zedd) - Single,2016,1,Pop,https://is1-ssl.mzstatic.com/image/thumb/Music124/v4/15/16/a7/1516a71c-4d85-57c8-41ea-e937867bbc15/16UMGIM56252.rgb.jpg/100x100bb.jpg,https://is1-ssl.mzstatic.com/image/thumb/Music124/v4/15/16/a7/1516a71c-4d85-57c8-41ea-e937867bbc15/16UMGIM56252.rgb.jpg/600x600bb.jpg,13.5,52.7,44.2,Dark & Moody,#2c1c25
Maluma & The Weeknd,Hawái (Remix) - Single,2020,1,Pop,https://is1-ssl.mzstatic.com/image/thumb/Music115/v4/9c/3c/e1/9c3ce198-2af9-fb1c-3968-905decc0a8d2/886448874324.jpg/100x100bb.jpg,https://is1-ssl.mzstatic.com/image/thumb/Music115/v4/9c/3c/e1/9c3ce198-2af9-fb1c-3968-905decc0a8d2/886448874324.jpg/600x600bb.jpg,45.3,34.0,85.1,Cool Blue,#67787b
Michael Jackson,Off the Wall,1979,10,Pop,https://is1-ssl.mzstatic.com/image/thumb/Music221/v4/0c/fe/a3/0cfea324-57c1-d530-5248-9bb591bbd7bf/074643574525.jpg/100x100bb.jpg,https://is1-ssl.mzstatic.com/image/thumb/Music221/v4/0c/fe/a3/0cfea324-57c1-d530-5248-9bb591bbd7bf/074643574525.jpg/600x600bb.jpg,44.9,28.4,54.0,Warm Red & Orange,#7e6f62
Various Artists,Barbie The Album,2023,17,Pop,https://is1-ssl.mzstatic.com/image/thumb/Music116/v4/c0/54/97/c05497aa-c19f-bf4f-de29-71edf30fbefb/075679688767.jpg/100x100bb.jpg,https://is1-ssl.mzstatic.com/image/thumb/Music116/v4/c0/54/97/c05497aa-c19f-bf4f-de29-71edf30fbefb/075679688767.jpg/600x600bb.jpg,41.6,83.1,16.6,Pink & Magenta,#e2297e
Niall Horan,This Town - Single,2016,1,Pop,https://is1-ssl.mzstatic.com/image/thumb/Music125/v4/59/a6/2c/59a62cc3-a587-94c2-6622-2c8ed6d891dc/16UMGIM68281.rgb.jpg/100x100bb.jpg,https://is1-ssl.mzstatic.com/image/thumb/Music125/v4/59/a6/2c/59a62cc3-a587-94c2-6622-2c8ed6d891dc/16UMGIM68281.rgb.jpg/600x600bb.jpg,74.2,11.1,35.1,Monochrome / Gray,#c2bdac
Miley Cyrus,Party In the U.S.A. - Single,2009,1,Pop,https://is1-ssl.mzstatic.com/image/thumb/Music211/v4/1f/29/3e/1f293e38-987a-9a77-d004-c866acebdac1/09BVMIM00838.rgb.jpg/100x100bb.jpg,https://is1-ssl.mzstatic.com/image/thumb/Music211/v4/1f/29/3e/1f293e38-987a-9a77-d004-c866acebdac1/09BVMIM00838.rgb.jpg/600x600bb.jpg,52.2,27.4,51.1,Pink & Magenta,#977b83
Lauryn Hill,The Miseducation of Lauryn Hill,1998,16,Pop,https://is1-ssl.mzstatic.com/image/thumb/Music125/v4/09/6b/55/096b55c4-ee8f-23bd-df8f-0ca0821f3028/886446727189.jpg/100x100bb.jpg,https://is1-ssl.mzstatic.com/image/thumb/Music125/v4/09/6b/55/096b55c4-ee8f-23bd-df8f-0ca0821f3028/886446727189.jpg/600x600bb.jpg,52.8,50.7,45.6,Warm Red & Orange,#b2785b
Artemas,i like the way you kiss me - Single,2024,1,Pop,https://is1-ssl.mzstatic.com/image/thumb/Music221/v4/b6/1e/ac/b61eaceb-b493-0909-abfe-0930b7e53d9f/810129998306.jpg/100x100bb.jpg,https://is1-ssl.mzstatic.com/image/thumb/Music221/v4/b6/1e/ac/b61eaceb-b493-0909-abfe-0930b7e53d9f/810129998306.jpg/600x600bb.jpg,30.8,62.5,36.9,Warm Red & Orange,#5f4a33
Ritt Momney,Put Your Records On - Single,2020,1,Pop,https://is1-ssl.mzstatic.com/image/thumb/Music125/v4/02/14/b9/0214b9ad-fae6-54f5-27b5-a05b60cfd50f/886448780458.jpg/100x100bb.jpg,https://is1-ssl.mzstatic.com/image/thumb/Music125/v4/02/14/b9/0214b9ad-fae6-54f5-27b5-a05b60cfd50f/886448780458.jpg/600x600bb.jpg,27.1,40.9,37.6,Green,#46463a
Rihanna,Good Girl Gone Bad: Reloaded,2007,17,Pop,https://is1-ssl.mzstatic.com/image/thumb/Music126/v4/2b/c0/81/2bc081c8-25f0-ba43-d451-587a54613778/16UMGIM59202.rgb.jpg/100x100bb.jpg,https://is1-ssl.mzstatic.com/image/thumb/Music126/v4/2b/c0/81/2bc081c8-25f0-ba43-d451-587a54613778/16UMGIM59202.rgb.jpg/600x600bb.jpg,43.0,24.9,50.6,Cool Blue,#5c7476
Taylor Swift,You're Losing Me (From The Vault) - Single,2023,1,Pop,https://is1-ssl.mzstatic.com/image/thumb/Music126/v4/d8/a2/e6/d8a2e6ad-e7e3-b28c-38b4-e699bb2921ae/23UM1IM57610.rgb.jpg/100x100bb.jpg,https://is1-ssl.mzstatic.com/image/thumb/Music126/v4/d8/a2/e6/d8a2e6ad-e7e3-b28c-38b4-e699bb2921ae/23UM1IM57610.rgb.jpg/600x600bb.jpg,23.0,53.7,39.1,Dark & Moody,#43353e
Olivia Rodrigo,SOUR,2021,11,Pop,https://is1-ssl.mzstatic.com/image/thumb/Music115/v4/02/ed/8c/02ed8cab-c089-2fdd-7ce6-ab334a9a4e19/21UMGIM26093.rgb.jpg/100x100bb.jpg,https://is1-ssl.mzstatic.com/image/thumb/Music115/v4/02/ed/8c/02ed8cab-c089-2fdd-7ce6-ab334a9a4e19/21UMGIM26093.rgb.jpg/600x600bb.jpg,52.6,30.7,37.9,Cool Blue,#897da7
Rihanna and Kanye West and Paul McCartney,FourFiveSeconds - Single,2015,1,Pop,https://is1-ssl.mzstatic.com/image/thumb/Music125/v4/b1/f2/24/b1f224ad-40fb-ae22-b632-de330c70b540/00602547235398.rgb.jpg/100x100bb.jpg,https://is1-ssl.mzstatic.com/image/thumb/Music125/v4/b1/f2/24/b1f224ad-40fb-ae22-b632-de330c70b540/00602547235398.rgb.jpg/600x600bb.jpg,38.1,0.0,72.7,Monochrome / Gray,#616161
Charlie Puth,Voicenotes,2018,13,Pop,https://is1-ssl.mzstatic.com/image/thumb/Music125/v4/a8/e2/1b/a8e21b3b-9c8d-2974-2318-6bcd4c9d2370/075679884336.jpg/100x100bb.jpg,https://is1-ssl.mzstatic.com/image/thumb/Music125/v4/a8/e2/1b/a8e21b3b-9c8d-2974-2318-6bcd4c9d2370/075679884336.jpg/600x600bb.jpg,15.7,41.0,28.0,Dark & Moody,#38211f
Kygo & Whitney Houston,Higher Love - Single,2019,1,Pop,https://is1-ssl.mzstatic.com/image/thumb/Music125/v4/b0/ba/7c/b0ba7c36-f16d-5036-311a-610720a7e697/886447806180.jpg/100x100bb.jpg,https://is1-ssl.mzstatic.com/image/thumb/Music125/v4/b0/ba/7c/b0ba7c36-f16d-5036-311a-610720a7e697/886447806180.jpg/600x600bb.jpg,10.8,8.9,52.1,Dark & Moody,#1b1b1b
Lady Gaga,The Cure - Single,2017,1,Pop,https://is1-ssl.mzstatic.com/image/thumb/Music125/v4/c4/f1/86/c4f186ea-1742-5e73-64c7-9179fc4b8566/00602557652536.rgb.jpg/100x100bb.jpg,https://is1-ssl.mzstatic.com/image/thumb/Music125/v4/c4/f1/86/c4f186ea-1742-5e73-64c7-9179fc4b8566/00602557652536.rgb.jpg/600x600bb.jpg,60.9,18.7,73.8,Cool Blue,#929ea0
Lady Gaga,Chromatica,2020,17,Pop,https://is1-ssl.mzstatic.com/image/thumb/Music115/v4/5d/4d/f9/5d4df96a-e95e-2fe9-404a-5d570513762d/20UMGIM15390.rgb.jpg/100x100bb.jpg,https://is1-ssl.mzstatic.com/image/thumb/Music115/v4/5d/4d/f9/5d4df96a-e95e-2fe9-404a-5d570513762d/20UMGIM15390.rgb.jpg/600x600bb.jpg,22.8,28.0,32.6,Dark & Moody,#483238
Alec Benjamin,Narrated for You,2018,12,Pop,https://is1-ssl.mzstatic.com/image/thumb/Music125/v4/18/12/90/181290f5-737e-ac92-201f-d2f65c973f60/075679859518.jpg/100x100bb.jpg,https://is1-ssl.mzstatic.com/image/thumb/Music125/v4/18/12/90/181290f5-737e-ac92-201f-d2f65c973f60/075679859518.jpg/600x600bb.jpg,54.8,34.2,52.0,Warm Red & Orange,#a48375
Dennis Lloyd,Nevermind - Single,2017,1,Pop,https://is1-ssl.mzstatic.com/image/thumb/Music115/v4/19/7a/58/197a5870-618b-446f-a193-ca4a84502adc/190295781163.jpg/100x100bb.jpg,https://is1-ssl.mzstatic.com/image/thumb/Music115/v4/19/7a/58/197a5870-618b-446f-a193-ca4a84502adc/190295781163.jpg/600x600bb.jpg,53.9,23.8,45.5,Cool Blue,#8685a2
Demi Lovato,Tell Me You Love Me (Deluxe),2017,15,Pop,https://is1-ssl.mzstatic.com/image/thumb/Music125/v4/6d/f0/8e/6df08eae-1bdd-ebb3-3755-3f5a65dee38d/17UM1IM22213.rgb.jpg/100x100bb.jpg,https://is1-ssl.mzstatic.com/image/thumb/Music125/v4/6d/f0/8e/6df08eae-1bdd-ebb3-3755-3f5a65dee38d/17UM1IM22213.rgb.jpg/600x600bb.jpg,29.9,0.0,79.4,Monochrome / Gray,#4c4c4c
LAUV & Troye Sivan,i'm so Tired... - Single,2019,1,Pop,https://is1-ssl.mzstatic.com/image/thumb/Music115/v4/f1/ed/ba/f1edba90-e315-c320-2ca1-530a7c74b941/5056167111702_1.jpg/100x100bb.jpg,https://is1-ssl.mzstatic.com/image/thumb/Music115/v4/f1/ed/ba/f1edba90-e315-c320-2ca1-530a7c74b941/5056167111702_1.jpg/600x600bb.jpg,18.7,13.6,43.5,Dark & Moody,#2e302b
Justin Bieber,My World 2.0 (Bonus Track Version),2010,13,Pop,https://is1-ssl.mzstatic.com/image/thumb/Music116/v4/b9/0a/b4/b90ab45a-07b1-0bcc-331c-c496a21d07e4/10UMGIM01134.rgb.jpg/100x100bb.jpg,https://is1-ssl.mzstatic.com/image/thumb/Music116/v4/b9/0a/b4/b90ab45a-07b1-0bcc-331c-c496a21d07e4/10UMGIM01134.rgb.jpg/600x600bb.jpg,41.0,2.2,62.6,Monochrome / Gray,#686869
Danny Ocean,Me Rehúso - Single,2016,1,Latin,https://is1-ssl.mzstatic.com/image/thumb/Music115/v4/38/8c/26/388c26af-a2d3-bb9c-391d-bf02e3b2319c/190296949630.jpg/100x100bb.jpg,https://is1-ssl.mzstatic.com/image/thumb/Music115/v4/38/8c/26/388c26af-a2d3-bb9c-391d-bf02e3b2319c/190296949630.jpg/600x600bb.jpg,30.9,69.7,31.4,Cool Blue,#325672
Cheat Codes,No Promises (feat. Demi Lovato) - Single,2017,1,Pop,https://is1-ssl.mzstatic.com/image/thumb/Music115/v4/f4/5c/d2/f45cd21d-98b4-12f5-9f8d-a3a64bd56107/814908023050.jpg/100x100bb.jpg,https://is1-ssl.mzstatic.com/image/thumb/Music115/v4/f4/5c/d2/f45cd21d-98b4-12f5-9f8d-a3a64bd56107/814908023050.jpg/600x600bb.jpg,90.4,3.1,28.1,Minimalist White,#e6e6e6
Justin Bieber & BloodPop®,Friends - Single,2017,1,Pop,https://is1-ssl.mzstatic.com/image/thumb/Music115/v4/49/f1/41/49f1418f-c8de-d7c2-902f-643bb25ea295/17UM1IM21055.rgb.jpg/100x100bb.jpg,https://is1-ssl.mzstatic.com/image/thumb/Music115/v4/49/f1/41/49f1418f-c8de-d7c2-902f-643bb25ea295/17UM1IM21055.rgb.jpg/600x600bb.jpg,29.6,20.6,65.6,Warm Red & Orange,#4e4d3a
PinkPantheress,Pain - Single,2021,1,Pop,https://is1-ssl.mzstatic.com/image/thumb/Music125/v4/d4/a0/88/d4a08817-fb26-3b28-71ed-0e8ff8d52f33/190296648670.jpg/100x100bb.jpg,https://is1-ssl.mzstatic.com/image/thumb/Music125/v4/d4/a0/88/d4a08817-fb26-3b28-71ed-0e8ff8d52f33/190296648670.jpg/600x600bb.jpg,15.3,95.7,40.0,Dark & Moody,#032f58
Bazzi,Beautiful World - Single,2023,1,Pop,https://is1-ssl.mzstatic.com/image/thumb/Music221/v4/d2/60/7c/d2607c90-e150-d309-21d3-8b8749342e51/810134793385.png/100x100bb.jpg,https://is1-ssl.mzstatic.com/image/thumb/Music221/v4/d2/60/7c/d2607c90-e150-d309-21d3-8b8749342e51/810134793385.png/600x600bb.jpg,51.0,11.5,30.6,Monochrome / Gray,#868178
Madonna,Music,2000,10,Pop,https://is1-ssl.mzstatic.com/image/thumb/Music123/v4/1c/46/da/1c46da55-6dff-2c58-837e-bdd419ff9ca8/093624759829.jpg/100x100bb.jpg,https://is1-ssl.mzstatic.com/image/thumb/Music123/v4/1c/46/da/1c46da55-6dff-2c58-837e-bdd419ff9ca8/093624759829.jpg/600x600bb.jpg,30.9,45.2,63.8,Cool Blue,#45505c
Sia,Music - Songs From and Inspired By the Motion Picture,2021,14,Pop,https://is1-ssl.mzstatic.com/image/thumb/Music115/v4/da/e1/f7/dae1f733-bf08-782e-13d8-da1a0276f253/075679797780.jpg/100x100bb.jpg,https://is1-ssl.mzstatic.com/image/thumb/Music115/v4/da/e1/f7/dae1f733-bf08-782e-13d8-da1a0276f253/075679797780.jpg/600x600bb.jpg,73.8,70.7,22.7,Warm Red & Orange,#f2b745
Nancy Kwai,Huh?,2026,7,Pop,https://is1-ssl.mzstatic.com/image/thumb/Music211/v4/71/6d/8b/716d8b33-7a09-1aa3-fc03-7ec7bccd3c8e/1200214895099.jpg/100x100bb.jpg,https://is1-ssl.mzstatic.com/image/thumb/Music211/v4/71/6d/8b/716d8b33-7a09-1aa3-fc03-7ec7bccd3c8e/1200214895099.jpg/600x600bb.jpg,51.4,32.6,52.8,Warm Red & Orange,#a0786d
KATSEYE,WILD - EP,2026,5,Pop,https://is1-ssl.mzstatic.com/image/thumb/Music221/v4/bb/1c/b7/bb1cb743-9350-8cef-6aff-485561c1cd9c/26UMGIM41151.rgb.jpg/100x100bb.jpg,https://is1-ssl.mzstatic.com/image/thumb/Music221/v4/bb/1c/b7/bb1cb743-9350-8cef-6aff-485561c1cd9c/26UMGIM41151.rgb.jpg/600x600bb.jpg,64.1,19.4,52.6,Pink & Magenta,#b899a2
KISS OF LIFE,SWEAT -JAPANESE EP- - EP,2026,6,Pop,https://is1-ssl.mzstatic.com/image/thumb/Music221/v4/b8/5a/c3/b85ac3fb-fa06-58b1-1b3b-c57df74b0ef5/COCP-42741.jpg/100x100bb.jpg,https://is1-ssl.mzstatic.com/image/thumb/Music221/v4/b8/5a/c3/b85ac3fb-fa06-58b1-1b3b-c57df74b0ef5/COCP-42741.jpg/600x600bb.jpg,39.8,59.7,52.1,Warm Red & Orange,#8f583a
Keane,Somewhere Only We Know (Sprint Music Series) - Single,2006,1,Pop,https://is1-ssl.mzstatic.com/image/thumb/Music211/v4/89/38/80/89388000-95be-2215-3b16-316838fede6c/06UMGIM24393.rgb.jpg/100x100bb.jpg,https://is1-ssl.mzstatic.com/image/thumb/Music211/v4/89/38/80/89388000-95be-2215-3b16-316838fede6c/06UMGIM24393.rgb.jpg/600x600bb.jpg,47.4,42.9,86.0,Cool Blue,#667e8b
Chappell Roan,"Good Luck, Babe! - Single",2024,1,Pop,https://is1-ssl.mzstatic.com/image/thumb/Music221/v4/29/a7/c4/29a7c478-351d-25eb-a116-3e68118cdab8/24UMGIM31246.rgb.jpg/100x100bb.jpg,https://is1-ssl.mzstatic.com/image/thumb/Music221/v4/29/a7/c4/29a7c478-351d-25eb-a116-3e68118cdab8/24UMGIM31246.rgb.jpg/600x600bb.jpg,55.0,34.2,63.6,Warm Red & Orange,#a68376
Ariana Grande,7 rings (Remix) [feat. 2 Chainz] - Single,2019,1,Pop,https://is1-ssl.mzstatic.com/image/thumb/Music124/v4/ba/27/c8/ba27c847-f282-babf-79ca-842959b10764/00602577496325.rgb.jpg/100x100bb.jpg,https://is1-ssl.mzstatic.com/image/thumb/Music124/v4/ba/27/c8/ba27c847-f282-babf-79ca-842959b10764/00602577496325.rgb.jpg/600x600bb.jpg,75.1,37.0,13.2,Pink & Magenta,#f59be9
Ariana Grande & Justin Bieber,Stuck with U - Single,2020,1,Pop,https://is1-ssl.mzstatic.com/image/thumb/Music115/v4/56/ee/ec/56eeecfb-a5f3-ced0-fa69-4eda0e474aec/20UMGIM34924.rgb.jpg/100x100bb.jpg,https://is1-ssl.mzstatic.com/image/thumb/Music115/v4/56/ee/ec/56eeecfb-a5f3-ced0-fa69-4eda0e474aec/20UMGIM34924.rgb.jpg/600x600bb.jpg,69.6,4.0,32.8,Monochrome / Gray,#b4b0ad
Liam Payne,Strip That Down (feat. Quavo) - Single,2017,1,Pop,https://is1-ssl.mzstatic.com/image/thumb/Music115/v4/a6/c6/e5/a6c6e579-2103-bdfe-b59c-6b4838c000cb/17UMGIM89908.rgb.jpg/100x100bb.jpg,https://is1-ssl.mzstatic.com/image/thumb/Music115/v4/a6/c6/e5/a6c6e579-2103-bdfe-b59c-6b4838c000cb/17UMGIM89908.rgb.jpg/600x600bb.jpg,40.3,18.9,51.3,Pink & Magenta,#706165
Y.K. Music,Навчусь літати - Single,2026,1,Pop,https://is1-ssl.mzstatic.com/image/thumb/Music211/v4/83/78/7b/83787b66-59b7-f8c6-8ed1-f43741e1cc8b/859746128604_cover.jpg/100x100bb.jpg,https://is1-ssl.mzstatic.com/image/thumb/Music211/v4/83/78/7b/83787b66-59b7-f8c6-8ed1-f43741e1cc8b/859746128604_cover.jpg/600x600bb.jpg,31.5,61.2,44.0,Warm Red & Orange,#74442d
Lady Gaga & Bruno Mars,Die With A Smile - Single,2024,1,Pop,https://is1-ssl.mzstatic.com/image/thumb/Music221/v4/11/ae/f2/11aef294-f57c-bab9-c9fc-529162984e62/24UMGIM85348.rgb.jpg/100x100bb.jpg,https://is1-ssl.mzstatic.com/image/thumb/Music221/v4/11/ae/f2/11aef294-f57c-bab9-c9fc-529162984e62/24UMGIM85348.rgb.jpg/600x600bb.jpg,26.7,76.3,35.0,Cool Blue,#2b4a63
Marshmello & Jonas Brothers,Leave Before You Love Me - Single,2021,1,Pop,https://is1-ssl.mzstatic.com/image/thumb/Music115/v4/6d/b0/25/6db0252f-6491-1cce-7863-02d7d4c37b91/21UMGIM44955.rgb.jpg/100x100bb.jpg,https://is1-ssl.mzstatic.com/image/thumb/Music115/v4/6d/b0/25/6db0252f-6491-1cce-7863-02d7d4c37b91/21UMGIM44955.rgb.jpg/600x600bb.jpg,74.3,13.8,69.6,Monochrome / Gray,#c1bdb2
Paul Russell,Lil Boo Thang - Single,2023,1,Pop,https://is1-ssl.mzstatic.com/image/thumb/Music211/v4/1b/62/5a/1b625a39-0169-e65b-3c48-4428056b5331/196871378383.jpg/100x100bb.jpg,https://is1-ssl.mzstatic.com/image/thumb/Music211/v4/1b/62/5a/1b625a39-0169-e65b-3c48-4428056b5331/196871378383.jpg/600x600bb.jpg,65.9,24.1,57.0,Warm Red & Orange,#b1a88c
Elley Duhé,MIDDLE OF THE NIGHT - Single,2020,1,Pop,https://is1-ssl.mzstatic.com/image/thumb/Music114/v4/64/03/cb/6403cb43-d892-4663-d759-5093b5ed610c/886448203087.jpg/100x100bb.jpg,https://is1-ssl.mzstatic.com/image/thumb/Music114/v4/64/03/cb/6403cb43-d892-4663-d759-5093b5ed610c/886448203087.jpg/600x600bb.jpg,18.9,29.3,28.8,Dark & Moody,#2f3228
Justin Bieber,Believe (Deluxe Edition),2012,18,Pop,https://is1-ssl.mzstatic.com/image/thumb/Music126/v4/73/08/1a/73081a96-0f7c-b5f8-2757-5c17fb714323/12UMGIM31899.rgb.jpg/100x100bb.jpg,https://is1-ssl.mzstatic.com/image/thumb/Music126/v4/73/08/1a/73081a96-0f7c-b5f8-2757-5c17fb714323/12UMGIM31899.rgb.jpg/600x600bb.jpg,33.2,49.0,69.3,Warm Red & Orange,#694e3c
NOTD,I Wanna Know (feat. Bea Miller) - Single,2018,1,Pop,https://is1-ssl.mzstatic.com/image/thumb/Music124/v4/27/d2/ba/27d2ba0f-fc5c-ae94-ee80-5209f3eab444/00602567497431.rgb.jpg/100x100bb.jpg,https://is1-ssl.mzstatic.com/image/thumb/Music124/v4/27/d2/ba/27d2ba0f-fc5c-ae94-ee80-5209f3eab444/00602567497431.rgb.jpg/600x600bb.jpg,9.6,62.8,45.0,Dark & Moody,#1f1515
Normani,Motivation - Single,2019,1,Pop,https://is1-ssl.mzstatic.com/image/thumb/Music125/v4/d9/37/9b/d9379b33-f327-2b7c-73ef-1ca83123447a/886447837177.jpg/100x100bb.jpg,https://is1-ssl.mzstatic.com/image/thumb/Music125/v4/d9/37/9b/d9379b33-f327-2b7c-73ef-1ca83123447a/886447837177.jpg/600x600bb.jpg,60.8,36.7,49.9,Pink & Magenta,#ca8492
Sia,Cheap Thrills (feat. Sean Paul) - Single,2016,1,Pop,https://is1-ssl.mzstatic.com/image/thumb/Music115/v4/1f/60/44/1f604422-0062-b3c6-7e52-867f496619e8/886445739930.jpg/100x100bb.jpg,https://is1-ssl.mzstatic.com/image/thumb/Music115/v4/1f/60/44/1f604422-0062-b3c6-7e52-867f496619e8/886445739930.jpg/600x600bb.jpg,38.4,13.3,45.5,Monochrome / Gray,#695e60
Iyaz,Replay - Single,2009,1,Pop,https://is1-ssl.mzstatic.com/image/thumb/Music/c0/13/1b/mzi.nnistjgw.jpg/100x100bb.jpg,https://is1-ssl.mzstatic.com/image/thumb/Music/c0/13/1b/mzi.nnistjgw.jpg/600x600bb.jpg,38.4,41.2,68.4,Green,#5c665a
Camila Cabello,Camila,2018,11,Pop,https://is1-ssl.mzstatic.com/image/thumb/Music125/v4/85/28/70/85287029-19b9-cbe3-d1ab-300781875bf4/886446870298.jpg/100x100bb.jpg,https://is1-ssl.mzstatic.com/image/thumb/Music125/v4/85/28/70/85287029-19b9-cbe3-d1ab-300781875bf4/886446870298.jpg/600x600bb.jpg,30.5,53.9,53.6,Warm Red & Orange,#654440
Shakira,Chantaje (feat. Maluma) [John-Blake Remix] - Single,2017,1,Latin,https://is1-ssl.mzstatic.com/image/thumb/Music114/v4/5f/ea/0d/5fea0df1-bf3d-6f12-d2b8-022513743ddd/886446320946.jpg/100x100bb.jpg,https://is1-ssl.mzstatic.com/image/thumb/Music114/v4/5f/ea/0d/5fea0df1-bf3d-6f12-d2b8-022513743ddd/886446320946.jpg/600x600bb.jpg,57.7,30.5,47.1,Pink & Magenta,#b18298
Taylor Swift,1989 (Deluxe Edition),2014,19,Pop,https://is1-ssl.mzstatic.com/image/thumb/Music221/v4/a7/98/d8/a798d867-344d-2bf2-fbfe-d2d1412dcef8/14UMDIM03793.rgb.jpg/100x100bb.jpg,https://is1-ssl.mzstatic.com/image/thumb/Music221/v4/a7/98/d8/a798d867-344d-2bf2-fbfe-d2d1412dcef8/14UMDIM03793.rgb.jpg/600x600bb.jpg,68.8,15.0,48.1,Monochrome / Gray,#b8ada0
Benson Boone,Fireworks & Rollerblades,2024,15,Pop,https://is1-ssl.mzstatic.com/image/thumb/Music211/v4/a5/c1/9c/a5c19c62-d641-93b4-2800-e74778569f5f/093624852483.jpg/100x100bb.jpg,https://is1-ssl.mzstatic.com/image/thumb/Music211/v4/a5/c1/9c/a5c19c62-d641-93b4-2800-e74778569f5f/093624852483.jpg/600x600bb.jpg,16.2,39.2,30.7,Dark & Moody,#292927
Katy Perry,One of the Boys,2008,13,Pop,https://is1-ssl.mzstatic.com/image/thumb/Music221/v4/57/dc/18/57dc1854-4483-52b2-fe7c-8a221edf9e88/13UABIM48773.rgb.jpg/100x100bb.jpg,https://is1-ssl.mzstatic.com/image/thumb/Music221/v4/57/dc/18/57dc1854-4483-52b2-fe7c-8a221edf9e88/13UABIM48773.rgb.jpg/600x600bb.jpg,43.8,46.2,53.4,Warm Red & Orange,#826b55
Shakira & Burna Boy,Dai Dai - Single,2026,1,Pop,https://is1-ssl.mzstatic.com/image/thumb/Music221/v4/61/49/8d/61498ded-f0dc-227d-cd1d-2051b5d9f195/196874328590.jpg/100x100bb.jpg,https://is1-ssl.mzstatic.com/image/thumb/Music221/v4/61/49/8d/61498ded-f0dc-227d-cd1d-2051b5d9f195/196874328590.jpg/600x600bb.jpg,84.0,8.9,38.6,Minimalist White,#d5d6d5
Daft Punk,Random Access Memories,2013,14,Pop,https://is1-ssl.mzstatic.com/image/thumb/Music115/v4/e8/43/5f/e8435ffa-b6b9-b171-40ab-4ff3959ab661/886443919266.jpg/100x100bb.jpg,https://is1-ssl.mzstatic.com/image/thumb/Music115/v4/e8/43/5f/e8435ffa-b6b9-b171-40ab-4ff3959ab661/886443919266.jpg/600x600bb.jpg,15.4,33.1,55.7,Dark & Moody,#252829
BTS,MAP OF THE SOUL : PERSONA,2019,7,Pop,https://is1-ssl.mzstatic.com/image/thumb/Music116/v4/40/d4/93/40d493e3-ac9e-1746-8d4c-f380f27c97cb/193483706238_Cover.jpg/100x100bb.jpg,https://is1-ssl.mzstatic.com/image/thumb/Music116/v4/40/d4/93/40d493e3-ac9e-1746-8d4c-f380f27c97cb/193483706238_Cover.jpg/600x600bb.jpg,64.4,52.4,3.3,Pink & Magenta,#fc789d
Ariana Grande,"thank u, next",2019,12,Pop,https://is1-ssl.mzstatic.com/image/thumb/Music115/v4/bb/69/07/bb6907de-8ad4-970b-3311-121320e1bf9c/19UMGIM03691.rgb.jpg/100x100bb.jpg,https://is1-ssl.mzstatic.com/image/thumb/Music115/v4/bb/69/07/bb6907de-8ad4-970b-3311-121320e1bf9c/19UMGIM03691.rgb.jpg/600x600bb.jpg,54.7,13.8,33.2,Monochrome / Gray,#95868b
Ariana Grande,My Everything (Bonus Tracks Edition),2014,15,Pop,https://is1-ssl.mzstatic.com/image/thumb/Music115/v4/a5/39/86/a5398609-ad90-50d3-57ad-0f87a4df5ac4/14UMGIM28138.rgb.jpg/100x100bb.jpg,https://is1-ssl.mzstatic.com/image/thumb/Music115/v4/a5/39/86/a5398609-ad90-50d3-57ad-0f87a4df5ac4/14UMGIM28138.rgb.jpg/600x600bb.jpg,24.0,16.8,56.9,Dark & Moody,#3c3c42
Pharrell Williams,"Double Life (From ""Despicable Me 4"") - Single",2024,1,Pop,https://is1-ssl.mzstatic.com/image/thumb/Music211/v4/97/a2/ab/97a2abed-940c-3524-db0a-f1a43f27b7f6/196872103007.jpg/100x100bb.jpg,https://is1-ssl.mzstatic.com/image/thumb/Music211/v4/97/a2/ab/97a2abed-940c-3524-db0a-f1a43f27b7f6/196872103007.jpg/600x600bb.jpg,44.8,68.3,60.4,Cool Blue,#5c70b6
Ariana Grande,Sweetener,2018,15,Pop,https://is1-ssl.mzstatic.com/image/thumb/Music125/v4/70/53/76/705376dc-d0dc-6945-7fb2-415038e3aafa/18UMGIM36925.rgb.jpg/100x100bb.jpg,https://is1-ssl.mzstatic.com/image/thumb/Music125/v4/70/53/76/705376dc-d0dc-6945-7fb2-415038e3aafa/18UMGIM36925.rgb.jpg/600x600bb.jpg,75.0,31.9,41.1,Warm Red & Orange,#dfb69a
Lady Gaga,Born This Way (Special Edition),2011,23,Pop,https://is1-ssl.mzstatic.com/image/thumb/Music221/v4/42/9f/0f/429f0fd2-30bd-b64e-27fc-76d8fbbd0988/11UMGIM12476.rgb.jpg/100x100bb.jpg,https://is1-ssl.mzstatic.com/image/thumb/Music221/v4/42/9f/0f/429f0fd2-30bd-b64e-27fc-76d8fbbd0988/11UMGIM12476.rgb.jpg/600x600bb.jpg,60.8,4.3,65.1,Monochrome / Gray,#9c9a9b
Whitney Houston,Whitney The Greatest Hits,2000,36,Pop,https://is1-ssl.mzstatic.com/image/thumb/Music211/v4/fa/9e/1b/fa9e1b0a-bae9-692b-5c79-323c57a76828/196873289373.jpg/100x100bb.jpg,https://is1-ssl.mzstatic.com/image/thumb/Music211/v4/fa/9e/1b/fa9e1b0a-bae9-692b-5c79-323c57a76828/196873289373.jpg/600x600bb.jpg,87.7,8.5,31.6,Minimalist White,#dcdfe8
Jawsh 685 x Jason Derulo,Savage Love (Laxed - Siren Beat) - Single,2020,1,Pop,https://is1-ssl.mzstatic.com/image/thumb/Music126/v4/1a/91/0a/1a910a77-abae-e390-5eb1-6965476f667b/886448561804.jpg/100x100bb.jpg,https://is1-ssl.mzstatic.com/image/thumb/Music126/v4/1a/91/0a/1a910a77-abae-e390-5eb1-6965476f667b/886448561804.jpg/600x600bb.jpg,9.9,0.0,31.3,Dark & Moody,#191919
Justin Bieber,Purpose (Deluxe),2015,19,Pop,https://is1-ssl.mzstatic.com/image/thumb/Music116/v4/75/11/84/751184b0-77df-1eff-bb20-dac03247425d/15UMGIM59808.rgb.jpg/100x100bb.jpg,https://is1-ssl.mzstatic.com/image/thumb/Music116/v4/75/11/84/751184b0-77df-1eff-bb20-dac03247425d/15UMGIM59808.rgb.jpg/600x600bb.jpg,29.0,2.5,45.5,Monochrome / Gray,#4a4949
Shawn Mendes,Treat You Better (Ashworth Remix) - Single,2016,1,Pop,https://is1-ssl.mzstatic.com/image/thumb/Music113/v4/92/20/21/92202133-543b-0eeb-60d5-cf28936e7bf9/16UMGIM60597.rgb.jpg/100x100bb.jpg,https://is1-ssl.mzstatic.com/image/thumb/Music113/v4/92/20/21/92202133-543b-0eeb-60d5-cf28936e7bf9/16UMGIM60597.rgb.jpg/600x600bb.jpg,34.8,32.9,29.5,Green,#496153
Maroon 5,V (Deluxe),2014,16,Pop,https://is1-ssl.mzstatic.com/image/thumb/Music122/v4/b7/25/76/b72576f1-072e-3da2-60d5-2724a9bccf4a/14UMGIM31673.rgb.jpg/100x100bb.jpg,https://is1-ssl.mzstatic.com/image/thumb/Music122/v4/b7/25/76/b72576f1-072e-3da2-60d5-2724a9bccf4a/14UMGIM31673.rgb.jpg/600x600bb.jpg,47.0,47.7,27.7,Cool Blue,#7c6e9a
Elton John & Britney Spears,Hold Me Closer - Single,2022,1,Pop,https://is1-ssl.mzstatic.com/image/thumb/Music122/v4/44/79/8d/44798d46-1503-f69a-03a0-050762fd0e8b/22UMGIM92163.rgb.jpg/100x100bb.jpg,https://is1-ssl.mzstatic.com/image/thumb/Music122/v4/44/79/8d/44798d46-1503-f69a-03a0-050762fd0e8b/22UMGIM92163.rgb.jpg/600x600bb.jpg,71.6,12.1,80.1,Monochrome / Gray,#bdb2bb
Jason Derulo,Take You Dancing - Single,2020,1,Pop,https://is1-ssl.mzstatic.com/image/thumb/Music124/v4/f0/4c/bf/f04cbf6a-cee0-04f8-cf03-032b63cc0377/075679808004.jpg/100x100bb.jpg,https://is1-ssl.mzstatic.com/image/thumb/Music124/v4/f0/4c/bf/f04cbf6a-cee0-04f8-cf03-032b63cc0377/075679808004.jpg/600x600bb.jpg,89.2,9.9,46.9,Minimalist White,#eddfdb
Justin Bieber,Purpose,2015,14,Pop,https://is1-ssl.mzstatic.com/image/thumb/Music126/v4/81/a4/dc/81a4dc50-8d7e-6ae5-71d3-f83393348248/15UMGIM59807.rgb.jpg/100x100bb.jpg,https://is1-ssl.mzstatic.com/image/thumb/Music126/v4/81/a4/dc/81a4dc50-8d7e-6ae5-71d3-f83393348248/15UMGIM59807.rgb.jpg/600x600bb.jpg,42.2,2.5,54.1,Monochrome / Gray,#6c6b6a
Maroon 5,What Lovers Do (feat. SZA) - Single,2017,1,Pop,https://is1-ssl.mzstatic.com/image/thumb/Music125/v4/f9/02/e7/f902e79b-3e31-ceca-7a4c-de016c966d0c/17UM1IM23795.rgb.jpg/100x100bb.jpg,https://is1-ssl.mzstatic.com/image/thumb/Music125/v4/f9/02/e7/f902e79b-3e31-ceca-7a4c-de016c966d0c/17UM1IM23795.rgb.jpg/600x600bb.jpg,23.9,60.4,19.3,Dark & Moody,#712724
OneRepublic,Connection - Single,2018,1,Pop,https://is1-ssl.mzstatic.com/image/thumb/Music124/v4/f3/c5/50/f3c5506f-94cb-4b8a-607e-400639fa05be/00602567763048.rgb.jpg/100x100bb.jpg,https://is1-ssl.mzstatic.com/image/thumb/Music124/v4/f3/c5/50/f3c5506f-94cb-4b8a-607e-400639fa05be/00602567763048.rgb.jpg/600x600bb.jpg,40.2,26.7,44.7,Green,#5f6967
Demi Lovato,Confident (Deluxe Edition),2015,15,Pop,https://is1-ssl.mzstatic.com/image/thumb/Music115/v4/ea/08/9e/ea089eb7-9e3c-a442-8656-7cac2da0309f/00050087335120.rgb.jpg/100x100bb.jpg,https://is1-ssl.mzstatic.com/image/thumb/Music115/v4/ea/08/9e/ea089eb7-9e3c-a442-8656-7cac2da0309f/00050087335120.rgb.jpg/600x600bb.jpg,78.3,14.1,82.8,Minimalist White,#d1c4bd
PSY,Gangnam Style - Single,2012,1,Pop,https://is1-ssl.mzstatic.com/image/thumb/Music115/v4/7c/52/87/7c5287bc-818f-55ed-e607-08b052963632/12UMGIM50914.rgb.jpg/100x100bb.jpg,https://is1-ssl.mzstatic.com/image/thumb/Music115/v4/7c/52/87/7c5287bc-818f-55ed-e607-08b052963632/12UMGIM50914.rgb.jpg/600x600bb.jpg,39.3,28.6,55.7,Warm Red & Orange,#6c644d
Britney Spears,Femme Fatale (Deluxe Version),2011,16,Pop,https://is1-ssl.mzstatic.com/image/thumb/Music126/v4/f6/b5/e1/f6b5e110-5ae3-1db4-ae81-e8d59d0e1c92/884977898842.jpg/100x100bb.jpg,https://is1-ssl.mzstatic.com/image/thumb/Music126/v4/f6/b5/e1/f6b5e110-5ae3-1db4-ae81-e8d59d0e1c92/884977898842.jpg/600x600bb.jpg,82.7,19.8,27.1,Minimalist White,#e4cfb8
Sam Fischer,This City (Frank Walker Remix) - Single,2020,1,Pop,https://is1-ssl.mzstatic.com/image/thumb/Music123/v4/6b/57/39/6b573957-8108-1ef6-5f01-5c016a26668f/886448387329.jpg/100x100bb.jpg,https://is1-ssl.mzstatic.com/image/thumb/Music123/v4/6b/57/39/6b573957-8108-1ef6-5f01-5c016a26668f/886448387329.jpg/600x600bb.jpg,54.2,41.9,35.1,Green,#6e9b7b
OneRepublic,Human (Deluxe),2021,16,Pop,https://is1-ssl.mzstatic.com/image/thumb/Music125/v4/9f/5b/8b/9f5b8bcb-8edf-c065-b25d-3872b0d50d92/19UMGIM85967.rgb.jpg/100x100bb.jpg,https://is1-ssl.mzstatic.com/image/thumb/Music125/v4/9f/5b/8b/9f5b8bcb-8edf-c065-b25d-3872b0d50d92/19UMGIM85967.rgb.jpg/600x600bb.jpg,38.3,53.3,29.5,Cool Blue,#595a99
Sean Kingston,Fire Burning - Single,2009,1,Pop,https://is1-ssl.mzstatic.com/image/thumb/Music124/v4/61/80/06/61800675-395a-3110-f1c6-cc1671947d85/mzi.psdpfmfh.jpg/100x100bb.jpg,https://is1-ssl.mzstatic.com/image/thumb/Music124/v4/61/80/06/61800675-395a-3110-f1c6-cc1671947d85/mzi.psdpfmfh.jpg/600x600bb.jpg,26.1,54.6,71.2,Warm Red & Orange,#5d3b23
Little Mix,Get Weird (Deluxe Edition),2015,16,Pop,https://is1-ssl.mzstatic.com/image/thumb/Music125/v4/40/a8/a5/40a8a563-b379-898a-0b27-5ce7a32ae5da/mzm.emyqomfv.jpg/100x100bb.jpg,https://is1-ssl.mzstatic.com/image/thumb/Music125/v4/40/a8/a5/40a8a563-b379-898a-0b27-5ce7a32ae5da/mzm.emyqomfv.jpg/600x600bb.jpg,39.2,32.4,48.4,Warm Red & Orange,#716051
Fifth Harmony,Reflection (Deluxe),2015,14,Pop,https://is1-ssl.mzstatic.com/image/thumb/Music125/v4/98/e0/57/98e0573f-52c5-b8bf-f2cf-6246d055c60d/dj.kmbgqmzy.jpg/100x100bb.jpg,https://is1-ssl.mzstatic.com/image/thumb/Music125/v4/98/e0/57/98e0573f-52c5-b8bf-f2cf-6246d055c60d/dj.kmbgqmzy.jpg/600x600bb.jpg,23.1,42.5,52.8,Dark & Moody,#4b352a
5 Seconds of Summer,5 Seconds of Summer (Bonus Track Version),2014,16,Pop,https://is1-ssl.mzstatic.com/image/thumb/Music115/v4/7f/e2/89/7fe2890c-0aae-6ba0-5390-8e32a23434b7/00602537863204.rgb.jpg/100x100bb.jpg,https://is1-ssl.mzstatic.com/image/thumb/Music115/v4/7f/e2/89/7fe2890c-0aae-6ba0-5390-8e32a23434b7/00602537863204.rgb.jpg/600x600bb.jpg,52.1,14.1,59.8,Monochrome / Gray,#7f868d
Mr. Probz,Waves (Robin Schulz Remix Radio Edit) - Single,2014,1,Pop,https://is1-ssl.mzstatic.com/image/thumb/Music115/v4/2c/dd/0d/2cdd0d9b-0838-d30a-8b74-d401c0a565db/886444416252.png/100x100bb.jpg,https://is1-ssl.mzstatic.com/image/thumb/Music115/v4/2c/dd/0d/2cdd0d9b-0838-d30a-8b74-d401c0a565db/886444416252.png/600x600bb.jpg,35.7,45.1,57.0,Pink & Magenta,#744f54
Carly Rae Jepsen,Cut To The Feeling - Single,2017,1,Pop,https://is1-ssl.mzstatic.com/image/thumb/Music118/v4/06/71/e6/0671e633-5aae-aa0b-9a63-29e6f593d285/00602557656527.rgb.jpg/100x100bb.jpg,https://is1-ssl.mzstatic.com/image/thumb/Music118/v4/06/71/e6/0671e633-5aae-aa0b-9a63-29e6f593d285/00602557656527.rgb.jpg/600x600bb.jpg,75.3,22.5,7.2,Cool Blue,#b2c5c6
*NSYNC,No Strings Attached,2000,12,Pop,https://is1-ssl.mzstatic.com/image/thumb/Music115/v4/36/22/d6/3622d665-873c-57b8-392b-971292e6086f/012414170224.jpg/100x100bb.jpg,https://is1-ssl.mzstatic.com/image/thumb/Music115/v4/36/22/d6/3622d665-873c-57b8-392b-971292e6086f/012414170224.jpg/600x600bb.jpg,46.5,43.1,43.2,Warm Red & Orange,#956e50
Jason Derulo,Talk Dirty,2014,11,Pop,https://is1-ssl.mzstatic.com/image/thumb/Music115/v4/b4/a3/2a/b4a32ac1-52a1-5523-68ee-9847d23e6795/093624938651.jpg/100x100bb.jpg,https://is1-ssl.mzstatic.com/image/thumb/Music115/v4/b4/a3/2a/b4a32ac1-52a1-5523-68ee-9847d23e6795/093624938651.jpg/600x600bb.jpg,38.8,30.9,48.2,Warm Red & Orange,#735c57
Zedd & Jasmine Thompson,Funny - Single,2020,1,Pop,https://is1-ssl.mzstatic.com/image/thumb/Music124/v4/ff/a5/45/ffa5457a-db52-2e0e-fb25-d0e75105ce16/075679812438.jpg/100x100bb.jpg,https://is1-ssl.mzstatic.com/image/thumb/Music124/v4/ff/a5/45/ffa5457a-db52-2e0e-fb25-d0e75105ce16/075679812438.jpg/600x600bb.jpg,82.7,8.6,36.4,Minimalist White,#d9d1ca
Ariana Grande,Into You (3LAU Remix) - Single,2016,1,Pop,https://is1-ssl.mzstatic.com/image/thumb/Music114/v4/59/66/c1/5966c16f-e06b-3e12-3eec-271479609f61/16UMGIM59808.rgb.jpg/100x100bb.jpg,https://is1-ssl.mzstatic.com/image/thumb/Music114/v4/59/66/c1/5966c16f-e06b-3e12-3eec-271479609f61/16UMGIM59808.rgb.jpg/600x600bb.jpg,67.4,0.6,84.0,Monochrome / Gray,#acabab
Dua Lipa,Training Season - Single,2024,1,Pop,https://is1-ssl.mzstatic.com/image/thumb/Music126/v4/82/89/15/828915ea-d716-61c4-3de7-ef00c1f800fb/5054197853630.jpg/100x100bb.jpg,https://is1-ssl.mzstatic.com/image/thumb/Music126/v4/82/89/15/828915ea-d716-61c4-3de7-ef00c1f800fb/5054197853630.jpg/600x600bb.jpg,79.5,8.7,56.5,Minimalist White,#d0c8c4
Selena,Amor Prohibido (Bonus Track Version),1994,12,Latin,https://is1-ssl.mzstatic.com/image/thumb/Music116/v4/a6/1a/40/a61a408a-c4e1-fb7c-849c-fe3281d234e1/15UMGIM04863.rgb.jpg/100x100bb.jpg,https://is1-ssl.mzstatic.com/image/thumb/Music116/v4/a6/1a/40/a61a408a-c4e1-fb7c-849c-fe3281d234e1/15UMGIM04863.rgb.jpg/600x600bb.jpg,56.6,28.1,66.2,Warm Red & Orange,#9d8d7a
Tyla,SHE DID IT AGAIN (feat. Zara Larsson) - Single,2026,1,Pop,https://is1-ssl.mzstatic.com/image/thumb/Music221/v4/94/9f/77/949f77a1-873d-d782-1fc8-b1b61eadd0b8/196874268940.jpg/100x100bb.jpg,https://is1-ssl.mzstatic.com/image/thumb/Music221/v4/94/9f/77/949f77a1-873d-d782-1fc8-b1b61eadd0b8/196874268940.jpg/600x600bb.jpg,48.4,34.1,91.0,Warm Red & Orange,#8a756e
Ally Brooke,Low Key (feat. Tyga) - Single,2019,1,Pop,https://is1-ssl.mzstatic.com/image/thumb/Music124/v4/a4/81/a1/a481a1c3-e5ab-81c6-8442-08f0a95a997f/075679854735.jpg/100x100bb.jpg,https://is1-ssl.mzstatic.com/image/thumb/Music124/v4/a4/81/a1/a481a1c3-e5ab-81c6-8442-08f0a95a997f/075679854735.jpg/600x600bb.jpg,18.8,65.4,54.5,Dark & Moody,#38293b
Bruno Mars,Unorthodox Jukebox,2012,10,Pop,https://is1-ssl.mzstatic.com/image/thumb/Music125/v4/15/63/53/156353b8-d45b-a17d-f553-2d125aeb3cb3/075679957474.jpg/100x100bb.jpg,https://is1-ssl.mzstatic.com/image/thumb/Music125/v4/15/63/53/156353b8-d45b-a17d-f553-2d125aeb3cb3/075679957474.jpg/600x600bb.jpg,61.7,24.9,66.6,Warm Red & Orange,#aa9a88
Studio Killers,Jenny (I Wanna Ruin Our Friendship) - Single,2013,1,Pop,https://is1-ssl.mzstatic.com/image/thumb/Music124/v4/5d/10/31/5d103100-a80a-eb87-05d2-8b92679b3d13/075679794505.jpg/100x100bb.jpg,https://is1-ssl.mzstatic.com/image/thumb/Music124/v4/5d/10/31/5d103100-a80a-eb87-05d2-8b92679b3d13/075679794505.jpg/600x600bb.jpg,59.4,46.4,66.0,Pink & Magenta,#bb8593
Teddy Swims,Mr. Know It All - Single,2026,1,Pop,https://is1-ssl.mzstatic.com/image/thumb/Music221/v4/7e/fb/0b/7efb0b1b-8e34-5bd0-99ee-eafc83b8d5c7/054391217349.jpg/100x100bb.jpg,https://is1-ssl.mzstatic.com/image/thumb/Music221/v4/7e/fb/0b/7efb0b1b-8e34-5bd0-99ee-eafc83b8d5c7/054391217349.jpg/600x600bb.jpg,56.5,8.6,65.1,Monochrome / Gray,#8d9095
Dua Lipa,Dua Lipa (Deluxe),2017,17,Pop,https://is1-ssl.mzstatic.com/image/thumb/Music116/v4/31/33/cf/3133cffc-4b77-f3c6-3ee3-5c9b6cfb6bd4/190295806675.jpg/100x100bb.jpg,https://is1-ssl.mzstatic.com/image/thumb/Music116/v4/31/33/cf/3133cffc-4b77-f3c6-3ee3-5c9b6cfb6bd4/190295806675.jpg/600x600bb.jpg,46.2,24.3,64.2,Pink & Magenta,#856d76
BLACKPINK,SQUARE UP - EP,2018,4,Pop,https://is1-ssl.mzstatic.com/image/thumb/Music124/v4/5e/5d/c3/5e5dc3a6-797b-dee5-9f51-2dcbf447c48e/19UMGIM05046.rgb.jpg/100x100bb.jpg,https://is1-ssl.mzstatic.com/image/thumb/Music124/v4/5e/5d/c3/5e5dc3a6-797b-dee5-9f51-2dcbf447c48e/19UMGIM05046.rgb.jpg/600x600bb.jpg,72.7,30.9,36.1,Pink & Magenta,#eaa2b0
Madonna,The Immaculate Collection,1990,17,Pop,https://is1-ssl.mzstatic.com/image/thumb/Features114/v4/32/fd/6e/32fd6e25-da2b-10e9-df38-2923c01b6c9b/dj.jaxugjvp.jpg/100x100bb.jpg,https://is1-ssl.mzstatic.com/image/thumb/Features114/v4/32/fd/6e/32fd6e25-da2b-10e9-df38-2923c01b6c9b/dj.jaxugjvp.jpg/600x600bb.jpg,62.1,34.7,30.0,Cool Blue,#8ca4ab
Beyoncé,RENAISSANCE,2022,16,Pop,https://is1-ssl.mzstatic.com/image/thumb/Music112/v4/fe/ba/43/feba43be-99e8-ad8c-9fad-1bfdea7a4e98/196589344267.jpg/100x100bb.jpg,https://is1-ssl.mzstatic.com/image/thumb/Music112/v4/fe/ba/43/feba43be-99e8-ad8c-9fad-1bfdea7a4e98/196589344267.jpg/600x600bb.jpg,7.4,13.7,43.8,Dark & Moody,#121213
Corona,Rhythm of the Night - Single,1993,1,Pop,https://is1-ssl.mzstatic.com/image/thumb/Music122/v4/0f/1a/36/0f1a362d-d376-7e1f-8ade-fff028d52d3c/825646282784.jpg/100x100bb.jpg,https://is1-ssl.mzstatic.com/image/thumb/Music122/v4/0f/1a/36/0f1a362d-d376-7e1f-8ade-fff028d52d3c/825646282784.jpg/600x600bb.jpg,41.2,29.6,88.1,Pink & Magenta,#726467
Luis Fonsi,VIDA,2019,15,Latin,https://is1-ssl.mzstatic.com/image/thumb/Music211/v4/e2/ef/f0/e2eff0bc-c51d-7de5-9280-6891ddcee71b/18UMGIM85289.rgb.jpg/100x100bb.jpg,https://is1-ssl.mzstatic.com/image/thumb/Music211/v4/e2/ef/f0/e2eff0bc-c51d-7de5-9280-6891ddcee71b/18UMGIM85289.rgb.jpg/600x600bb.jpg,75.6,11.5,54.6,Minimalist White,#c6bfb5
Pentatonix,Pentatonix (Deluxe Version),2015,17,Pop,https://is1-ssl.mzstatic.com/image/thumb/Music125/v4/84/a8/f7/84a8f7df-3a27-d21e-aac0-d2a421bc2acd/dj.zoqzmtto.jpg/100x100bb.jpg,https://is1-ssl.mzstatic.com/image/thumb/Music125/v4/84/a8/f7/84a8f7df-3a27-d21e-aac0-d2a421bc2acd/dj.zoqzmtto.jpg/600x600bb.jpg,78.7,20.7,63.3,Green,#c4cbc5
Madonna,Ray of Light,1998,13,Pop,https://is1-ssl.mzstatic.com/image/thumb/Music115/v4/dd/2b/8d/dd2b8d84-e032-94d2-473a-3f8efd18fe36/dj.rwfgroxa.jpg/100x100bb.jpg,https://is1-ssl.mzstatic.com/image/thumb/Music115/v4/dd/2b/8d/dd2b8d84-e032-94d2-473a-3f8efd18fe36/dj.rwfgroxa.jpg/600x600bb.jpg,50.0,44.6,53.4,Green,#72867e
Ava Max,Diamonds & Dancefloors,2023,14,Pop,https://is1-ssl.mzstatic.com/image/thumb/Music122/v4/0e/8e/40/0e8e40fe-9047-3440-d21f-8f9843c3cddd/075679733535.jpg/100x100bb.jpg,https://is1-ssl.mzstatic.com/image/thumb/Music122/v4/0e/8e/40/0e8e40fe-9047-3440-d21f-8f9843c3cddd/075679733535.jpg/600x600bb.jpg,35.4,79.7,17.1,Cool Blue,#1f6c95
Marshmello & Demi Lovato,OK Not To Be OK - Single,2020,1,Pop,https://is1-ssl.mzstatic.com/image/thumb/Music124/v4/e4/a1/89/e4a18982-147e-0490-ddfa-2737c04c8e43/20UMGIM74443.rgb.jpg/100x100bb.jpg,https://is1-ssl.mzstatic.com/image/thumb/Music124/v4/e4/a1/89/e4a18982-147e-0490-ddfa-2737c04c8e43/20UMGIM74443.rgb.jpg/600x600bb.jpg,71.0,31.9,39.8,Warm Red & Orange,#c7b38b
OneRepublic & Alesso,If I Lose Myself (Alesso vs OneRepublic) - Single,2013,1,Pop,https://is1-ssl.mzstatic.com/image/thumb/Music112/v4/f7/9c/e7/f79ce7f7-4234-17a4-6a21-f5631ded1a06/13UMGIM27597.rgb.jpg/100x100bb.jpg,https://is1-ssl.mzstatic.com/image/thumb/Music112/v4/f7/9c/e7/f79ce7f7-4234-17a4-6a21-f5631ded1a06/13UMGIM27597.rgb.jpg/600x600bb.jpg,48.9,55.2,31.9,Cool Blue,#757e84
Enya,Watermark,1988,12,Pop,https://is1-ssl.mzstatic.com/image/thumb/Music115/v4/9e/a4/e7/9ea4e751-f374-4173-2aca-faea06440e0c/s06.pnpmefxw.jpg/100x100bb.jpg,https://is1-ssl.mzstatic.com/image/thumb/Music115/v4/9e/a4/e7/9ea4e751-f374-4173-2aca-faea06440e0c/s06.pnpmefxw.jpg/600x600bb.jpg,36.8,44.9,59.1,Warm Red & Orange,#78534b
Kate Bush,Hounds of Love (2018 Remaster),1985,12,Pop,https://is1-ssl.mzstatic.com/image/thumb/Music116/v4/62/97/32/62973286-5bb3-0de7-c051-8b2de8d95472/cover.jpg/100x100bb.jpg,https://is1-ssl.mzstatic.com/image/thumb/Music116/v4/62/97/32/62973286-5bb3-0de7-c051-8b2de8d95472/cover.jpg/600x600bb.jpg,81.9,11.7,70.4,Minimalist White,#d9cbd6
Madonna,Madonna,1983,10,Pop,https://is1-ssl.mzstatic.com/image/thumb/Music/y2005/m09/d19/h20/mzi.ykiinwgl.jpg/100x100bb.jpg,https://is1-ssl.mzstatic.com/image/thumb/Music/y2005/m09/d19/h20/mzi.ykiinwgl.jpg/600x600bb.jpg,67.0,8.4,61.2,Monochrome / Gray,#afaaa1
Madonna,Like a Virgin,1984,11,Pop,https://is1-ssl.mzstatic.com/image/thumb/Music125/v4/8e/80/32/8e803264-c925-14dd-3412-2d7652c3df7b/mzi.wxptosaa.jpg/100x100bb.jpg,https://is1-ssl.mzstatic.com/image/thumb/Music125/v4/8e/80/32/8e803264-c925-14dd-3412-2d7652c3df7b/mzi.wxptosaa.jpg/600x600bb.jpg,46.9,23.3,62.7,Warm Red & Orange,#847369
Yaz,Upstairs at Eric's,1982,11,Pop,https://is1-ssl.mzstatic.com/image/thumb/Music115/v4/55/cb/bf/55cbbfdb-26f4-e1ec-ea6c-8f9c8031b673/s06.ssiefitl.jpg/100x100bb.jpg,https://is1-ssl.mzstatic.com/image/thumb/Music115/v4/55/cb/bf/55cbbfdb-26f4-e1ec-ea6c-8f9c8031b673/s06.ssiefitl.jpg/600x600bb.jpg,23.7,21.4,49.5,Dark & Moody,#41393d
Ace of Base,The Sign (2015 Remastered Version),1993,13,Pop,https://is1-ssl.mzstatic.com/image/thumb/Music126/v4/42/59/8b/42598b61-bd54-aaa3-5280-d711569800b6/cover.jpg/100x100bb.jpg,https://is1-ssl.mzstatic.com/image/thumb/Music126/v4/42/59/8b/42598b61-bd54-aaa3-5280-d711569800b6/cover.jpg/600x600bb.jpg,48.4,38.5,83.7,Warm Red & Orange,#7f7e5e
Princesa Alba,Convéncete - Single,2019,1,Latin,https://is1-ssl.mzstatic.com/image/thumb/Music125/v4/46/22/6d/46226d3a-9755-b815-4752-d4592c08ebb9/8429006375493.jpg/100x100bb.jpg,https://is1-ssl.mzstatic.com/image/thumb/Music125/v4/46/22/6d/46226d3a-9755-b815-4752-d4592c08ebb9/8429006375493.jpg/600x600bb.jpg,30.1,46.3,53.8,Pink & Magenta,#4f4b4e
New Order,Technique,1989,9,Pop,https://is1-ssl.mzstatic.com/image/thumb/Music124/v4/49/51/83/4951838a-1b2f-35c3-3984-89e87f288288/825646051021.jpg/100x100bb.jpg,https://is1-ssl.mzstatic.com/image/thumb/Music124/v4/49/51/83/4951838a-1b2f-35c3-3984-89e87f288288/825646051021.jpg/600x600bb.jpg,33.5,70.3,28.8,Pink & Magenta,#7b3a7b
Kylie Minogue,Fever (Deluxe Edition),2001,19,Pop,https://is1-ssl.mzstatic.com/image/thumb/Features115/v4/2d/27/f4/2d27f445-abf6-f360-f56a-683b65c9b842/dj.hhpuvuwv.jpg/100x100bb.jpg,https://is1-ssl.mzstatic.com/image/thumb/Features115/v4/2d/27/f4/2d27f445-abf6-f360-f56a-683b65c9b842/dj.hhpuvuwv.jpg/600x600bb.jpg,86.6,4.4,24.2,Minimalist White,#dcdddb
New Order,Singles,2005,32,Pop,https://is1-ssl.mzstatic.com/image/thumb/Music30/v4/9a/cf/6e/9acf6e25-0e06-f951-2ff8-1f4affe25977/190295930332.jpg/100x100bb.jpg,https://is1-ssl.mzstatic.com/image/thumb/Music30/v4/9a/cf/6e/9acf6e25-0e06-f951-2ff8-1f4affe25977/190295930332.jpg/600x600bb.jpg,99.2,0.9,5.8,Minimalist White,#fdfdfb
Eurythmics,Ultimate Collection (Remastered),2005,19,Pop,https://is1-ssl.mzstatic.com/image/thumb/Music125/v4/82/46/65/824665ec-aa22-0f93-e511-ba1585978159/mzi.gkkumlce.jpg/100x100bb.jpg,https://is1-ssl.mzstatic.com/image/thumb/Music125/v4/82/46/65/824665ec-aa22-0f93-e511-ba1585978159/mzi.gkkumlce.jpg/600x600bb.jpg,66.2,15.4,91.9,Monochrome / Gray,#b1a4a7
New Order,Low-Life,1985,8,Pop,https://is1-ssl.mzstatic.com/image/thumb/Music124/v4/f6/12/4f/f6124f83-b46a-82c2-373a-ada0da02a5c5/mzm.ndyfyamo.jpg/100x100bb.jpg,https://is1-ssl.mzstatic.com/image/thumb/Music124/v4/f6/12/4f/f6124f83-b46a-82c2-373a-ada0da02a5c5/mzm.ndyfyamo.jpg/600x600bb.jpg,39.9,11.5,93.5,Monochrome / Gray,#646569
Pet Shop Boys,PopArt: The Hits (Deluxe Edition) [Remastered],2006,35,Pop,https://is1-ssl.mzstatic.com/image/thumb/Music118/v4/47/75/a0/4775a000-535a-181d-c231-a253b7ea6414/094637594551.jpg/100x100bb.jpg,https://is1-ssl.mzstatic.com/image/thumb/Music118/v4/47/75/a0/4775a000-535a-181d-c231-a253b7ea6414/094637594551.jpg/600x600bb.jpg,95.2,2.5,31.5,Minimalist White,#f5f1f0
Pet Shop Boys,Actually (2018 Remaster),1987,10,Pop,https://is1-ssl.mzstatic.com/image/thumb/Music122/v4/37/95/1a/37951a3d-6f9b-b5fc-fdac-e4818029ba00/5054197358579.jpg/100x100bb.jpg,https://is1-ssl.mzstatic.com/image/thumb/Music122/v4/37/95/1a/37951a3d-6f9b-b5fc-fdac-e4818029ba00/5054197358579.jpg/600x600bb.jpg,73.4,10.8,81.6,Monochrome / Gray,#bdbcb1
Duran Duran,Duran Duran (The Wedding Album),1993,13,Pop,https://is1-ssl.mzstatic.com/image/thumb/Music115/v4/e9/43/cb/e943cba9-b641-14a9-c5cb-52e67cef101c/077779887651.jpg/100x100bb.jpg,https://is1-ssl.mzstatic.com/image/thumb/Music115/v4/e9/43/cb/e943cba9-b641-14a9-c5cb-52e67cef101c/077779887651.jpg/600x600bb.jpg,28.2,11.9,52.3,Monochrome / Gray,#4c4646
Depeche Mode,Playing The Angel,2005,12,Pop,https://is1-ssl.mzstatic.com/image/thumb/Music123/v4/a2/97/bf/a297bf95-cf90-d236-fb2c-a73f27b444c8/0094634225854.jpg/100x100bb.jpg,https://is1-ssl.mzstatic.com/image/thumb/Music123/v4/a2/97/bf/a297bf95-cf90-d236-fb2c-a73f27b444c8/0094634225854.jpg/600x600bb.jpg,55.7,5.0,62.2,Monochrome / Gray,#8f8d8f
Leonard Cohen,I'm Your Man,1988,8,Pop,https://is1-ssl.mzstatic.com/image/thumb/Music124/v4/24/a0/e9/24a0e901-deba-6c60-c8e1-b69711f60885/dj.uejuaywe.jpg/100x100bb.jpg,https://is1-ssl.mzstatic.com/image/thumb/Music124/v4/24/a0/e9/24a0e901-deba-6c60-c8e1-b69711f60885/dj.uejuaywe.jpg/600x600bb.jpg,42.0,2.3,83.2,Monochrome / Gray,#696b6c
The Human League,Dare,1981,10,Pop,https://is1-ssl.mzstatic.com/image/thumb/Music221/v4/60/b1/b0/60b1b052-1a98-b1c7-7554-dc68d91da6e7/13UABIM56819.rgb.jpg/100x100bb.jpg,https://is1-ssl.mzstatic.com/image/thumb/Music221/v4/60/b1/b0/60b1b052-1a98-b1c7-7554-dc68d91da6e7/13UABIM56819.rgb.jpg/600x600bb.jpg,89.2,13.5,45.6,Minimalist White,#e9e2db
Book of Love,Book of Love,1986,17,Pop,https://is1-ssl.mzstatic.com/image/thumb/Music124/v4/8c/c9/17/8cc917a0-57fd-d2b7-81a2-ca749e71b7c9/mzi.dcgtokdr.jpg/100x100bb.jpg,https://is1-ssl.mzstatic.com/image/thumb/Music124/v4/8c/c9/17/8cc917a0-57fd-d2b7-81a2-ca749e71b7c9/mzi.dcgtokdr.jpg/600x600bb.jpg,68.0,8.1,77.6,Monochrome / Gray,#b0abac
Pet Shop Boys,Please: Further Listening 1984-1986 (Deluxe Edition) [2018 Remaster],1986,24,Pop,https://is1-ssl.mzstatic.com/image/thumb/Music115/v4/3a/00/04/3a0004fb-5532-fa36-f7cd-01a2b3da8efd/190295758547.jpg/100x100bb.jpg,https://is1-ssl.mzstatic.com/image/thumb/Music115/v4/3a/00/04/3a0004fb-5532-fa36-f7cd-01a2b3da8efd/190295758547.jpg/600x600bb.jpg,96.9,0.3,8.1,Minimalist White,#f7f7f6
a-ha,Hunting High & Low (Remastered),1985,10,Pop,https://is1-ssl.mzstatic.com/image/thumb/Music115/v4/0b/5b/69/0b5b6991-cd46-7222-fca7-680b17318721/603497888191.jpg/100x100bb.jpg,https://is1-ssl.mzstatic.com/image/thumb/Music115/v4/0b/5b/69/0b5b6991-cd46-7222-fca7-680b17318721/603497888191.jpg/600x600bb.jpg,39.3,1.4,71.0,Monochrome / Gray,#646364
Depeche Mode,Delta Machine (Deluxe Edition),2013,18,Pop,https://is1-ssl.mzstatic.com/image/thumb/Music124/v4/95/d5/54/95d554e6-02a9-079c-c01b-dba663d8e0ca/886443828223.jpg/100x100bb.jpg,https://is1-ssl.mzstatic.com/image/thumb/Music124/v4/95/d5/54/95d554e6-02a9-079c-c01b-dba663d8e0ca/886443828223.jpg/600x600bb.jpg,61.9,30.1,78.2,Warm Red & Orange,#c08f8f
New Order,Brotherhood,1986,9,Pop,https://is1-ssl.mzstatic.com/image/thumb/Music115/v4/e4/4c/dc/e44cdc30-89d8-1b46-8e1f-57c0bbbc9ce7/825646051175.jpg/100x100bb.jpg,https://is1-ssl.mzstatic.com/image/thumb/Music115/v4/e4/4c/dc/e44cdc30-89d8-1b46-8e1f-57c0bbbc9ce7/825646051175.jpg/600x600bb.jpg,38.7,32.5,61.5,Cool Blue,#586475
Howard Jones,Best Of,1993,18,Pop,https://is1-ssl.mzstatic.com/image/thumb/Music221/v4/92/4c/de/924cde54-8425-d0f5-2ddb-b9a299efb152/5037300817446.jpg/100x100bb.jpg,https://is1-ssl.mzstatic.com/image/thumb/Music221/v4/92/4c/de/924cde54-8425-d0f5-2ddb-b9a299efb152/5037300817446.jpg/600x600bb.jpg,31.7,52.4,87.7,Cool Blue,#455363
Bronski Beat,The Age of Consent (Bonus Tracks) [1996 Remaster],1984,16,Pop,https://is1-ssl.mzstatic.com/image/thumb/Music125/v4/76/df/ee/76dfee41-aca3-76c6-e695-c46ec360e090/639842819527.jpg/100x100bb.jpg,https://is1-ssl.mzstatic.com/image/thumb/Music125/v4/76/df/ee/76dfee41-aca3-76c6-e695-c46ec360e090/639842819527.jpg/600x600bb.jpg,27.6,43.4,58.4,Warm Red & Orange,#57422f
ABC,Look of Love: The Very Best of ABC,2001,17,Pop,https://is1-ssl.mzstatic.com/image/thumb/Music221/v4/80/05/aa/8005aaa7-8aac-ad8f-1464-01a0f342169d/06UMGIM52982.rgb.jpg/100x100bb.jpg,https://is1-ssl.mzstatic.com/image/thumb/Music221/v4/80/05/aa/8005aaa7-8aac-ad8f-1464-01a0f342169d/06UMGIM52982.rgb.jpg/600x600bb.jpg,43.2,49.5,81.7,Pink & Magenta,#915e60
La Roux,Trouble in Paradise,2014,9,Pop,https://is1-ssl.mzstatic.com/image/thumb/Music124/v4/32/c7/e1/32c7e138-3f81-753c-197a-d8ddf61af21c/00602537864058.rgb.jpg/100x100bb.jpg,https://is1-ssl.mzstatic.com/image/thumb/Music124/v4/32/c7/e1/32c7e138-3f81-753c-197a-d8ddf61af21c/00602537864058.rgb.jpg/600x600bb.jpg,49.0,46.1,50.8,Green,#778177
AlunaGeorge,Body Music (Deluxe),2013,19,Pop,https://is1-ssl.mzstatic.com/image/thumb/Music125/v4/b2/ba/29/b2ba294e-09f6-e606-2f4f-1a5cc1e1c933/00602537275465.rgb.jpg/100x100bb.jpg,https://is1-ssl.mzstatic.com/image/thumb/Music125/v4/b2/ba/29/b2ba294e-09f6-e606-2f4f-1a5cc1e1c933/00602537275465.rgb.jpg/600x600bb.jpg,23.4,26.7,59.5,Dark & Moody,#423937
Tears for Fears,The Hurting (Deluxe Edition),1983,26,Pop,https://is1-ssl.mzstatic.com/image/thumb/Music211/v4/e4/11/70/e4117029-44e0-6e5f-4afe-3099a5e55c7f/13UAAIM59453.rgb.jpg/100x100bb.jpg,https://is1-ssl.mzstatic.com/image/thumb/Music211/v4/e4/11/70/e4117029-44e0-6e5f-4afe-3099a5e55c7f/13UAAIM59453.rgb.jpg/600x600bb.jpg,95.1,1.6,42.1,Minimalist White,#f3f2f1
Tears for Fears,The Hurting (Super Deluxe Edition),2013,36,Pop,https://is1-ssl.mzstatic.com/image/thumb/Music221/v4/b4/96/f9/b496f9a0-05e2-f2a8-53d8-d059ffc34193/13UAAIM59453.rgb.jpg/100x100bb.jpg,https://is1-ssl.mzstatic.com/image/thumb/Music221/v4/b4/96/f9/b496f9a0-05e2-f2a8-53d8-d059ffc34193/13UAAIM59453.rgb.jpg/600x600bb.jpg,95.1,1.6,42.1,Minimalist White,#f3f2f1
a-ha,Hunting High and Low (Deluxe Edition),1985,41,Pop,https://is1-ssl.mzstatic.com/image/thumb/Music/c6/e1/c8/mzi.ixgzfcmc.jpg/100x100bb.jpg,https://is1-ssl.mzstatic.com/image/thumb/Music/c6/e1/c8/mzi.ixgzfcmc.jpg/600x600bb.jpg,47.2,3.4,80.1,Monochrome / Gray,#78777a
Strawberry Switchblade,Strawberry Switchblade,1985,20,Pop,https://is1-ssl.mzstatic.com/image/thumb/Music115/v4/07/ab/85/07ab85d8-81f0-0ff3-8830-0a3f007db843/887830012461.png/100x100bb.jpg,https://is1-ssl.mzstatic.com/image/thumb/Music115/v4/07/ab/85/07ab85d8-81f0-0ff3-8830-0a3f007db843/887830012461.png/600x600bb.jpg,30.2,22.4,66.8,Warm Red & Orange,#524b46
Alphaville,Forever Young,1984,10,Pop,https://is1-ssl.mzstatic.com/image/thumb/Music125/v4/c9/f5/e6/c9f5e66e-8ab1-5c75-dbe7-7670f9204776/s06.emtrcgpz.jpg/100x100bb.jpg,https://is1-ssl.mzstatic.com/image/thumb/Music125/v4/c9/f5/e6/c9f5e66e-8ab1-5c75-dbe7-7670f9204776/s06.emtrcgpz.jpg/600x600bb.jpg,58.5,12.4,66.8,Monochrome / Gray,#9e928a
Spandau Ballet,Gold: The Best of Spandau Ballet,2000,17,Pop,https://is1-ssl.mzstatic.com/image/thumb/Music125/v4/12/f3/f3/12f3f32b-5164-6bc6-ee55-1c6ff918cc6d/dj.yblscykq.jpg/100x100bb.jpg,https://is1-ssl.mzstatic.com/image/thumb/Music125/v4/12/f3/f3/12f3f32b-5164-6bc6-ee55-1c6ff918cc6d/dj.yblscykq.jpg/600x600bb.jpg,30.5,17.7,93.1,Monochrome / Gray,#4d4e48
Alphaville,First Harvest 1984-1992,1992,15,Pop,https://is1-ssl.mzstatic.com/image/thumb/Music/y2005/m06/d22/h05/s05.qwwmqauc.jpg/100x100bb.jpg,https://is1-ssl.mzstatic.com/image/thumb/Music/y2005/m06/d22/h05/s05.qwwmqauc.jpg/600x600bb.jpg,28.7,40.4,50.4,Cool Blue,#494655
A Flock of Seagulls,A Flock of Seagulls,1982,10,Pop,https://is1-ssl.mzstatic.com/image/thumb/Music221/v4/e6/1d/ca/e61dca88-9559-caf6-67a8-9d32e167886d/0859381158868.jpg/100x100bb.jpg,https://is1-ssl.mzstatic.com/image/thumb/Music221/v4/e6/1d/ca/e61dca88-9559-caf6-67a8-9d32e167886d/0859381158868.jpg/600x600bb.jpg,62.7,48.1,35.8,Warm Red & Orange,#b1a262
Pet Shop Boys,Super,2016,12,Pop,https://is1-ssl.mzstatic.com/image/thumb/Music126/v4/7f/18/75/7f1875da-d67a-ea46-c888-97451d3a4519/5060454941118.jpg/100x100bb.jpg,https://is1-ssl.mzstatic.com/image/thumb/Music126/v4/7f/18/75/7f1875da-d67a-ea46-c888-97451d3a4519/5060454941118.jpg/600x600bb.jpg,53.7,52.9,106.6,Cool Blue,#8177f7
Kate Bush,Hounds of Love,1985,12,Pop,https://is1-ssl.mzstatic.com/image/thumb/Music126/v4/2c/3e/c9/2c3ec991-0f6e-bec3-7eff-750f50c5b3a6/cover.jpg/100x100bb.jpg,https://is1-ssl.mzstatic.com/image/thumb/Music126/v4/2c/3e/c9/2c3ec991-0f6e-bec3-7eff-750f50c5b3a6/cover.jpg/600x600bb.jpg,82.0,11.6,70.2,Minimalist White,#d9cbd6
New Order,Republic,1993,11,Pop,https://is1-ssl.mzstatic.com/image/thumb/Music115/v4/95/41/cd/9541cddd-682b-0a63-9f80-6f9a0429e713/mzm.zbliccga.jpg/100x100bb.jpg,https://is1-ssl.mzstatic.com/image/thumb/Music115/v4/95/41/cd/9541cddd-682b-0a63-9f80-6f9a0429e713/mzm.zbliccga.jpg/600x600bb.jpg,43.0,42.9,63.6,Cool Blue,#706b74
Synth Madness,Take on Me: 80's Synthpop Hits,2014,20,Pop,https://is1-ssl.mzstatic.com/image/thumb/Music114/v4/2a/1c/cc/2a1cccf5-285d-06cb-9536-9978325c8dc5/0849988054854.jpg/100x100bb.jpg,https://is1-ssl.mzstatic.com/image/thumb/Music114/v4/2a/1c/cc/2a1cccf5-285d-06cb-9536-9978325c8dc5/0849988054854.jpg/600x600bb.jpg,47.8,68.1,37.5,Cool Blue,#5f8291
Berlin,Best Of Berlin 1979-1988,1988,12,Pop,https://is1-ssl.mzstatic.com/image/thumb/Music118/v4/02/86/b4/0286b416-ee54-7c98-4f66-4559e893ad26/00602567822882.rgb.jpg/100x100bb.jpg,https://is1-ssl.mzstatic.com/image/thumb/Music118/v4/02/86/b4/0286b416-ee54-7c98-4f66-4559e893ad26/00602567822882.rgb.jpg/600x600bb.jpg,79.8,21.4,38.1,Warm Red & Orange,#dbc9ab
Carla Morrison,Ansiedad - Single,2020,1,Latin,https://is1-ssl.mzstatic.com/image/thumb/Music221/v4/b0/58/8f/b0588f4f-16af-df93-f35d-6e26c7f6459d/196873946504.jpg/100x100bb.jpg,https://is1-ssl.mzstatic.com/image/thumb/Music221/v4/b0/58/8f/b0588f4f-16af-df93-f35d-6e26c7f6459d/196873946504.jpg/600x600bb.jpg,41.8,25.6,42.2,Warm Red & Orange,#776759
Duran Duran,Notorious (Deluxe Edition),1986,26,Pop,https://is1-ssl.mzstatic.com/image/thumb/Features114/v4/49/26/42/492642df-7519-ce37-15bc-d029ff0af1a1/dj.wjnirksf.jpg/100x100bb.jpg,https://is1-ssl.mzstatic.com/image/thumb/Features114/v4/49/26/42/492642df-7519-ce37-15bc-d029ff0af1a1/dj.wjnirksf.jpg/600x600bb.jpg,34.2,7.9,61.7,Monochrome / Gray,#595657
ABC,The Lexicon of Love,1982,11,Pop,https://is1-ssl.mzstatic.com/image/thumb/Music126/v4/41/99/4d/41994d04-d8f0-ca92-0cb3-ec4f931ed75b/06UMGIM47803.rgb.jpg/100x100bb.jpg,https://is1-ssl.mzstatic.com/image/thumb/Music126/v4/41/99/4d/41994d04-d8f0-ca92-0cb3-ec4f931ed75b/06UMGIM47803.rgb.jpg/600x600bb.jpg,27.4,33.2,44.0,Pink & Magenta,#533e45
Saint Etienne,Foxbase Alpha,1991,15,Pop,https://is1-ssl.mzstatic.com/image/thumb/Music125/v4/ab/cb/24/abcb247c-178e-02be-85d0-649cef0495b2/mzi.orrtltuh.jpg/100x100bb.jpg,https://is1-ssl.mzstatic.com/image/thumb/Music125/v4/ab/cb/24/abcb247c-178e-02be-85d0-649cef0495b2/mzi.orrtltuh.jpg/600x600bb.jpg,65.2,27.2,67.9,Warm Red & Orange,#afa68a
Esteman & Daniela Spalla,Te Alejas Más de Mí - Single,2020,1,Latin,https://is1-ssl.mzstatic.com/image/thumb/Music114/v4/3f/fe/79/3ffe798d-b599-b743-78f3-998207838052/20UMGIM62263.rgb.jpg/100x100bb.jpg,https://is1-ssl.mzstatic.com/image/thumb/Music114/v4/3f/fe/79/3ffe798d-b599-b743-78f3-998207838052/20UMGIM62263.rgb.jpg/600x600bb.jpg,15.8,39.9,36.3,Dark & Moody,#1b2c36
Erasure,I Say I Say I Say,1994,10,Pop,https://is1-ssl.mzstatic.com/image/thumb/Music124/v4/aa/51/07/aa510720-2f66-d5d4-f0ae-5be5d820f453/mzi.osegepig.jpg/100x100bb.jpg,https://is1-ssl.mzstatic.com/image/thumb/Music124/v4/aa/51/07/aa510720-2f66-d5d4-f0ae-5be5d820f453/mzi.osegepig.jpg/600x600bb.jpg,35.1,46.3,36.6,Cool Blue,#445c80
Falco,Falco: Greatest Hits,1999,15,Pop,https://is1-ssl.mzstatic.com/image/thumb/Music124/v4/f8/72/2b/f8722b02-3ade-5f3b-112e-a85a4ec7330c/mzi.yxwhhgww.jpg/100x100bb.jpg,https://is1-ssl.mzstatic.com/image/thumb/Music124/v4/f8/72/2b/f8722b02-3ade-5f3b-112e-a85a4ec7330c/mzi.yxwhhgww.jpg/600x600bb.jpg,43.7,44.8,32.7,Warm Red & Orange,#995f50
Joe Jackson,Night and Day,1982,9,Pop,https://is1-ssl.mzstatic.com/image/thumb/Music128/v4/23/74/62/23746272-49a1-fd05-d64f-9c5235b024b3/00075021333420.rgb.jpg/100x100bb.jpg,https://is1-ssl.mzstatic.com/image/thumb/Music128/v4/23/74/62/23746272-49a1-fd05-d64f-9c5235b024b3/00075021333420.rgb.jpg/600x600bb.jpg,83.1,12.8,69.5,Minimalist White,#cdd4e0
Erasure,Abba-Esque - EP,1992,4,Pop,https://is1-ssl.mzstatic.com/image/thumb/Music/90/ab/84/mzi.hspzrhoj.jpg/100x100bb.jpg,https://is1-ssl.mzstatic.com/image/thumb/Music/90/ab/84/mzi.hspzrhoj.jpg/600x600bb.jpg,47.8,58.0,63.6,Cool Blue,#a059bb
Dead or Alive,Rip It Up,1987,8,Pop,https://is1-ssl.mzstatic.com/image/thumb/Music115/v4/1c/84/31/1c8431ca-9852-169c-ad8c-bcf97cc62ae4/mzi.dugjeekd.jpg/100x100bb.jpg,https://is1-ssl.mzstatic.com/image/thumb/Music115/v4/1c/84/31/1c8431ca-9852-169c-ad8c-bcf97cc62ae4/mzi.dugjeekd.jpg/600x600bb.jpg,48.4,28.6,56.6,Cool Blue,#7a7989
Duran Duran,Decade,1989,14,Pop,https://is1-ssl.mzstatic.com/image/thumb/Music124/v4/3d/65/b0/3d65b0a7-628b-ee91-a101-6cecf829df29/724383747450.jpg/100x100bb.jpg,https://is1-ssl.mzstatic.com/image/thumb/Music124/v4/3d/65/b0/3d65b0a7-628b-ee91-a101-6cecf829df29/724383747450.jpg/600x600bb.jpg,26.8,38.2,42.2,Pink & Magenta,#4a4047
Jupiter Rising,ElectroPop,2007,13,Pop,https://is1-ssl.mzstatic.com/image/thumb/Music211/v4/be/3f/24/be3f2466-497f-2a63-ec78-61343cc72fd6/1413.jpg/100x100bb.jpg,https://is1-ssl.mzstatic.com/image/thumb/Music211/v4/be/3f/24/be3f2466-497f-2a63-ec78-61343cc72fd6/1413.jpg/600x600bb.jpg,34.1,46.5,62.7,Warm Red & Orange,#5e5350
PinkPantheress,Turn it up - Single,2024,1,Pop,https://is1-ssl.mzstatic.com/image/thumb/Music221/v4/71/b7/b9/71b7b938-ec89-fcf8-25b6-7a79989cc600/5021732371256.jpg/100x100bb.jpg,https://is1-ssl.mzstatic.com/image/thumb/Music221/v4/71/b7/b9/71b7b938-ec89-fcf8-25b6-7a79989cc600/5021732371256.jpg/600x600bb.jpg,48.5,68.2,51.9,Pink & Magenta,#cf4a9b
PinkPantheress,Boy's a liar - Single,2022,1,Pop,https://is1-ssl.mzstatic.com/image/thumb/Music112/v4/8a/3f/ef/8a3fef38-bbba-4644-74f1-64e3c8894e1e/5054197466762.jpg/100x100bb.jpg,https://is1-ssl.mzstatic.com/image/thumb/Music112/v4/8a/3f/ef/8a3fef38-bbba-4644-74f1-64e3c8894e1e/5054197466762.jpg/600x600bb.jpg,33.6,23.1,47.6,Warm Red & Orange,#58564c
Madonna & Sickick,Frozen - Single,2021,1,Pop,https://is1-ssl.mzstatic.com/image/thumb/Music116/v4/51/a9/7a/51a97aca-e299-49d6-0d8e-7b5db0543294/054391908261.jpg/100x100bb.jpg,https://is1-ssl.mzstatic.com/image/thumb/Music116/v4/51/a9/7a/51a97aca-e299-49d6-0d8e-7b5db0543294/054391908261.jpg/600x600bb.jpg,19.5,44.8,32.5,Dark & Moody,#293341
"Skrillex, Justin Bieber & Don Toliver",Don't Go - Single,2021,1,Pop,https://is1-ssl.mzstatic.com/image/thumb/Music115/v4/85/92/1b/85921b3c-03e7-1034-d822-44658cf0b918/075679783806.jpg/100x100bb.jpg,https://is1-ssl.mzstatic.com/image/thumb/Music115/v4/85/92/1b/85921b3c-03e7-1034-d822-44658cf0b918/075679783806.jpg/600x600bb.jpg,9.3,6.9,3.2,Dark & Moody,#191617
PinkPantheress,Passion - Single,2021,1,Pop,https://is1-ssl.mzstatic.com/image/thumb/Music125/v4/64/12/ff/6412ff6a-6978-6c23-ef56-9cc322d348ea/190296606601.jpg/100x100bb.jpg,https://is1-ssl.mzstatic.com/image/thumb/Music125/v4/64/12/ff/6412ff6a-6978-6c23-ef56-9cc322d348ea/190296606601.jpg/600x600bb.jpg,52.2,60.4,45.4,Cool Blue,#6a8e9a
PinkPantheress,Tonight - Single,2025,1,Pop,https://is1-ssl.mzstatic.com/image/thumb/Music211/v4/eb/1c/d2/eb1cd2cc-875c-5c55-8c0c-bf3fb7eba43b/5021732742742.jpg/100x100bb.jpg,https://is1-ssl.mzstatic.com/image/thumb/Music211/v4/eb/1c/d2/eb1cd2cc-875c-5c55-8c0c-bf3fb7eba43b/5021732742742.jpg/600x600bb.jpg,59.9,33.2,48.9,Warm Red & Orange,#af9379
PinkPantheress & Sam Gellaitry,Picture in my mind - Single,2022,1,Pop,https://is1-ssl.mzstatic.com/image/thumb/Music122/v4/3c/88/bc/3c88bc6a-3d35-4146-6c86-1cc61185b367/5054197261572.jpg/100x100bb.jpg,https://is1-ssl.mzstatic.com/image/thumb/Music122/v4/3c/88/bc/3c88bc6a-3d35-4146-6c86-1cc61185b367/5054197261572.jpg/600x600bb.jpg,47.2,68.8,59.1,Warm Red & Orange,#947928
"Victoria Monét, Khalid & SG Lewis",Experience - Single,2020,1,Pop,https://is1-ssl.mzstatic.com/image/thumb/Music123/v4/01/da/38/01da383f-c523-7079-cb11-0d18f49f7f3b/5059449000404.png/100x100bb.jpg,https://is1-ssl.mzstatic.com/image/thumb/Music123/v4/01/da/38/01da383f-c523-7079-cb11-0d18f49f7f3b/5059449000404.png/600x600bb.jpg,41.5,59.1,62.5,Warm Red & Orange,#906037
SUPER-Hi & NEEKA,Following the Sun - Single,2020,1,Pop,https://is1-ssl.mzstatic.com/image/thumb/Music122/v4/e3/56/c1/e356c17e-c197-34e6-e319-8d65aba79ef1/cover.jpg/100x100bb.jpg,https://is1-ssl.mzstatic.com/image/thumb/Music122/v4/e3/56/c1/e356c17e-c197-34e6-e319-8d65aba79ef1/cover.jpg/600x600bb.jpg,59.1,20.0,34.1,Green,#8e9b93
PinkPantheress & Destroy Lonely,Turn Your Phone Off - Single,2023,1,Pop,https://is1-ssl.mzstatic.com/image/thumb/Music116/v4/2c/dc/9e/2cdc9e3c-cc44-3ba1-8e60-07aee7201e7a/5054197744587.jpg/100x100bb.jpg,https://is1-ssl.mzstatic.com/image/thumb/Music116/v4/2c/dc/9e/2cdc9e3c-cc44-3ba1-8e60-07aee7201e7a/5054197744587.jpg/600x600bb.jpg,15.4,0.0,17.4,Dark & Moody,#272727
Chappell Roan,The Rise and Fall of a Midwest Princess,2023,14,Pop,https://is1-ssl.mzstatic.com/image/thumb/Music126/v4/42/a0/c5/42a0c5e6-6b98-f1f9-7d6b-6d6c61aba562/23UMGIM84225.rgb.jpg/100x100bb.jpg,https://is1-ssl.mzstatic.com/image/thumb/Music126/v4/42/a0/c5/42a0c5e6-6b98-f1f9-7d6b-6d6c61aba562/23UMGIM84225.rgb.jpg/600x600bb.jpg,44.2,52.5,66.0,Warm Red & Orange,#876a51
Jeremy Zucker & Chelsea Cutler,you were good to me (shallou remix) - Single,2020,1,Pop,https://is1-ssl.mzstatic.com/image/thumb/Music123/v4/c3/8f/b4/c38fb4cf-df21-2394-d872-e7d9846b9b00/20UMGIM43050.rgb.jpg/100x100bb.jpg,https://is1-ssl.mzstatic.com/image/thumb/Music123/v4/c3/8f/b4/c38fb4cf-df21-2394-d872-e7d9846b9b00/20UMGIM43050.rgb.jpg/600x600bb.jpg,46.3,20.4,67.9,Green,#757771
PinkPantheress,Do you miss me? - Single,2022,1,Pop,https://is1-ssl.mzstatic.com/image/thumb/Music122/v4/38/a7/69/38a76976-cef9-f06b-3c57-d5aa47bc3a15/5054197327612.jpg/100x100bb.jpg,https://is1-ssl.mzstatic.com/image/thumb/Music122/v4/38/a7/69/38a76976-cef9-f06b-3c57-d5aa47bc3a15/5054197327612.jpg/600x600bb.jpg,65.8,0.0,93.6,Monochrome / Gray,#a7a7a7
PinkPantheress,Mosquito - Single,2023,1,Pop,https://is1-ssl.mzstatic.com/image/thumb/Music116/v4/8c/4e/54/8c4e54e3-88d5-0abd-20d7-e63feef64bb5/5054197797316.jpg/100x100bb.jpg,https://is1-ssl.mzstatic.com/image/thumb/Music116/v4/8c/4e/54/8c4e54e3-88d5-0abd-20d7-e63feef64bb5/5054197797316.jpg/600x600bb.jpg,53.9,34.6,63.8,Pink & Magenta,#997f90
Jessie Ware,That! Feels Good!,2023,10,Pop,https://is1-ssl.mzstatic.com/image/thumb/Music126/v4/6f/82/49/6f824933-4a3a-324b-4243-48c0cce0dace/22UMGIM88087.rgb.jpg/100x100bb.jpg,https://is1-ssl.mzstatic.com/image/thumb/Music126/v4/6f/82/49/6f824933-4a3a-324b-4243-48c0cce0dace/22UMGIM88087.rgb.jpg/600x600bb.jpg,64.2,25.0,42.7,Warm Red & Orange,#b99d8a
"Anne-Marie, KSI & Digital Farm Animals",Don't Play - Single,2021,1,Pop,https://is1-ssl.mzstatic.com/image/thumb/Music124/v4/f1/06/0a/f1060a4a-9140-3675-3e7e-6a4312b61df4/190295051754.jpg/100x100bb.jpg,https://is1-ssl.mzstatic.com/image/thumb/Music124/v4/f1/06/0a/f1060a4a-9140-3675-3e7e-6a4312b61df4/190295051754.jpg/600x600bb.jpg,43.2,54.5,40.3,Warm Red & Orange,#935f57
Snakehips & Jess Glynne,Lie for You (feat. A Boogie wit da Hoodie & Davido) - Single,2020,1,Pop,https://is1-ssl.mzstatic.com/image/thumb/Music114/v4/8b/3d/57/8b3d5718-4f39-e520-c094-c804731e10a1/886448649908.jpg/100x100bb.jpg,https://is1-ssl.mzstatic.com/image/thumb/Music114/v4/8b/3d/57/8b3d5718-4f39-e520-c094-c804731e10a1/886448649908.jpg/600x600bb.jpg,29.3,39.4,54.4,Pink & Magenta,#584447
The Chainsmokers,So Far So Good,2022,16,Pop,https://is1-ssl.mzstatic.com/image/thumb/Music112/v4/1a/c4/d1/1ac4d105-c0b5-0108-7e53-e657a7186aaf/196589370242.jpg/100x100bb.jpg,https://is1-ssl.mzstatic.com/image/thumb/Music112/v4/1a/c4/d1/1ac4d105-c0b5-0108-7e53-e657a7186aaf/196589370242.jpg/600x600bb.jpg,57.8,33.5,40.6,Cool Blue,#a381c8
Robyn,Dopamine - Single,2025,1,Pop,https://is1-ssl.mzstatic.com/image/thumb/Music221/v4/00/eb/68/00eb68d7-6c80-f243-3fa5-03f7818d614e/889030046871.png/100x100bb.jpg,https://is1-ssl.mzstatic.com/image/thumb/Music221/v4/00/eb/68/00eb68d7-6c80-f243-3fa5-03f7818d614e/889030046871.png/600x600bb.jpg,73.0,18.3,30.3,Warm Red & Orange,#cfb2aa
Sam Smith & Kim Petras,Unholy (Disclosure Remix) - Single,2022,1,Pop,https://is1-ssl.mzstatic.com/image/thumb/Music122/v4/0a/04/9c/0a049c86-b3e2-b828-ff19-a8e8788f3df5/22UM1IM04560.rgb.jpg/100x100bb.jpg,https://is1-ssl.mzstatic.com/image/thumb/Music122/v4/0a/04/9c/0a049c86-b3e2-b828-ff19-a8e8788f3df5/22UM1IM04560.rgb.jpg/600x600bb.jpg,25.7,6.7,55.4,Monochrome / Gray,#42413e
"SOPHIE, Kim Petras & BC Kingdom",Reason Why - Single,2024,1,Pop,https://is1-ssl.mzstatic.com/image/thumb/Music211/v4/4e/d5/c5/4ed5c50c-3c47-f9bb-0765-7db51bb76fa1/198704030376_Cover.jpg/100x100bb.jpg,https://is1-ssl.mzstatic.com/image/thumb/Music211/v4/4e/d5/c5/4ed5c50c-3c47-f9bb-0765-7db51bb76fa1/198704030376_Cover.jpg/600x600bb.jpg,11.1,32.8,29.0,Dark & Moody,#1f1922
Lost Kings,Oops (I'm Sorry) [feat. Ty Dolla $ign & GASHI] - Single,2020,1,Pop,https://is1-ssl.mzstatic.com/image/thumb/Music114/v4/98/32/e4/9832e41b-d1f3-1ff9-7813-43b279658ecb/886448707011.jpg/100x100bb.jpg,https://is1-ssl.mzstatic.com/image/thumb/Music114/v4/98/32/e4/9832e41b-d1f3-1ff9-7813-43b279658ecb/886448707011.jpg/600x600bb.jpg,90.7,0.0,52.2,Minimalist White,#e7e7e7
Jessie Ware,Superbloom,2026,13,Pop,https://is1-ssl.mzstatic.com/image/thumb/Music211/v4/50/ab/34/50ab34f5-11bc-5e78-9c43-80aca9e301b4/25UM2IM06906.rgb.jpg/100x100bb.jpg,https://is1-ssl.mzstatic.com/image/thumb/Music211/v4/50/ab/34/50ab34f5-11bc-5e78-9c43-80aca9e301b4/25UM2IM06906.rgb.jpg/600x600bb.jpg,24.4,63.1,44.8,Dark & Moody,#5f302d
PinkPantheress,to hell with it (Remixes),2022,25,Pop,https://is1-ssl.mzstatic.com/image/thumb/Music126/v4/da/7c/11/da7c1137-4a6e-0798-64cd-11de54edb126/190296264849.jpg/100x100bb.jpg,https://is1-ssl.mzstatic.com/image/thumb/Music126/v4/da/7c/11/da7c1137-4a6e-0798-64cd-11de54edb126/190296264849.jpg/600x600bb.jpg,5.8,37.5,21.7,Dark & Moody,#0e0d12
PNAU & Khalid,The Hard Way - Single,2023,1,Pop,https://is1-ssl.mzstatic.com/image/thumb/Music116/v4/6a/63/35/6a6335ab-4b31-f102-8269-4a3b8da474ee/196589941466.jpg/100x100bb.jpg,https://is1-ssl.mzstatic.com/image/thumb/Music116/v4/6a/63/35/6a6335ab-4b31-f102-8269-4a3b8da474ee/196589941466.jpg/600x600bb.jpg,23.3,77.2,30.9,Dark & Moody,#691e58
Everything But the Girl,Fuse,2023,10,Pop,https://is1-ssl.mzstatic.com/image/thumb/Music122/v4/c3/67/1d/c3671d74-df9d-1ca5-7967-ffc8ae1fb190/22UM1IM33909.rgb.jpg/100x100bb.jpg,https://is1-ssl.mzstatic.com/image/thumb/Music122/v4/c3/67/1d/c3671d74-df9d-1ca5-7967-ffc8ae1fb190/22UM1IM33909.rgb.jpg/600x600bb.jpg,50.6,35.6,19.4,Pink & Magenta,#a468a3
PNAU & Troye Sivan,You Know What I Need - Single,2022,1,Pop,https://is1-ssl.mzstatic.com/image/thumb/Music112/v4/5e/18/24/5e1824db-261e-223a-4ea1-ff38b23cdef7/197187286713.jpg/100x100bb.jpg,https://is1-ssl.mzstatic.com/image/thumb/Music112/v4/5e/18/24/5e1824db-261e-223a-4ea1-ff38b23cdef7/197187286713.jpg/600x600bb.jpg,32.6,51.8,64.3,Warm Red & Orange,#714741
"Rawa Jin, The Second Voice, Imael Angel & MOYO",Vem - Single,2026,1,Pop,https://is1-ssl.mzstatic.com/image/thumb/Music211/v4/6b/6e/1e/6b6e1eb7-2101-8b8b-57f4-9d81f97bb1d8/8447845162975.jpg/100x100bb.jpg,https://is1-ssl.mzstatic.com/image/thumb/Music211/v4/6b/6e/1e/6b6e1eb7-2101-8b8b-57f4-9d81f97bb1d8/8447845162975.jpg/600x600bb.jpg,68.7,44.5,33.0,Warm Red & Orange,#bbb27e
Casper Caan & Wheatus,Bird Song - Single,2026,1,Pop,https://is1-ssl.mzstatic.com/image/thumb/Music211/v4/2a/cb/93/2acb935c-a79e-07d2-44bd-84b0d08d5fd8/881453374210_cover.jpg/100x100bb.jpg,https://is1-ssl.mzstatic.com/image/thumb/Music211/v4/2a/cb/93/2acb935c-a79e-07d2-44bd-84b0d08d5fd8/881453374210_cover.jpg/600x600bb.jpg,33.7,76.7,31.6,Cool Blue,#2c5d9e
Men I Trust,Show Me How - Single,2018,1,Pop,https://is1-ssl.mzstatic.com/image/thumb/Music126/v4/cf/57/39/cf5739e6-332a-e64c-bed0-b763893c0517/artwork.jpg/100x100bb.jpg,https://is1-ssl.mzstatic.com/image/thumb/Music126/v4/cf/57/39/cf5739e6-332a-e64c-bed0-b763893c0517/artwork.jpg/600x600bb.jpg,68.3,21.1,55.4,Green,#a2b3b2
Christopher Blair,Indie Pop,2022,10,Pop,https://is1-ssl.mzstatic.com/image/thumb/Music211/v4/a8/5d/99/a85d992d-6894-42df-9cad-26a0bcfefdfd/067003133654.png/100x100bb.jpg,https://is1-ssl.mzstatic.com/image/thumb/Music211/v4/a8/5d/99/a85d992d-6894-42df-9cad-26a0bcfefdfd/067003133654.png/600x600bb.jpg,16.1,51.8,50.3,Dark & Moody,#39231e
Munan,Disco In My Room - Single,2026,1,Pop,https://is1-ssl.mzstatic.com/image/thumb/Music211/v4/55/8b/6e/558b6edd-78e0-dff1-b0b9-363c23610fdd/cover.jpg/100x100bb.jpg,https://is1-ssl.mzstatic.com/image/thumb/Music211/v4/55/8b/6e/558b6edd-78e0-dff1-b0b9-363c23610fdd/cover.jpg/600x600bb.jpg,48.5,47.5,49.9,Warm Red & Orange,#90794e
SALES,Chinese New Year - Single,2014,1,Pop,https://is1-ssl.mzstatic.com/image/thumb/Music115/v4/33/27/c4/3327c42e-00c4-55e7-c797-be30e857c667/859712760869_cover.tif/100x100bb.jpg,https://is1-ssl.mzstatic.com/image/thumb/Music115/v4/33/27/c4/3327c42e-00c4-55e7-c797-be30e857c667/859712760869_cover.tif/600x600bb.jpg,41.7,62.3,21.4,Warm Red & Orange,#b84944
PinkPantheress,Just for me - Single,2021,1,Pop,https://is1-ssl.mzstatic.com/image/thumb/Music125/v4/64/91/41/6491415b-3247-e84d-641f-bb2059df1a2b/190296500114.jpg/100x100bb.jpg,https://is1-ssl.mzstatic.com/image/thumb/Music125/v4/64/91/41/6491415b-3247-e84d-641f-bb2059df1a2b/190296500114.jpg/600x600bb.jpg,35.8,22.1,71.3,Warm Red & Orange,#615954
Blues Saraceno,Indie Pop,2010,10,Pop,https://is1-ssl.mzstatic.com/image/thumb/Music211/v4/b0/b7/b1/b0b7b110-f5bc-c2b7-37e6-3752fe40ff09/859705195326.jpg/100x100bb.jpg,https://is1-ssl.mzstatic.com/image/thumb/Music211/v4/b0/b7/b1/b0b7b110-f5bc-c2b7-37e6-3752fe40ff09/859705195326.jpg/600x600bb.jpg,68.0,13.7,61.6,Monochrome / Gray,#b8aaa0
PinkPantheress,to hell with it,2021,10,Pop,https://is1-ssl.mzstatic.com/image/thumb/Music115/v4/ae/c0/64/aec064da-83cc-4ce9-fcdc-19bd62800109/190296429699.jpg/100x100bb.jpg,https://is1-ssl.mzstatic.com/image/thumb/Music115/v4/ae/c0/64/aec064da-83cc-4ce9-fcdc-19bd62800109/190296429699.jpg/600x600bb.jpg,10.2,46.1,24.9,Dark & Moody,#151923
The Marías,"Superclean, Vol. II - EP",2018,6,Pop,https://is1-ssl.mzstatic.com/image/thumb/Music124/v4/71/5f/fc/715ffc50-c006-500b-ad3e-830a6a6bbc70/artwork.jpg/100x100bb.jpg,https://is1-ssl.mzstatic.com/image/thumb/Music124/v4/71/5f/fc/715ffc50-c006-500b-ad3e-830a6a6bbc70/artwork.jpg/600x600bb.jpg,26.0,53.8,58.9,Green,#414240
Rosa Linn,SNAP - Single,2022,1,Pop,https://is1-ssl.mzstatic.com/image/thumb/Music221/v4/db/b6/5b/dbb65bfe-d7ba-fa7a-2939-8efe303f06c1/196589359971.jpg/100x100bb.jpg,https://is1-ssl.mzstatic.com/image/thumb/Music221/v4/db/b6/5b/dbb65bfe-d7ba-fa7a-2939-8efe303f06c1/196589359971.jpg/600x600bb.jpg,40.0,14.1,71.1,Monochrome / Gray,#69655e
Headaches,So Bad - Single,2026,1,Pop,https://is1-ssl.mzstatic.com/image/thumb/Music211/v4/9a/95/79/9a9579b6-683a-74bd-70d5-9c8314457cc4/cover.jpg/100x100bb.jpg,https://is1-ssl.mzstatic.com/image/thumb/Music211/v4/9a/95/79/9a9579b6-683a-74bd-70d5-9c8314457cc4/cover.jpg/600x600bb.jpg,24.3,55.6,60.8,Dark & Moody,#4b3b29
"Videoclub, Adèle Castillon & Mattyeux",Amour plastique - Single,2018,1,Pop,https://is1-ssl.mzstatic.com/image/thumb/Music123/v4/c2/f7/cd/c2f7cd09-aa26-6478-6571-581dfb3c772a/886447794944.jpg/100x100bb.jpg,https://is1-ssl.mzstatic.com/image/thumb/Music123/v4/c2/f7/cd/c2f7cd09-aa26-6478-6571-581dfb3c772a/886447794944.jpg/600x600bb.jpg,41.6,37.2,54.3,Warm Red & Orange,#7c654f
TV Girl,French Exit,2014,12,Pop,https://is1-ssl.mzstatic.com/image/thumb/Music122/v4/3d/09/0c/3d090c87-f02b-3c3c-cedf-603cc900082f/888174780955_cover.jpg/100x100bb.jpg,https://is1-ssl.mzstatic.com/image/thumb/Music122/v4/3d/09/0c/3d090c87-f02b-3c3c-cedf-603cc900082f/888174780955_cover.jpg/600x600bb.jpg,14.7,61.4,43.6,Dark & Moody,#471617
khai dreams,Sunkissed - Single,2019,1,Pop,https://is1-ssl.mzstatic.com/image/thumb/Music115/v4/fb/c2/ab/fbc2ab42-d832-5cb0-251e-c09bc14c823e/194525406635_1.jpg/100x100bb.jpg,https://is1-ssl.mzstatic.com/image/thumb/Music115/v4/fb/c2/ab/fbc2ab42-d832-5cb0-251e-c09bc14c823e/194525406635_1.jpg/600x600bb.jpg,96.5,4.7,17.0,Minimalist White,#f6f6f3
Bedroom,In My Head - Single,2013,1,Pop,https://is1-ssl.mzstatic.com/image/thumb/Music116/v4/ad/af/62/adaf62c4-96c9-35d3-5e78-abbb0914f77e/1121bf38-113b-4bd6-bcf4-8e4b96cf4488.jpg/100x100bb.jpg,https://is1-ssl.mzstatic.com/image/thumb/Music116/v4/ad/af/62/adaf62c4-96c9-35d3-5e78-abbb0914f77e/1121bf38-113b-4bd6-bcf4-8e4b96cf4488.jpg/600x600bb.jpg,6.8,0.0,16.7,Dark & Moody,#111111
SALES,Renee - Single,2013,1,Pop,https://is1-ssl.mzstatic.com/image/thumb/Music114/v4/cf/ce/8e/cfce8ead-2b34-eb4d-e4a1-9deaf470ff3a/859712232359_cover.tif/100x100bb.jpg,https://is1-ssl.mzstatic.com/image/thumb/Music114/v4/cf/ce/8e/cfce8ead-2b34-eb4d-e4a1-9deaf470ff3a/859712232359_cover.tif/600x600bb.jpg,46.2,36.6,13.2,Green,#5d8176
A-Wall,Loverboy - Single,2019,1,Pop,https://is1-ssl.mzstatic.com/image/thumb/Music211/v4/38/41/7d/38417d24-9459-bab5-2d41-da44d7946b3d/1836.jpg/100x100bb.jpg,https://is1-ssl.mzstatic.com/image/thumb/Music211/v4/38/41/7d/38417d24-9459-bab5-2d41-da44d7946b3d/1836.jpg/600x600bb.jpg,28.1,16.5,43.7,Monochrome / Gray,#4b444d
Lyn Lapid,In My Mind - Single,2021,1,Pop,https://is1-ssl.mzstatic.com/image/thumb/Music115/v4/a3/84/37/a3843770-ec71-3bef-e544-092d210bd5e9/21UMGIM81488.rgb.jpg/100x100bb.jpg,https://is1-ssl.mzstatic.com/image/thumb/Music115/v4/a3/84/37/a3843770-ec71-3bef-e544-092d210bd5e9/21UMGIM81488.rgb.jpg/600x600bb.jpg,32.9,38.6,51.3,Warm Red & Orange,#63503e
Aimee Carty,2 days into college - Single,2023,1,Pop,https://is1-ssl.mzstatic.com/image/thumb/Music221/v4/41/ec/fd/41ecfd90-8cef-3c53-a296-ef26987d1167/810482514021.jpg/100x100bb.jpg,https://is1-ssl.mzstatic.com/image/thumb/Music221/v4/41/ec/fd/41ecfd90-8cef-3c53-a296-ef26987d1167/810482514021.jpg/600x600bb.jpg,56.9,39.6,44.0,Green,#819a8b
Carla Morrison,Déjenme Llorar,2012,14,Latin,https://is1-ssl.mzstatic.com/image/thumb/Music211/v4/71/f6/ce/71f6ce36-fdee-c95b-ced5-2b54ab8b14f9/787790255666.jpg/100x100bb.jpg,https://is1-ssl.mzstatic.com/image/thumb/Music211/v4/71/f6/ce/71f6ce36-fdee-c95b-ced5-2b54ab8b14f9/787790255666.jpg/600x600bb.jpg,68.8,0.0,84.6,Monochrome / Gray,#afafaf
Magdalena Bay,Imaginal Disk,2024,15,Pop,https://is1-ssl.mzstatic.com/image/thumb/Music221/v4/8f/e3/6c/8fe36c7a-d280-2d0e-8e67-4ee0fd4523cd/810090095448.png/100x100bb.jpg,https://is1-ssl.mzstatic.com/image/thumb/Music221/v4/8f/e3/6c/8fe36c7a-d280-2d0e-8e67-4ee0fd4523cd/810090095448.png/600x600bb.jpg,57.2,34.7,70.3,Cool Blue,#8196a6
hemlocke springs,girlfriend - Single,2022,1,Pop,https://is1-ssl.mzstatic.com/image/thumb/Music116/v4/8b/1c/03/8b1c03d5-59d8-e239-9745-fe8a81a74052/197208475652.jpg/100x100bb.jpg,https://is1-ssl.mzstatic.com/image/thumb/Music116/v4/8b/1c/03/8b1c03d5-59d8-e239-9745-fe8a81a74052/197208475652.jpg/600x600bb.jpg,54.0,18.0,45.8,Monochrome / Gray,#988480
Chance Peña,i am not who i was - Single,2023,1,Pop,https://is1-ssl.mzstatic.com/image/thumb/Music126/v4/b9/49/99/b949997f-6c16-d278-aa00-fe798ac6dd4e/dj.tdkqqsva.png/100x100bb.jpg,https://is1-ssl.mzstatic.com/image/thumb/Music126/v4/b9/49/99/b949997f-6c16-d278-aa00-fe798ac6dd4e/dj.tdkqqsva.png/600x600bb.jpg,16.4,0.0,9.2,Dark & Moody,#292929
Magdalena Bay,Killshot (Slowed + Reverb) - Single,2021,1,Pop,https://is1-ssl.mzstatic.com/image/thumb/Music124/v4/84/8c/7a/848c7a7d-15fd-66cf-97e9-f85ed6a45adf/196006033415.jpg/100x100bb.jpg,https://is1-ssl.mzstatic.com/image/thumb/Music124/v4/84/8c/7a/848c7a7d-15fd-66cf-97e9-f85ed6a45adf/196006033415.jpg/600x600bb.jpg,9.5,10.2,28.1,Dark & Moody,#1a1717
Blu DeTiger,Figure It Out - Single,2020,1,Pop,https://is1-ssl.mzstatic.com/image/thumb/Music115/v4/0a/b9/8c/0ab98c36-95af-5071-6363-4e6d33710b69/195081127156.jpg/100x100bb.jpg,https://is1-ssl.mzstatic.com/image/thumb/Music115/v4/0a/b9/8c/0ab98c36-95af-5071-6363-4e6d33710b69/195081127156.jpg/600x600bb.jpg,40.8,59.9,35.3,Pink & Magenta,#9e4d5f
bôa,Twilight,2010,14,Pop,https://is1-ssl.mzstatic.com/image/thumb/Music221/v4/45/44/15/45441528-0288-eedc-f6fc-93137b8cfe96/067003248969.png/100x100bb.jpg,https://is1-ssl.mzstatic.com/image/thumb/Music221/v4/45/44/15/45441528-0288-eedc-f6fc-93137b8cfe96/067003248969.png/600x600bb.jpg,31.9,55.2,35.5,Cool Blue,#514b6d
Crisaunt,Dream Girl - Single,2019,1,Pop,https://is1-ssl.mzstatic.com/image/thumb/Music125/v4/25/13/cb/2513cb34-b006-87c7-d052-a6ff32c98e0b/194491915384.jpg/100x100bb.jpg,https://is1-ssl.mzstatic.com/image/thumb/Music125/v4/25/13/cb/2513cb34-b006-87c7-d052-a6ff32c98e0b/194491915384.jpg/600x600bb.jpg,93.3,6.1,42.9,Minimalist White,#f4ebea
Royel Otis,Murder on the Dancefloor (triple j Like A Version) - Single,2024,1,Pop,https://is1-ssl.mzstatic.com/image/thumb/Music116/v4/48/af/b3/48afb389-ff90-a5b2-f20e-d42a26ecc494/197190932829.jpg/100x100bb.jpg,https://is1-ssl.mzstatic.com/image/thumb/Music116/v4/48/af/b3/48afb389-ff90-a5b2-f20e-d42a26ecc494/197190932829.jpg/600x600bb.jpg,26.0,49.7,59.3,Warm Red & Orange,#563a35
"Cautious Clay, Remi Wolf & sophie meiers","Cheesin' (feat. Still Woozy, Claud, Melanie Faye & HXNS) - Single",2020,1,Pop,https://is1-ssl.mzstatic.com/image/thumb/Music113/v4/d5/eb/dd/d5ebddff-49de-a056-1ba2-290edf18dad3/20UMGIM29069.rgb.jpg/100x100bb.jpg,https://is1-ssl.mzstatic.com/image/thumb/Music113/v4/d5/eb/dd/d5ebddff-49de-a056-1ba2-290edf18dad3/20UMGIM29069.rgb.jpg/600x600bb.jpg,55.0,43.8,43.8,Warm Red & Orange,#c47763
Still Woozy,BS - Single,2020,1,Pop,https://is1-ssl.mzstatic.com/image/thumb/Music124/v4/be/f8/9f/bef89f89-5072-2162-6341-eb3bb9a457fa/20UMGIM72917.rgb.jpg/100x100bb.jpg,https://is1-ssl.mzstatic.com/image/thumb/Music124/v4/be/f8/9f/bef89f89-5072-2162-6341-eb3bb9a457fa/20UMGIM72917.rgb.jpg/600x600bb.jpg,70.5,65.8,36.0,Green,#a6c57b
Caroline Polachek,"Desire, I Want to Turn Into You",2023,12,Pop,https://is1-ssl.mzstatic.com/image/thumb/Music116/v4/10/51/f2/1051f2cc-195f-ddb6-2d9e-26c74f0387fd/197187988518.jpg/100x100bb.jpg,https://is1-ssl.mzstatic.com/image/thumb/Music116/v4/10/51/f2/1051f2cc-195f-ddb6-2d9e-26c74f0387fd/197187988518.jpg/600x600bb.jpg,41.3,28.3,55.6,Warm Red & Orange,#796556
mazie,dumb dumb - Single,2021,1,Pop,https://is1-ssl.mzstatic.com/image/thumb/Music211/v4/11/be/1d/11be1d63-daee-86a2-6d41-f1e2b726ad1a/00842812152108_Cover.jpg/100x100bb.jpg,https://is1-ssl.mzstatic.com/image/thumb/Music211/v4/11/be/1d/11be1d63-daee-86a2-6d41-f1e2b726ad1a/00842812152108_Cover.jpg/600x600bb.jpg,63.2,54.5,41.6,Cool Blue,#68b3d4
AURORA,All My Demons Greeting Me as a Friend (Deluxe),2016,17,Pop,https://is1-ssl.mzstatic.com/image/thumb/Music221/v4/18/ad/13/18ad13c3-ff24-0b31-45c4-06b9064471cc/0044003184152_Cover.jpg/100x100bb.jpg,https://is1-ssl.mzstatic.com/image/thumb/Music221/v4/18/ad/13/18ad13c3-ff24-0b31-45c4-06b9064471cc/0044003184152_Cover.jpg/600x600bb.jpg,24.6,12.7,32.0,Dark & Moody,#433d39
Mellow Fellow,How Was Your Day? (feat. Clairo) - Single,2017,1,Pop,https://is1-ssl.mzstatic.com/image/thumb/Music221/v4/a4/a0/c0/a4a0c0e3-99b8-4f99-5ce3-0fb3c73fb74d/840094497337_cover.jpg/100x100bb.jpg,https://is1-ssl.mzstatic.com/image/thumb/Music221/v4/a4/a0/c0/a4a0c0e3-99b8-4f99-5ce3-0fb3c73fb74d/840094497337_cover.jpg/600x600bb.jpg,58.1,50.0,37.3,Cool Blue,#6aa4ae
Men I Trust,Numb - Single,2019,1,Pop,https://is1-ssl.mzstatic.com/image/thumb/Music124/v4/5d/78/90/5d78904a-661a-8896-975c-33b506b5b4ca/artwork.jpg/100x100bb.jpg,https://is1-ssl.mzstatic.com/image/thumb/Music124/v4/5d/78/90/5d78904a-661a-8896-975c-33b506b5b4ca/artwork.jpg/600x600bb.jpg,24.6,36.9,39.2,Dark & Moody,#4d3835
The Band CAMINO,Less Than I Do - Single,2018,1,Pop,https://is1-ssl.mzstatic.com/image/thumb/Music114/v4/2c/82/19/2c8219f3-7929-1158-ae04-8026bb51004e/193436070133_01_img001.jpg/100x100bb.jpg,https://is1-ssl.mzstatic.com/image/thumb/Music114/v4/2c/82/19/2c8219f3-7929-1158-ae04-8026bb51004e/193436070133_01_img001.jpg/600x600bb.jpg,47.2,57.0,51.9,Cool Blue,#587bbc
Francis and the Lights,"Farewell, Starlite!",2016,10,Pop,https://is1-ssl.mzstatic.com/image/thumb/Music115/v4/74/39/91/743991b8-d4bd-ca58-1dcf-849a8b6b0246/859718376101_cover.jpg/100x100bb.jpg,https://is1-ssl.mzstatic.com/image/thumb/Music115/v4/74/39/91/743991b8-d4bd-ca58-1dcf-849a8b6b0246/859718376101_cover.jpg/600x600bb.jpg,30.5,0.0,48.1,Monochrome / Gray,#4d4d4d
JVKE,this is what losing someone feels like - Single,2023,1,Pop,https://is1-ssl.mzstatic.com/image/thumb/Music116/v4/fa/f1/cd/faf1cd7c-9e3d-ddf4-8e26-e279fecae59a/197188326906.jpg/100x100bb.jpg,https://is1-ssl.mzstatic.com/image/thumb/Music116/v4/fa/f1/cd/faf1cd7c-9e3d-ddf4-8e26-e279fecae59a/197188326906.jpg/600x600bb.jpg,42.1,39.7,21.3,Cool Blue,#4f7580
AURORA,The Gods We Can Touch,2022,15,Pop,https://is1-ssl.mzstatic.com/image/thumb/Music112/v4/17/ee/5e/17ee5e67-1dcd-beab-a5d4-4845f9dbacbf/5056167167433.jpg/100x100bb.jpg,https://is1-ssl.mzstatic.com/image/thumb/Music112/v4/17/ee/5e/17ee5e67-1dcd-beab-a5d4-4845f9dbacbf/5056167167433.jpg/600x600bb.jpg,25.1,61.4,29.2,Warm Red & Orange,#712b26
Still Woozy,Rocky - Single,2021,1,Pop,https://is1-ssl.mzstatic.com/image/thumb/Music114/v4/c0/b9/f1/c0b9f155-9a14-eb11-cb50-a33bca410217/21UMGIM10916.rgb.jpg/100x100bb.jpg,https://is1-ssl.mzstatic.com/image/thumb/Music114/v4/c0/b9/f1/c0b9f155-9a14-eb11-cb50-a33bca410217/21UMGIM10916.rgb.jpg/600x600bb.jpg,54.3,57.7,39.0,Green,#8c9068
AURORA,A Different Kind Of Human (Step II),2019,11,Pop,https://is1-ssl.mzstatic.com/image/thumb/Music112/v4/cc/2d/69/cc2d69d3-61f2-1c69-159c-898bac81cc14/5056167113911.jpg/100x100bb.jpg,https://is1-ssl.mzstatic.com/image/thumb/Music112/v4/cc/2d/69/cc2d69d3-61f2-1c69-159c-898bac81cc14/5056167113911.jpg/600x600bb.jpg,44.6,52.2,50.0,Warm Red & Orange,#a15f53
Jordi,Hate You - Single,2022,1,Pop,https://is1-ssl.mzstatic.com/image/thumb/Music112/v4/38/78/50/387850d5-1658-26b6-7b61-3c43c7a76610/0.jpg/100x100bb.jpg,https://is1-ssl.mzstatic.com/image/thumb/Music112/v4/38/78/50/387850d5-1658-26b6-7b61-3c43c7a76610/0.jpg/600x600bb.jpg,38.6,26.7,72.8,Warm Red & Orange,#695f5c
lost hope.,The Beach - Single,2022,1,Pop,https://is1-ssl.mzstatic.com/image/thumb/Music112/v4/28/b4/2a/28b42ab5-2fe2-085d-5873-84a01a199cde/1963620729142_cover.jpg/100x100bb.jpg,https://is1-ssl.mzstatic.com/image/thumb/Music112/v4/28/b4/2a/28b42ab5-2fe2-085d-5873-84a01a199cde/1963620729142_cover.jpg/600x600bb.jpg,21.7,57.5,33.6,Dark & Moody,#233c50
Royel Otis,Oysters In My Pocket - Single,2022,1,Pop,https://is1-ssl.mzstatic.com/image/thumb/Music126/v4/2e/11/3c/2e113c41-3047-b06f-5926-179cfa697cce/cover.jpg/100x100bb.jpg,https://is1-ssl.mzstatic.com/image/thumb/Music126/v4/2e/11/3c/2e113c41-3047-b06f-5926-179cfa697cce/cover.jpg/600x600bb.jpg,73.5,2.9,76.7,Monochrome / Gray,#babcb9
Mellow Fellow,Dancing - Single,2017,1,Pop,https://is1-ssl.mzstatic.com/image/thumb/Music211/v4/34/fe/b2/34feb280-c45b-3cea-5257-4240825f387a/840094503199_cover.jpg/100x100bb.jpg,https://is1-ssl.mzstatic.com/image/thumb/Music211/v4/34/fe/b2/34feb280-c45b-3cea-5257-4240825f387a/840094503199_cover.jpg/600x600bb.jpg,51.8,27.0,64.2,Warm Red & Orange,#987c78
Still Woozy,Kenny - Single,2021,1,Pop,https://is1-ssl.mzstatic.com/image/thumb/Music115/v4/2d/b3/b0/2db3b0e2-0b20-c113-dc66-25545347e8df/21UMGIM27924.rgb.jpg/100x100bb.jpg,https://is1-ssl.mzstatic.com/image/thumb/Music115/v4/2d/b3/b0/2db3b0e2-0b20-c113-dc66-25545347e8df/21UMGIM27924.rgb.jpg/600x600bb.jpg,51.7,56.4,46.5,Cool Blue,#7f7fa4
Magdalena Bay,Mercurial World,2021,14,Pop,https://is1-ssl.mzstatic.com/image/thumb/Music125/v4/cc/63/18/cc63183f-a3b2-a433-50a2-dc923339d021/196006633820.jpg/100x100bb.jpg,https://is1-ssl.mzstatic.com/image/thumb/Music125/v4/cc/63/18/cc63183f-a3b2-a433-50a2-dc923339d021/196006633820.jpg/600x600bb.jpg,49.1,27.3,49.6,Pink & Magenta,#917376
maye,My Love - Single,2019,1,Pop,https://is1-ssl.mzstatic.com/image/thumb/Music114/v4/5f/89/31/5f893144-0830-4aff-9e27-d60d52f46e59/193436105323_01_img001.jpg/100x100bb.jpg,https://is1-ssl.mzstatic.com/image/thumb/Music114/v4/5f/89/31/5f893144-0830-4aff-9e27-d60d52f46e59/193436105323_01_img001.jpg/600x600bb.jpg,62.6,37.1,48.4,Cool Blue,#79adbd
SALES,Sales - EP,2014,6,Pop,https://is1-ssl.mzstatic.com/image/thumb/Music114/v4/d6/cf/08/d6cf08f1-c766-f23a-3ede-0f360e4f7ce3/859713326644_cover.tif/100x100bb.jpg,https://is1-ssl.mzstatic.com/image/thumb/Music114/v4/d6/cf/08/d6cf08f1-c766-f23a-3ede-0f360e4f7ce3/859713326644_cover.tif/600x600bb.jpg,15.7,16.4,45.2,Dark & Moody,#2b2626
Gus Dapperton,My Favorite Fish - Single,2019,1,Pop,https://is1-ssl.mzstatic.com/image/thumb/Music114/v4/5d/51/6f/5d516f19-5c90-9add-bd4f-1c8813162816/5056167112112_1.jpg/100x100bb.jpg,https://is1-ssl.mzstatic.com/image/thumb/Music114/v4/5d/51/6f/5d516f19-5c90-9add-bd4f-1c8813162816/5056167112112_1.jpg/600x600bb.jpg,45.0,52.5,41.4,Cool Blue,#5d7b7d
Tessa Violet,YES MOM - Single,2022,1,Pop,https://is1-ssl.mzstatic.com/image/thumb/Music126/v4/2d/80/74/2d8074f3-6d7c-f6bc-53ab-5d418ee868de/196626197597.jpg/100x100bb.jpg,https://is1-ssl.mzstatic.com/image/thumb/Music126/v4/2d/80/74/2d8074f3-6d7c-f6bc-53ab-5d418ee868de/196626197597.jpg/600x600bb.jpg,21.1,35.9,65.0,Dark & Moody,#393628
New Order,"Power, Corruption & Lies",1983,8,Pop,https://is1-ssl.mzstatic.com/image/thumb/Music115/v4/d2/3f/c8/d23fc8e7-3baa-eae3-7301-7a868d00ab09/825646053803.jpg/100x100bb.jpg,https://is1-ssl.mzstatic.com/image/thumb/Music115/v4/d2/3f/c8/d23fc8e7-3baa-eae3-7301-7a868d00ab09/825646053803.jpg/600x600bb.jpg,37.9,14.7,47.0,Monochrome / Gray,#645f5a
"La Roux & Tyler, The Creator","Automatic Driver (Tyler, The Creator Remix) - Single",2020,1,Pop,https://is1-ssl.mzstatic.com/image/thumb/Music124/v4/ff/4c/e0/ff4ce033-5ec3-40d4-989a-b8ef60dd763f/cover.jpg/100x100bb.jpg,https://is1-ssl.mzstatic.com/image/thumb/Music124/v4/ff/4c/e0/ff4ce033-5ec3-40d4-989a-b8ef60dd763f/cover.jpg/600x600bb.jpg,66.3,29.8,44.3,Cool Blue,#ada4b7
Goth Babe,I Wanna Help Your Mind - Single,2021,1,Pop,https://is1-ssl.mzstatic.com/image/thumb/Music124/v4/52/92/0d/52920d52-464f-4c7b-5285-7d4ed66d3649/859746135275_cover.jpg/100x100bb.jpg,https://is1-ssl.mzstatic.com/image/thumb/Music124/v4/52/92/0d/52920d52-464f-4c7b-5285-7d4ed66d3649/859746135275_cover.jpg/600x600bb.jpg,35.4,61.9,49.2,Pink & Magenta,#823e81
Caroline Polachek,Bunny Is A Rider - Single,2021,1,Pop,https://is1-ssl.mzstatic.com/image/thumb/Music115/v4/59/9d/92/599d923a-0c78-4957-42a0-915b87b28645/196006957056.jpg/100x100bb.jpg,https://is1-ssl.mzstatic.com/image/thumb/Music115/v4/59/9d/92/599d923a-0c78-4957-42a0-915b87b28645/196006957056.jpg/600x600bb.jpg,3.7,23.2,27.6,Dark & Moody,#0a0909
New Order,Substance,1987,24,Pop,https://is1-ssl.mzstatic.com/image/thumb/Music114/v4/10/38/a1/1038a176-a759-df9a-6aa0-e8497bb0cfd0/190295211592.jpg/100x100bb.jpg,https://is1-ssl.mzstatic.com/image/thumb/Music114/v4/10/38/a1/1038a176-a759-df9a-6aa0-e8497bb0cfd0/190295211592.jpg/600x600bb.jpg,97.7,1.4,14.2,Minimalist White,#f6fafa
Gus Dapperton,Where Polly People Go to Read,2019,10,Pop,https://is1-ssl.mzstatic.com/image/thumb/Music114/v4/0a/5b/56/0a5b5699-6208-be37-7c53-1904bb171dc1/5056167113980_1.jpg/100x100bb.jpg,https://is1-ssl.mzstatic.com/image/thumb/Music114/v4/0a/5b/56/0a5b5699-6208-be37-7c53-1904bb171dc1/5056167113980_1.jpg/600x600bb.jpg,69.9,49.3,65.5,Cool Blue,#7cc1ee
Chance Peña,The Mountain Is You - Single,2024,1,Pop,https://is1-ssl.mzstatic.com/image/thumb/Music211/v4/88/42/2a/88422aae-0271-b649-88f7-b2d082dfac4a/0.jpg/100x100bb.jpg,https://is1-ssl.mzstatic.com/image/thumb/Music211/v4/88/42/2a/88422aae-0271-b649-88f7-b2d082dfac4a/0.jpg/600x600bb.jpg,25.6,68.2,61.6,Warm Red & Orange,#6a3417
Holly Humberstone,Falling Asleep at the Wheel - EP (Apple Music Up Next Film Edition),2020,7,Pop,https://is1-ssl.mzstatic.com/image/thumb/Music115/v4/99/86/e9/9986e981-fd33-f7be-e6b5-827de2685b34/5060726324977.png/100x100bb.jpg,https://is1-ssl.mzstatic.com/image/thumb/Music115/v4/99/86/e9/9986e981-fd33-f7be-e6b5-827de2685b34/5060726324977.png/600x600bb.jpg,60.4,16.9,54.6,Monochrome / Gray,#a6968b
DPR IAN,Dear Insanity...,2023,7,Pop,https://is1-ssl.mzstatic.com/image/thumb/Music126/v4/85/ce/42/85ce42d1-9ae4-ae3d-3002-1fb030dbcac5/197189343070.jpg/100x100bb.jpg,https://is1-ssl.mzstatic.com/image/thumb/Music126/v4/85/ce/42/85ce42d1-9ae4-ae3d-3002-1fb030dbcac5/197189343070.jpg/600x600bb.jpg,60.7,32.0,74.3,Pink & Magenta,#b58c9c
The Rare Occasions,Origami - Single,2021,1,Pop,https://is1-ssl.mzstatic.com/image/thumb/Music115/v4/03/13/76/0313761e-8f5f-a796-203b-e343c9fac754/024543629719_cover.jpg/100x100bb.jpg,https://is1-ssl.mzstatic.com/image/thumb/Music115/v4/03/13/76/0313761e-8f5f-a796-203b-e343c9fac754/024543629719_cover.jpg/600x600bb.jpg,53.3,34.2,40.9,Cool Blue,#84849f
Oklou,choke enough,2025,13,Pop,https://is1-ssl.mzstatic.com/image/thumb/Music221/v4/c0/d9/d5/c0d9d5fb-287c-0c0e-671c-14b66dd6fcff/850064074956.jpg/100x100bb.jpg,https://is1-ssl.mzstatic.com/image/thumb/Music221/v4/c0/d9/d5/c0d9d5fb-287c-0c0e-671c-14b66dd6fcff/850064074956.jpg/600x600bb.jpg,44.0,34.3,64.3,Green,#637575
Sai Abhyankkar & Sai Smriti,"Aasa Kooda (From ""Think Indie"") - Single",2024,1,Pop,https://is1-ssl.mzstatic.com/image/thumb/Music221/v4/39/42/ba/3942ba45-40bd-5d0a-d7ad-0595f1336f3f/cover.jpg/100x100bb.jpg,https://is1-ssl.mzstatic.com/image/thumb/Music221/v4/39/42/ba/3942ba45-40bd-5d0a-d7ad-0595f1336f3f/cover.jpg/600x600bb.jpg,63.3,67.1,42.1,Warm Red & Orange,#d59944
Royel Otis,SiriusXM Session - Single,2024,2,Pop,https://is1-ssl.mzstatic.com/image/thumb/Music221/v4/78/69/ec/7869ecf5-d6cb-59ab-25b1-b7253a1c16ec/cover.jpg/100x100bb.jpg,https://is1-ssl.mzstatic.com/image/thumb/Music221/v4/78/69/ec/7869ecf5-d6cb-59ab-25b1-b7253a1c16ec/cover.jpg/600x600bb.jpg,20.4,0.0,40.2,Dark & Moody,#343434
Vanna Rainelle,YAD - Single,2024,1,Pop,https://is1-ssl.mzstatic.com/image/thumb/Music211/v4/1f/e9/b5/1fe9b5e3-5e75-c408-c102-ce38867070f2/198846591285.jpg/100x100bb.jpg,https://is1-ssl.mzstatic.com/image/thumb/Music211/v4/1f/e9/b5/1fe9b5e3-5e75-c408-c102-ce38867070f2/198846591285.jpg/600x600bb.jpg,44.4,0.0,42.4,Monochrome / Gray,#717171
One Direction,Made In The A.M. (Deluxe Edition),2015,17,Pop,https://is1-ssl.mzstatic.com/image/thumb/Music125/v4/45/ac/db/45acdb3d-1a85-52e3-43d5-195f8f58067d/mzm.qyfviqnb.jpg/100x100bb.jpg,https://is1-ssl.mzstatic.com/image/thumb/Music125/v4/45/ac/db/45acdb3d-1a85-52e3-43d5-195f8f58067d/mzm.qyfviqnb.jpg/600x600bb.jpg,42.2,29.0,65.7,Warm Red & Orange,#7a6660
Selena Gomez,Bad Liar - Single,2017,1,Pop,https://is1-ssl.mzstatic.com/image/thumb/Music122/v4/e8/90/27/e89027db-a2c6-90f3-d2ea-1a2cd6072f1e/17UMGIM99580.rgb.jpg/100x100bb.jpg,https://is1-ssl.mzstatic.com/image/thumb/Music122/v4/e8/90/27/e89027db-a2c6-90f3-d2ea-1a2cd6072f1e/17UMGIM99580.rgb.jpg/600x600bb.jpg,41.1,20.0,59.7,Warm Red & Orange,#6b6862
Justin Bieber,My World (iTunes Exclusive Edition),2009,11,Pop,https://is1-ssl.mzstatic.com/image/thumb/Music211/v4/ec/48/1d/ec481d95-0547-d0d2-aaf7-4d1f80d66ae2/09UMGIM38755.rgb.jpg/100x100bb.jpg,https://is1-ssl.mzstatic.com/image/thumb/Music211/v4/ec/48/1d/ec481d95-0547-d0d2-aaf7-4d1f80d66ae2/09UMGIM38755.rgb.jpg/600x600bb.jpg,32.9,58.7,70.5,Warm Red & Orange,#6a4c3f
Katy Perry,Never Really Over - Single,2019,1,Pop,https://is1-ssl.mzstatic.com/image/thumb/Music116/v4/80/ba/ba/80baba63-2c11-d744-5182-5efe9d96c64b/19UMGIM45431.rgb.jpg/100x100bb.jpg,https://is1-ssl.mzstatic.com/image/thumb/Music116/v4/80/ba/ba/80baba63-2c11-d744-5182-5efe9d96c64b/19UMGIM45431.rgb.jpg/600x600bb.jpg,50.4,74.7,35.6,Warm Red & Orange,#b5723b
Ariana Grande,Positions,2020,14,Pop,https://is1-ssl.mzstatic.com/image/thumb/Music125/v4/a8/8e/f9/a88ef97a-74c3-bedf-0574-ea0b83b40a38/20UMGIM94965.rgb.jpg/100x100bb.jpg,https://is1-ssl.mzstatic.com/image/thumb/Music125/v4/a8/8e/f9/a88ef97a-74c3-bedf-0574-ea0b83b40a38/20UMGIM94965.rgb.jpg/600x600bb.jpg,71.4,9.3,39.6,Monochrome / Gray,#b4b7b2
Conan Gray,People Watching - Single,2021,1,Pop,https://is1-ssl.mzstatic.com/image/thumb/Music115/v4/80/a0/01/80a001d2-b069-48b5-8039-8d59ce8b6dcf/21UMGIM50538.rgb.jpg/100x100bb.jpg,https://is1-ssl.mzstatic.com/image/thumb/Music115/v4/80/a0/01/80a001d2-b069-48b5-8039-8d59ce8b6dcf/21UMGIM50538.rgb.jpg/600x600bb.jpg,79.5,0.0,55.5,Minimalist White,#cacaca
Shawn Mendes,Illuminate (Deluxe),2016,16,Pop,https://is1-ssl.mzstatic.com/image/thumb/Music124/v4/5c/57/e4/5c57e46a-0950-7ebd-8010-28453c1c0055/16UMGIM51723.rgb.jpg/100x100bb.jpg,https://is1-ssl.mzstatic.com/image/thumb/Music124/v4/5c/57/e4/5c57e46a-0950-7ebd-8010-28453c1c0055/16UMGIM51723.rgb.jpg/600x600bb.jpg,38.9,30.2,36.3,Green,#556b5f
Shawn Mendes,Shawn Mendes,2018,14,Pop,https://is1-ssl.mzstatic.com/image/thumb/Music115/v4/34/34/ab/3434abcc-3b47-ca75-71df-c6a8392005d0/18UMGIM23926.rgb.jpg/100x100bb.jpg,https://is1-ssl.mzstatic.com/image/thumb/Music115/v4/34/34/ab/3434abcc-3b47-ca75-71df-c6a8392005d0/18UMGIM23926.rgb.jpg/600x600bb.jpg,40.6,42.8,57.7,Warm Red & Orange,#7a624f
Becky G,Shower - Single,2014,1,Pop,https://is1-ssl.mzstatic.com/image/thumb/Music125/v4/1e/a4/fc/1ea4fc70-bd8e-5fe8-8bb2-aca496c73839/dj.jgevzlxu.jpg/100x100bb.jpg,https://is1-ssl.mzstatic.com/image/thumb/Music125/v4/1e/a4/fc/1ea4fc70-bd8e-5fe8-8bb2-aca496c73839/dj.jgevzlxu.jpg/600x600bb.jpg,44.1,52.0,39.3,Warm Red & Orange,#a75a4f
Taylor Swift,Midnights (3am Edition),2022,21,Pop,https://is1-ssl.mzstatic.com/image/thumb/Music112/v4/ff/e8/8a/ffe88ac5-9468-0671-9968-3438faad2cc1/22UM1IM22512.rgb.jpg/100x100bb.jpg,https://is1-ssl.mzstatic.com/image/thumb/Music112/v4/ff/e8/8a/ffe88ac5-9468-0671-9968-3438faad2cc1/22UM1IM22512.rgb.jpg/600x600bb.jpg,58.3,25.5,79.8,Pink & Magenta,#a38d8e
Victorious Cast,Victorious (Music from the Hit TV Show) [feat. Victoria Justice],2011,13,Pop,https://is1-ssl.mzstatic.com/image/thumb/Music124/v4/ba/28/7e/ba287e5b-c5cb-27c7-a4d7-42e19250402c/mzi.wtblbesz.jpg/100x100bb.jpg,https://is1-ssl.mzstatic.com/image/thumb/Music124/v4/ba/28/7e/ba287e5b-c5cb-27c7-a4d7-42e19250402c/mzi.wtblbesz.jpg/600x600bb.jpg,34.4,38.8,46.1,Pink & Magenta,#704b56
Avril Lavigne,Let Go,2002,13,Pop,https://is1-ssl.mzstatic.com/image/thumb/Music115/v4/32/2c/f3/322cf324-9ea1-3962-865a-f4f9bf83764d/888880191069.jpg/100x100bb.jpg,https://is1-ssl.mzstatic.com/image/thumb/Music115/v4/32/2c/f3/322cf324-9ea1-3962-865a-f4f9bf83764d/888880191069.jpg/600x600bb.jpg,37.4,19.8,48.3,Cool Blue,#635c64
Katy Perry,PRISM (Deluxe Version),2013,16,Pop,https://is1-ssl.mzstatic.com/image/thumb/Music221/v4/36/21/81/36218129-51b4-df22-cafb-8e9503b53147/13UAAIM70445.rgb.jpg/100x100bb.jpg,https://is1-ssl.mzstatic.com/image/thumb/Music221/v4/36/21/81/36218129-51b4-df22-cafb-8e9503b53147/13UAAIM70445.rgb.jpg/600x600bb.jpg,82.8,17.3,28.4,Minimalist White,#e2cfbe
Gracie Abrams,Mess It Up - Single,2021,1,Pop,https://is1-ssl.mzstatic.com/image/thumb/Music125/v4/ba/40/b5/ba40b591-7c74-1115-e010-0c9a051c5164/21UMGIM35406.rgb.jpg/100x100bb.jpg,https://is1-ssl.mzstatic.com/image/thumb/Music125/v4/ba/40/b5/ba40b591-7c74-1115-e010-0c9a051c5164/21UMGIM35406.rgb.jpg/600x600bb.jpg,20.9,36.2,47.2,Dark & Moody,#3d322e
One Direction,FOUR (The Ultimate Edition),2014,16,Pop,https://is1-ssl.mzstatic.com/image/thumb/Music125/v4/14/e4/98/14e49846-57a9-dc8d-6fa3-5e03ccf3606c/dj.ljogvxod.jpg/100x100bb.jpg,https://is1-ssl.mzstatic.com/image/thumb/Music125/v4/14/e4/98/14e49846-57a9-dc8d-6fa3-5e03ccf3606c/dj.ljogvxod.jpg/600x600bb.jpg,33.2,2.5,54.0,Monochrome / Gray,#545455
One Direction,Midnight Memories (Deluxe Edition),2013,19,Pop,https://is1-ssl.mzstatic.com/image/thumb/Features125/v4/66/75/88/6675882c-3685-2b6b-f9de-c6d3e06602b5/dj.fuklqvvg.jpg/100x100bb.jpg,https://is1-ssl.mzstatic.com/image/thumb/Features125/v4/66/75/88/6675882c-3685-2b6b-f9de-c6d3e06602b5/dj.fuklqvvg.jpg/600x600bb.jpg,38.5,17.4,63.3,Monochrome / Gray,#6f5c5b
Taylor Swift,This Love (Taylor’s Version) - Single,2022,2,Pop,https://is1-ssl.mzstatic.com/image/thumb/Music116/v4/d3/34/1d/d3341d9b-f10e-1406-180b-99750f7cad26/22UMGIM47170.rgb.jpg/100x100bb.jpg,https://is1-ssl.mzstatic.com/image/thumb/Music116/v4/d3/34/1d/d3341d9b-f10e-1406-180b-99750f7cad26/22UMGIM47170.rgb.jpg/600x600bb.jpg,70.3,18.6,69.8,Warm Red & Orange,#c0afa4
One Direction,Take Me Home (Yearbook Edition),2012,22,Pop,https://is1-ssl.mzstatic.com/image/thumb/Music125/v4/49/49/8d/49498da7-d2f6-24a8-8f5c-6d76119b07e7/886443503175.jpg/100x100bb.jpg,https://is1-ssl.mzstatic.com/image/thumb/Music125/v4/49/49/8d/49498da7-d2f6-24a8-8f5c-6d76119b07e7/886443503175.jpg/600x600bb.jpg,40.0,8.3,78.1,Monochrome / Gray,#6b6461
Britney Spears,In the Zone,2003,13,Pop,https://is1-ssl.mzstatic.com/image/thumb/Music125/v4/38/8b/7a/388b7a8f-10ff-a4e0-7624-65e29ac6a793/828765374828.jpg/100x100bb.jpg,https://is1-ssl.mzstatic.com/image/thumb/Music125/v4/38/8b/7a/388b7a8f-10ff-a4e0-7624-65e29ac6a793/828765374828.jpg/600x600bb.jpg,51.2,50.5,53.7,Cool Blue,#5c8dac
Justin Timberlake,Justified,2002,13,Pop,https://is1-ssl.mzstatic.com/image/thumb/Music125/v4/f9/76/d2/f976d242-4e68-1919-6576-ef4c869c077a/dj.umvqrvup.jpg/100x100bb.jpg,https://is1-ssl.mzstatic.com/image/thumb/Music125/v4/f9/76/d2/f976d242-4e68-1919-6576-ef4c869c077a/dj.umvqrvup.jpg/600x600bb.jpg,30.0,19.6,60.1,Cool Blue,#4d4b51
Big Time Rush,BTR,2010,12,Pop,https://is1-ssl.mzstatic.com/image/thumb/Music/7a/c9/84/mzi.gjrugplw.jpg/100x100bb.jpg,https://is1-ssl.mzstatic.com/image/thumb/Music/7a/c9/84/mzi.gjrugplw.jpg/600x600bb.jpg,53.9,15.4,88.4,Monochrome / Gray,#8e8785
Jonas Brothers,Jonas Brothers,2007,14,Pop,https://is1-ssl.mzstatic.com/image/thumb/Music211/v4/86/dd/2a/86dd2a18-4d27-c81f-835d-3edb8841749b/602517746626.jpg/100x100bb.jpg,https://is1-ssl.mzstatic.com/image/thumb/Music211/v4/86/dd/2a/86dd2a18-4d27-c81f-835d-3edb8841749b/602517746626.jpg/600x600bb.jpg,58.7,0.0,92.1,Monochrome / Gray,#959595
Little Mix,Confetti,2020,13,Pop,https://is1-ssl.mzstatic.com/image/thumb/Music124/v4/b1/04/de/b104decf-f9f8-2a58-a994-bbc6c96f3cc7/886448667506.jpg/100x100bb.jpg,https://is1-ssl.mzstatic.com/image/thumb/Music124/v4/b1/04/de/b104decf-f9f8-2a58-a994-bbc6c96f3cc7/886448667506.jpg/600x600bb.jpg,36.2,43.4,54.7,Pink & Magenta,#715256
Kelly Clarkson,Breakaway,2004,12,Pop,https://is1-ssl.mzstatic.com/image/thumb/Music115/v4/e3/7e/c5/e37ec5d7-725b-695c-333c-ee0deb5adcc6/dj.mveioodu.jpg/100x100bb.jpg,https://is1-ssl.mzstatic.com/image/thumb/Music115/v4/e3/7e/c5/e37ec5d7-725b-695c-333c-ee0deb5adcc6/dj.mveioodu.jpg/600x600bb.jpg,62.3,12.4,67.6,Monochrome / Gray,#a69c95
Shawn Mendes,Handwritten (Deluxe Edition),2015,17,Pop,https://is1-ssl.mzstatic.com/image/thumb/Music115/v4/ef/06/de/ef06deeb-3890-e06f-905c-5686e23c2b88/15UMGIM06404.rgb.jpg/100x100bb.jpg,https://is1-ssl.mzstatic.com/image/thumb/Music115/v4/ef/06/de/ef06deeb-3890-e06f-905c-5686e23c2b88/15UMGIM06404.rgb.jpg/600x600bb.jpg,17.5,11.9,43.7,Dark & Moody,#2f2c28
Backstreet Boys,Millennium,1999,12,Pop,https://is1-ssl.mzstatic.com/image/thumb/Music115/v4/5f/6b/e9/5f6be919-1b9e-30ef-45b7-cc27fc428fd5/012414167224.jpg/100x100bb.jpg,https://is1-ssl.mzstatic.com/image/thumb/Music115/v4/5f/6b/e9/5f6be919-1b9e-30ef-45b7-cc27fc428fd5/012414167224.jpg/600x600bb.jpg,69.3,21.0,32.5,Cool Blue,#9db8be
Demi Lovato,Demi,2013,13,Pop,https://is1-ssl.mzstatic.com/image/thumb/Music124/v4/17/80/d4/1780d447-2e6b-a0cd-d41f-fd20997682a0/13DMGIM03857.rgb.jpg/100x100bb.jpg,https://is1-ssl.mzstatic.com/image/thumb/Music124/v4/17/80/d4/1780d447-2e6b-a0cd-d41f-fd20997682a0/13DMGIM03857.rgb.jpg/600x600bb.jpg,72.9,5.5,77.7,Monochrome / Gray,#bcb8b9
Frankie Valli & The Four Seasons,The Very Best of Frankie Valli and the Four Seasons,2002,20,Pop,https://is1-ssl.mzstatic.com/image/thumb/Music115/v4/a0/b6/98/a0b6983b-3e5b-0a42-3d04-308425815922/s06.tapekocb.jpg/100x100bb.jpg,https://is1-ssl.mzstatic.com/image/thumb/Music115/v4/a0/b6/98/a0b6983b-3e5b-0a42-3d04-308425815922/s06.tapekocb.jpg/600x600bb.jpg,41.5,39.9,55.2,Cool Blue,#5d698c
Jonas Brothers,A Little Bit Longer,2008,12,Pop,https://is1-ssl.mzstatic.com/image/thumb/Music211/v4/e2/f8/50/e2f850ce-1e94-ac5a-4ee5-1eb1ebe7ab0c/050087125189.jpg/100x100bb.jpg,https://is1-ssl.mzstatic.com/image/thumb/Music211/v4/e2/f8/50/e2f850ce-1e94-ac5a-4ee5-1eb1ebe7ab0c/050087125189.jpg/600x600bb.jpg,39.0,16.5,44.2,Monochrome / Gray,#67625f
Backstreet Boys,Backstreet Boys,1996,12,Pop,https://is1-ssl.mzstatic.com/image/thumb/Music114/v4/59/00/53/59005338-772d-2dd7-e2ff-674484629337/012414158925.jpg/100x100bb.jpg,https://is1-ssl.mzstatic.com/image/thumb/Music114/v4/59/00/53/59005338-772d-2dd7-e2ff-674484629337/012414158925.jpg/600x600bb.jpg,55.9,16.5,77.0,Monochrome / Gray,#928b93
Taylor Swift,Midnights,2022,14,Pop,https://is1-ssl.mzstatic.com/image/thumb/Music122/v4/67/b5/01/67b501d5-362e-797e-7dbd-942b9e273084/22UM1IM24801.rgb.jpg/100x100bb.jpg,https://is1-ssl.mzstatic.com/image/thumb/Music122/v4/67/b5/01/67b501d5-362e-797e-7dbd-942b9e273084/22UM1IM24801.rgb.jpg/600x600bb.jpg,58.4,25.5,80.1,Pink & Magenta,#a48e8e
Britney Spears,Oops!...I Did It Again,2000,12,Pop,https://is1-ssl.mzstatic.com/image/thumb/Music211/v4/d5/9d/97/d59d9769-1369-854f-1681-4901a6d8361b/012414170422.jpg/100x100bb.jpg,https://is1-ssl.mzstatic.com/image/thumb/Music211/v4/d5/9d/97/d59d9769-1369-854f-1681-4901a6d8361b/012414170422.jpg/600x600bb.jpg,48.3,37.9,41.3,Warm Red & Orange,#92745c
Becky G,Can't Stop Dancin' - Single,2014,1,Pop,https://is1-ssl.mzstatic.com/image/thumb/Music115/v4/55/f4/93/55f49347-07ff-b054-ac39-b986be4648a8/886444913102.jpg/100x100bb.jpg,https://is1-ssl.mzstatic.com/image/thumb/Music115/v4/55/f4/93/55f49347-07ff-b054-ac39-b986be4648a8/886444913102.jpg/600x600bb.jpg,67.8,76.7,51.2,Warm Red & Orange,#ccb52c
BTS,Love Yourself 轉 'Tear',2018,11,Pop,https://is1-ssl.mzstatic.com/image/thumb/Music126/v4/02/c5/18/02c518f5-ac06-3321-622e-08d9429fd968/192562556672_Cover.jpg/100x100bb.jpg,https://is1-ssl.mzstatic.com/image/thumb/Music126/v4/02/c5/18/02c518f5-ac06-3321-622e-08d9429fd968/192562556672_Cover.jpg/600x600bb.jpg,13.9,28.3,11.7,Dark & Moody,#20232c
Britney Spears,...Baby One More Time (Deluxe Version),1999,16,Pop,https://is1-ssl.mzstatic.com/image/thumb/Music211/v4/51/73/28/5173280b-9b5e-c5e4-d3f8-a2612d044543/888880423368.jpg/100x100bb.jpg,https://is1-ssl.mzstatic.com/image/thumb/Music211/v4/51/73/28/5173280b-9b5e-c5e4-d3f8-a2612d044543/888880423368.jpg/600x600bb.jpg,64.9,36.8,48.6,Warm Red & Orange,#cf958b
Justin Bieber,SWAG,2025,21,Pop,https://is1-ssl.mzstatic.com/image/thumb/Music221/v4/74/ef/6b/74ef6b72-301a-5fe1-27fe-d6de1954f452/25UMGIM94519.rgb.jpg/100x100bb.jpg,https://is1-ssl.mzstatic.com/image/thumb/Music221/v4/74/ef/6b/74ef6b72-301a-5fe1-27fe-d6de1954f452/25UMGIM94519.rgb.jpg/600x600bb.jpg,4.5,0.1,3.1,Dark & Moody,#0b0b0b
Little Mix,Salute (Deluxe Edition),2013,16,Pop,https://is1-ssl.mzstatic.com/image/thumb/Music125/v4/33/8a/cb/338acba4-f29c-c4c2-ff02-e84cf0652cda/886444313476.jpg/100x100bb.jpg,https://is1-ssl.mzstatic.com/image/thumb/Music125/v4/33/8a/cb/338acba4-f29c-c4c2-ff02-e84cf0652cda/886444313476.jpg/600x600bb.jpg,40.9,29.9,68.9,Warm Red & Orange,#72655d
BTS,LOVE YOURSELF 承 'Her',2017,9,Pop,https://is1-ssl.mzstatic.com/image/thumb/Music126/v4/34/a5/93/34a59372-3ebd-ae5f-269d-4c9506864d3f/8804775083280_Cover.jpg/100x100bb.jpg,https://is1-ssl.mzstatic.com/image/thumb/Music126/v4/34/a5/93/34a59372-3ebd-ae5f-269d-4c9506864d3f/8804775083280_Cover.jpg/600x600bb.jpg,96.2,3.4,5.1,Minimalist White,#f3f5fb
RBD,Rebelde,2004,11,Pop,https://is1-ssl.mzstatic.com/image/thumb/Music124/v4/bf/be/1a/bfbe1a54-27f9-7609-6572-c7feec96094d/20UMGIM74536.rgb.jpg/100x100bb.jpg,https://is1-ssl.mzstatic.com/image/thumb/Music124/v4/bf/be/1a/bfbe1a54-27f9-7609-6572-c7feec96094d/20UMGIM74536.rgb.jpg/600x600bb.jpg,73.0,34.3,61.7,Warm Red & Orange,#cfb791
Joshua Bassett,Anyone Else - Single,2020,1,Pop,https://is1-ssl.mzstatic.com/image/thumb/Music123/v4/04/68/37/0468375e-e4cb-734b-4e2b-67ef2abb3a4e/054391934529.jpg/100x100bb.jpg,https://is1-ssl.mzstatic.com/image/thumb/Music123/v4/04/68/37/0468375e-e4cb-734b-4e2b-67ef2abb3a4e/054391934529.jpg/600x600bb.jpg,59.7,19.4,40.5,Pink & Magenta,#a19398
One Direction,Up All Night (Deluxe Version),2011,16,Pop,https://is1-ssl.mzstatic.com/image/thumb/Music125/v4/c3/d4/76/c3d4765f-006e-c9ac-6b83-50ae04894eff/dj.dqbxwvpe.jpg/100x100bb.jpg,https://is1-ssl.mzstatic.com/image/thumb/Music125/v4/c3/d4/76/c3d4765f-006e-c9ac-6b83-50ae04894eff/dj.dqbxwvpe.jpg/600x600bb.jpg,77.2,1.1,59.4,Minimalist White,#c5c4c4
Cher Lloyd,Sticks & Stones,2011,11,Pop,https://is1-ssl.mzstatic.com/image/thumb/Music125/v4/63/90/40/639040ec-ba7f-318b-0901-141f3c0758de/886443621602.jpg/100x100bb.jpg,https://is1-ssl.mzstatic.com/image/thumb/Music125/v4/63/90/40/639040ec-ba7f-318b-0901-141f3c0758de/886443621602.jpg/600x600bb.jpg,51.3,27.4,59.9,Green,#818382
Jesse McCartney,Departure: Recharged (Bonus Track Version),2009,17,Pop,https://is1-ssl.mzstatic.com/image/thumb/Music221/v4/98/a8/11/98a8114b-ccf1-193f-ba9d-2aed8d6b0f02/09BVMIM00067.rgb.jpg/100x100bb.jpg,https://is1-ssl.mzstatic.com/image/thumb/Music221/v4/98/a8/11/98a8114b-ccf1-193f-ba9d-2aed8d6b0f02/09BVMIM00067.rgb.jpg/600x600bb.jpg,31.5,32.1,72.4,Green,#4d524a
Shawn Mendes,Handwritten (Revisited),2015,16,Pop,https://is1-ssl.mzstatic.com/image/thumb/Music115/v4/e3/d4/de/e3d4def5-886e-da47-e1cf-568566510b53/15UMGIM62454.rgb.jpg/100x100bb.jpg,https://is1-ssl.mzstatic.com/image/thumb/Music115/v4/e3/d4/de/e3d4def5-886e-da47-e1cf-568566510b53/15UMGIM62454.rgb.jpg/600x600bb.jpg,11.8,15.5,36.0,Dark & Moody,#1f1d1c
BTS,BE,2020,8,Pop,https://is1-ssl.mzstatic.com/image/thumb/Music116/v4/22/f3/8f/22f38fb9-1690-326a-d891-7aa946c2b06f/195497623273_Cover.jpg/100x100bb.jpg,https://is1-ssl.mzstatic.com/image/thumb/Music116/v4/22/f3/8f/22f38fb9-1690-326a-d891-7aa946c2b06f/195497623273_Cover.jpg/600x600bb.jpg,97.7,0.0,15.7,Minimalist White,#f9f9f9
Jonas Brothers,"Lines, Vines and Trying Times",2009,13,Pop,https://is1-ssl.mzstatic.com/image/thumb/Music221/v4/ef/24/70/ef2470d0-d83f-8044-e16e-670b56ffa24c/050087146368.jpg/100x100bb.jpg,https://is1-ssl.mzstatic.com/image/thumb/Music221/v4/ef/24/70/ef2470d0-d83f-8044-e16e-670b56ffa24c/050087146368.jpg/600x600bb.jpg,72.8,19.3,65.1,Warm Red & Orange,#c7b5aa
Hayley Kiyoko,Expectations,2018,13,Pop,https://is1-ssl.mzstatic.com/image/thumb/Music125/v4/c5/fb/8c/c5fb8c14-7c83-11e8-4db6-735370115b6c/075679881083.jpg/100x100bb.jpg,https://is1-ssl.mzstatic.com/image/thumb/Music125/v4/c5/fb/8c/c5fb8c14-7c83-11e8-4db6-735370115b6c/075679881083.jpg/600x600bb.jpg,27.1,41.0,29.0,Warm Red & Orange,#564033
Backstreet Boys,The Hits - Chapter One,2001,13,Pop,https://is1-ssl.mzstatic.com/image/thumb/Music114/v4/6b/e5/ee/6be5eeee-ba48-3686-2d31-ef9866ba94ab/012414177926.jpg/100x100bb.jpg,https://is1-ssl.mzstatic.com/image/thumb/Music114/v4/6b/e5/ee/6be5eeee-ba48-3686-2d31-ef9866ba94ab/012414177926.jpg/600x600bb.jpg,17.0,23.0,42.2,Dark & Moody,#2f2a22
5 Seconds of Summer,Sounds Good Feels Good (Deluxe),2015,17,Pop,https://is1-ssl.mzstatic.com/image/thumb/Music116/v4/ab/c6/ea/abc6ea4b-b4c9-f19f-3950-dd305b7a7153/15UMGIM42291.rgb.jpg/100x100bb.jpg,https://is1-ssl.mzstatic.com/image/thumb/Music116/v4/ab/c6/ea/abc6ea4b-b4c9-f19f-3950-dd305b7a7153/15UMGIM42291.rgb.jpg/600x600bb.jpg,63.1,18.3,65.0,Green,#a2a390
BTS,Love Yourself 結 'Answer',2018,26,Pop,https://is1-ssl.mzstatic.com/image/thumb/Music126/v4/ff/00/2c/ff002c29-6da9-1a26-16b3-282a73180366/192562871591_Cover.jpg/100x100bb.jpg,https://is1-ssl.mzstatic.com/image/thumb/Music126/v4/ff/00/2c/ff002c29-6da9-1a26-16b3-282a73180366/192562871591_Cover.jpg/600x600bb.jpg,77.0,20.3,5.1,Pink & Magenta,#d8b6d4
Justin Bieber,Believe Acoustic,2013,11,Pop,https://is1-ssl.mzstatic.com/image/thumb/Music114/v4/48/49/da/4849da49-ad73-cd10-50bf-c1b0684df128/12UMGIM66501.rgb.jpg/100x100bb.jpg,https://is1-ssl.mzstatic.com/image/thumb/Music114/v4/48/49/da/4849da49-ad73-cd10-50bf-c1b0684df128/12UMGIM66501.rgb.jpg/600x600bb.jpg,76.1,21.6,69.9,Warm Red & Orange,#cbc2a5
Meghan Trainor,Thank You (Deluxe),2016,15,Pop,https://is1-ssl.mzstatic.com/image/thumb/Music124/v4/1d/7f/e8/1d7fe8de-01ff-8d7b-1cbc-17743d8b102a/886445746600.jpg/100x100bb.jpg,https://is1-ssl.mzstatic.com/image/thumb/Music124/v4/1d/7f/e8/1d7fe8de-01ff-8d7b-1cbc-17743d8b102a/886445746600.jpg/600x600bb.jpg,25.0,42.3,67.1,Dark & Moody,#503934
Big Time Rush,Elevate,2012,13,Pop,https://is1-ssl.mzstatic.com/image/thumb/Music114/v4/94/90/fe/9490fee7-7738-39c5-c0f6-2fe8e0d7ab6c/886443523500.jpg/100x100bb.jpg,https://is1-ssl.mzstatic.com/image/thumb/Music114/v4/94/90/fe/9490fee7-7738-39c5-c0f6-2fe8e0d7ab6c/886443523500.jpg/600x600bb.jpg,29.4,24.5,34.1,Pink & Magenta,#5f4144
Jacob Sartorius,Sweatshirt - Single,2016,1,Pop,https://is1-ssl.mzstatic.com/image/thumb/Music115/v4/43/75/fe/4375feab-13ff-1fb7-6a43-434694611427/Jacob_Sartorius_-_Sweatshirt.jpg/100x100bb.jpg,https://is1-ssl.mzstatic.com/image/thumb/Music115/v4/43/75/fe/4375feab-13ff-1fb7-6a43-434694611427/Jacob_Sartorius_-_Sweatshirt.jpg/600x600bb.jpg,88.5,4.4,51.2,Minimalist White,#e3e1e0
Demi Lovato,Unbroken,2011,15,Pop,https://is1-ssl.mzstatic.com/image/thumb/Music114/v4/f3/28/fe/f328fef5-772d-740c-6d51-628fa729bfd5/11DMGIM02735.rgb.jpg/100x100bb.jpg,https://is1-ssl.mzstatic.com/image/thumb/Music114/v4/f3/28/fe/f328fef5-772d-740c-6d51-628fa729bfd5/11DMGIM02735.rgb.jpg/600x600bb.jpg,73.1,23.5,41.9,Warm Red & Orange,#c5ba9b
Selena Gomez,Stars Dance (Bonus Track Version),2013,13,Pop,https://is1-ssl.mzstatic.com/image/thumb/Music112/v4/02/27/1e/02271e27-21e2-d044-1678-2644184681c9/13DMGIM03981.rgb.jpg/100x100bb.jpg,https://is1-ssl.mzstatic.com/image/thumb/Music112/v4/02/27/1e/02271e27-21e2-d044-1678-2644184681c9/13DMGIM03981.rgb.jpg/600x600bb.jpg,15.4,19.3,51.3,Dark & Moody,#272629
Little Mix,Confetti (Expanded Edition),2020,26,Pop,https://is1-ssl.mzstatic.com/image/thumb/Music124/v4/dd/03/0c/dd030cfa-850c-6190-d30d-7a4b330302bd/886448960140.jpg/100x100bb.jpg,https://is1-ssl.mzstatic.com/image/thumb/Music124/v4/dd/03/0c/dd030cfa-850c-6190-d30d-7a4b330302bd/886448960140.jpg/600x600bb.jpg,36.0,44.7,53.7,Pink & Magenta,#6e5257
Joshua Bassett,Doppelgänger - Single,2022,1,Pop,https://is1-ssl.mzstatic.com/image/thumb/Music116/v4/ff/2a/68/ff2a687c-01c3-9e87-5d23-4797bb43583b/054391905925.jpg/100x100bb.jpg,https://is1-ssl.mzstatic.com/image/thumb/Music116/v4/ff/2a/68/ff2a687c-01c3-9e87-5d23-4797bb43583b/054391905925.jpg/600x600bb.jpg,73.5,3.8,76.7,Monochrome / Gray,#babbbd
Miley Cyrus,Breakout,2008,12,Pop,https://is1-ssl.mzstatic.com/image/thumb/Music128/v4/37/07/b5/3707b598-d352-1157-6cc0-fba6a570f5af/00050087123536.rgb.jpg/100x100bb.jpg,https://is1-ssl.mzstatic.com/image/thumb/Music128/v4/37/07/b5/3707b598-d352-1157-6cc0-fba6a570f5af/00050087123536.rgb.jpg/600x600bb.jpg,62.2,28.9,76.2,Warm Red & Orange,#b09989
*NSYNC,Celebrity,2001,13,Pop,https://is1-ssl.mzstatic.com/image/thumb/Music125/v4/cc/e7/d1/cce7d167-f80b-4600-1fb8-cb586cf9a861/mzi.siscajhr.jpg/100x100bb.jpg,https://is1-ssl.mzstatic.com/image/thumb/Music125/v4/cc/e7/d1/cce7d167-f80b-4600-1fb8-cb586cf9a861/mzi.siscajhr.jpg/600x600bb.jpg,50.1,29.2,69.3,Warm Red & Orange,#93796b
Sabrina Carpenter,Eyes Wide Open,2015,12,Pop,https://is1-ssl.mzstatic.com/image/thumb/Music128/v4/3b/74/89/3b7489e1-9226-b439-faab-25db58825b61/00050087323424.rgb.jpg/100x100bb.jpg,https://is1-ssl.mzstatic.com/image/thumb/Music128/v4/3b/74/89/3b7489e1-9226-b439-faab-25db58825b61/00050087323424.rgb.jpg/600x600bb.jpg,76.0,12.4,60.8,Minimalist White,#c4c1bd
*NSYNC,Greatest Hits,2005,12,Pop,https://is1-ssl.mzstatic.com/image/thumb/Music114/v4/95/e8/65/95e86597-6095-0f6c-f6b8-ba53c7b744a2/828767330723.jpg/100x100bb.jpg,https://is1-ssl.mzstatic.com/image/thumb/Music114/v4/95/e8/65/95e86597-6095-0f6c-f6b8-ba53c7b744a2/828767330723.jpg/600x600bb.jpg,18.5,29.0,45.5,Dark & Moody,#312d2f
Ant Saunders,Yellow Hearts - Single,2019,1,Pop,https://is1-ssl.mzstatic.com/image/thumb/Music124/v4/b8/3c/7e/b83c7eea-b076-489e-879e-a73e86a9c27a/886448148838.jpg/100x100bb.jpg,https://is1-ssl.mzstatic.com/image/thumb/Music124/v4/b8/3c/7e/b83c7eea-b076-489e-879e-a73e86a9c27a/886448148838.jpg/600x600bb.jpg,78.2,13.0,35.6,Minimalist White,#cbc2d1
Demi Lovato,Don't Forget,2008,11,Pop,https://is1-ssl.mzstatic.com/image/thumb/Music211/v4/37/d0/85/37d085be-29b1-0321-18d2-bd931688fa64/08PNDIM03652.rgb.jpg/100x100bb.jpg,https://is1-ssl.mzstatic.com/image/thumb/Music211/v4/37/d0/85/37d085be-29b1-0321-18d2-bd931688fa64/08PNDIM03652.rgb.jpg/600x600bb.jpg,68.3,10.6,79.8,Monochrome / Gray,#b7aaaa
Shawn Mendes,Shawn Mendes (Deluxe),2018,16,Pop,https://is1-ssl.mzstatic.com/image/thumb/Music115/v4/73/1d/95/731d9575-4dc2-23f9-baad-d3f624022020/18UMGIM23926.rgb.jpg/100x100bb.jpg,https://is1-ssl.mzstatic.com/image/thumb/Music115/v4/73/1d/95/731d9575-4dc2-23f9-baad-d3f624022020/18UMGIM23926.rgb.jpg/600x600bb.jpg,40.6,42.8,57.7,Warm Red & Orange,#7a624f
Miley Cyrus,Meet Miley Cyrus,2007,10,Pop,https://is1-ssl.mzstatic.com/image/thumb/Music124/v4/ab/ab/f7/ababf7b5-c65b-905a-ae71-c7195f66e25c/21UMGIM04584.rgb.jpg/100x100bb.jpg,https://is1-ssl.mzstatic.com/image/thumb/Music124/v4/ab/ab/f7/ababf7b5-c65b-905a-ae71-c7195f66e25c/21UMGIM04584.rgb.jpg/600x600bb.jpg,83.3,15.5,59.8,Minimalist White,#e3cecc
Victorious Cast,Victorious 3.0 - Even More Music from the Hit TV Show (feat. Victoria Justice) - EP,2012,5,Pop,https://is1-ssl.mzstatic.com/image/thumb/Features125/v4/c0/cd/c4/c0cdc4d8-6771-4271-2471-613d9737d3ed/dj.ngqbklvk.jpg/100x100bb.jpg,https://is1-ssl.mzstatic.com/image/thumb/Features125/v4/c0/cd/c4/c0cdc4d8-6771-4271-2471-613d9737d3ed/dj.ngqbklvk.jpg/600x600bb.jpg,52.8,22.5,74.6,Warm Red & Orange,#8f8281
Little Mix,Think About Us (feat. Ty Dolla $ign) - Single,2019,1,Pop,https://is1-ssl.mzstatic.com/image/thumb/Music114/v4/91/81/10/918110f2-4bfa-51b3-af9b-f24a4dafcda7/886447529010.jpg/100x100bb.jpg,https://is1-ssl.mzstatic.com/image/thumb/Music114/v4/91/81/10/918110f2-4bfa-51b3-af9b-f24a4dafcda7/886447529010.jpg/600x600bb.jpg,54.2,42.3,69.8,Green,#8d8d6d
One Direction,Up All Night (The Souvenir Edition),2011,18,Pop,https://is1-ssl.mzstatic.com/image/thumb/Music125/v4/cb/ab/a3/cbaba308-bcbf-41bf-28d0-b2597558388d/mzi.kotnyfuk.jpg/100x100bb.jpg,https://is1-ssl.mzstatic.com/image/thumb/Music125/v4/cb/ab/a3/cbaba308-bcbf-41bf-28d0-b2597558388d/mzi.kotnyfuk.jpg/600x600bb.jpg,63.5,24.1,61.4,Warm Red & Orange,#b39c8f
Christina Aguilera,Christina Aguilera (Expanded Edition),1999,18,Pop,https://is1-ssl.mzstatic.com/image/thumb/Music125/v4/6b/25/9b/6b259bc3-3e53-4339-80b0-5b50131c8901/888880771674.jpg/100x100bb.jpg,https://is1-ssl.mzstatic.com/image/thumb/Music125/v4/6b/25/9b/6b259bc3-3e53-4339-80b0-5b50131c8901/888880771674.jpg/600x600bb.jpg,58.0,23.0,44.7,Warm Red & Orange,#a58e82
Taylor Swift,Red (Taylor’s Version) (+ A Message from Taylor),2021,31,Pop,https://is1-ssl.mzstatic.com/image/thumb/Music115/v4/c6/27/9c/c6279c07-9329-827d-31c4-f5d4c7d99ff4/21UM1IM25046.rgb.jpg/100x100bb.jpg,https://is1-ssl.mzstatic.com/image/thumb/Music115/v4/c6/27/9c/c6279c07-9329-827d-31c4-f5d4c7d99ff4/21UM1IM25046.rgb.jpg/600x600bb.jpg,35.0,48.2,45.3,Warm Red & Orange,#705141
Backstreet Boys,Black & Blue,2000,13,Pop,https://is1-ssl.mzstatic.com/image/thumb/Music125/v4/d1/04/3f/d1043ff2-73b8-e7c5-3ed8-ae9b768bb24f/012414174321.jpg/100x100bb.jpg,https://is1-ssl.mzstatic.com/image/thumb/Music125/v4/d1/04/3f/d1043ff2-73b8-e7c5-3ed8-ae9b768bb24f/012414174321.jpg/600x600bb.jpg,18.5,58.3,39.5,Dark & Moody,#242f4b
The Cast of High School Musical,High School Musical,2006,13,Pop,https://is1-ssl.mzstatic.com/image/thumb/Music221/v4/12/92/8a/12928ad9-c140-3cf4-3f48-1ed6300fbf95/09BVMIM00576.rgb.jpg/100x100bb.jpg,https://is1-ssl.mzstatic.com/image/thumb/Music221/v4/12/92/8a/12928ad9-c140-3cf4-3f48-1ed6300fbf95/09BVMIM00576.rgb.jpg/600x600bb.jpg,32.6,56.6,59.8,Warm Red & Orange,#6b4a3f
Jonas Brothers,Happiness Begins,2019,14,Pop,https://is1-ssl.mzstatic.com/image/thumb/Music125/v4/bd/16/12/bd161229-f5c7-d21d-caed-ed9302d52168/19UMGIM38391.rgb.jpg/100x100bb.jpg,https://is1-ssl.mzstatic.com/image/thumb/Music125/v4/bd/16/12/bd161229-f5c7-d21d-caed-ed9302d52168/19UMGIM38391.rgb.jpg/600x600bb.jpg,60.7,13.6,59.6,Monochrome / Gray,#929e9a
One Direction,Take Me Home,2012,13,Pop,https://is1-ssl.mzstatic.com/image/thumb/Music/v4/b0/36/5c/b0365c80-52f1-5698-5644-10802ba93472/886443503168.jpg/100x100bb.jpg,https://is1-ssl.mzstatic.com/image/thumb/Music/v4/b0/36/5c/b0365c80-52f1-5698-5644-10802ba93472/886443503168.jpg/600x600bb.jpg,51.4,25.7,69.5,Warm Red & Orange,#8e7e7d
RBD,Nuestro Amor,2009,14,Pop,https://is1-ssl.mzstatic.com/image/thumb/Music116/v4/b5/25/0c/b5250cd6-4045-3af6-242e-7be9d30cba2e/20UMGIM74515.rgb.jpg/100x100bb.jpg,https://is1-ssl.mzstatic.com/image/thumb/Music116/v4/b5/25/0c/b5250cd6-4045-3af6-242e-7be9d30cba2e/20UMGIM74515.rgb.jpg/600x600bb.jpg,19.3,53.9,46.6,Dark & Moody,#422c1d
Justin Bieber,Believe,2012,15,Pop,https://is1-ssl.mzstatic.com/image/thumb/Music126/v4/bd/89/97/bd89971c-fc5a-47dd-5e90-a433d1b9e11f/12UMGIM31898.rgb.jpg/100x100bb.jpg,https://is1-ssl.mzstatic.com/image/thumb/Music126/v4/bd/89/97/bd89971c-fc5a-47dd-5e90-a433d1b9e11f/12UMGIM31898.rgb.jpg/600x600bb.jpg,30.0,21.8,60.5,Warm Red & Orange,#534c3b
One Direction,One Way or Another (Teenage Kicks) - Single,2013,1,Pop,https://is1-ssl.mzstatic.com/image/thumb/Features124/v4/ca/ba/3f/caba3f03-e7f0-a932-5d95-080f67535336/dj.qpviyoai.jpg/100x100bb.jpg,https://is1-ssl.mzstatic.com/image/thumb/Features124/v4/ca/ba/3f/caba3f03-e7f0-a932-5d95-080f67535336/dj.qpviyoai.jpg/600x600bb.jpg,56.5,26.6,62.9,Pink & Magenta,#a68589
Selena Gomez & The Scene,When The Sun Goes Down,2011,12,Pop,https://is1-ssl.mzstatic.com/image/thumb/Music211/v4/70/31/00/7031001b-f918-6009-76c2-9db98d3ef811/11DMGIM02401.rgb.jpg/100x100bb.jpg,https://is1-ssl.mzstatic.com/image/thumb/Music211/v4/70/31/00/7031001b-f918-6009-76c2-9db98d3ef811/11DMGIM02401.rgb.jpg/600x600bb.jpg,32.5,18.1,58.9,Warm Red & Orange,#5a504c
Miranda Cosgrove,Leave It All to Me (Theme from ICarly) [feat. Drake Bell] - Single,2007,1,Pop,https://is1-ssl.mzstatic.com/image/thumb/Features/68/b5/e5/dj.cnsbtwmp.jpg/100x100bb.jpg,https://is1-ssl.mzstatic.com/image/thumb/Features/68/b5/e5/dj.cnsbtwmp.jpg/600x600bb.jpg,68.0,23.7,73.6,Pink & Magenta,#b4a9ae
*NSYNC,'N Sync (International Edition),1997,13,Pop,https://is1-ssl.mzstatic.com/image/thumb/Music125/v4/ce/10/28/ce1028c1-1b71-0389-4a93-d540b50e7bf0/dj.zzdyqubb.jpg/100x100bb.jpg,https://is1-ssl.mzstatic.com/image/thumb/Music125/v4/ce/10/28/ce1028c1-1b71-0389-4a93-d540b50e7bf0/dj.zzdyqubb.jpg/600x600bb.jpg,64.2,33.1,58.1,Warm Red & Orange,#b99d88
Justin Bieber,My World - EP,2009,7,Pop,https://is1-ssl.mzstatic.com/image/thumb/Music211/v4/e3/0f/e7/e30fe796-30bb-1f14-973f-540980215093/09UMGIM38755.rgb.jpg/100x100bb.jpg,https://is1-ssl.mzstatic.com/image/thumb/Music211/v4/e3/0f/e7/e30fe796-30bb-1f14-973f-540980215093/09UMGIM38755.rgb.jpg/600x600bb.jpg,32.9,58.7,70.5,Warm Red & Orange,#6a4c3f
Selena Gomez,For You,2014,16,Pop,https://is1-ssl.mzstatic.com/image/thumb/Music221/v4/87/10/df/8710df62-5898-f41d-b11f-47dc614531e3/14DMGIM05704.rgb.jpg/100x100bb.jpg,https://is1-ssl.mzstatic.com/image/thumb/Music221/v4/87/10/df/8710df62-5898-f41d-b11f-47dc614531e3/14DMGIM05704.rgb.jpg/600x600bb.jpg,14.3,87.5,30.1,Dark & Moody,#520d20
Sabrina Carpenter,EVOLution,2016,10,Pop,https://is1-ssl.mzstatic.com/image/thumb/Music124/v4/19/f1/5a/19f15a1d-90f6-94a4-bc89-0f11f646f787/00050087351335.rgb.jpg/100x100bb.jpg,https://is1-ssl.mzstatic.com/image/thumb/Music124/v4/19/f1/5a/19f15a1d-90f6-94a4-bc89-0f11f646f787/00050087351335.rgb.jpg/600x600bb.jpg,28.0,78.3,20.5,Warm Red & Orange,#7e341b
Tate McRae,she's all i wanna be - Single,2022,1,Pop,https://is1-ssl.mzstatic.com/image/thumb/Music116/v4/40/53/7e/40537e1e-263e-a069-a2c0-63c332180343/886449820757.jpg/100x100bb.jpg,https://is1-ssl.mzstatic.com/image/thumb/Music116/v4/40/53/7e/40537e1e-263e-a069-a2c0-63c332180343/886449820757.jpg/600x600bb.jpg,65.2,23.5,56.7,Pink & Magenta,#b99da2
Rebecca Black,Friday - Single,2011,1,Pop,https://is1-ssl.mzstatic.com/image/thumb/Music122/v4/c3/70/04/c37004e9-1e7a-f84c-8ffa-d3a762d9ce24/885767583931_cover.jpg/100x100bb.jpg,https://is1-ssl.mzstatic.com/image/thumb/Music122/v4/c3/70/04/c37004e9-1e7a-f84c-8ffa-d3a762d9ce24/885767583931_cover.jpg/600x600bb.jpg,46.5,63.6,61.7,Pink & Magenta,#c35557
Bea Miller,Not an Apology,2015,11,Pop,https://is1-ssl.mzstatic.com/image/thumb/Music114/v4/e2/bf/12/e2bf1279-0792-6281-123a-34a4d2564ea7/00050087324940.rgb.jpg/100x100bb.jpg,https://is1-ssl.mzstatic.com/image/thumb/Music114/v4/e2/bf/12/e2bf1279-0792-6281-123a-34a4d2564ea7/00050087324940.rgb.jpg/600x600bb.jpg,76.6,7.0,68.6,Minimalist White,#c2c3c6
Tate McRae,i used to think i could fly,2022,13,Pop,https://is1-ssl.mzstatic.com/image/thumb/Music122/v4/3b/b8/dd/3bb8dd62-ea58-e583-dbc0-1b2eb38c1557/196589135735.jpg/100x100bb.jpg,https://is1-ssl.mzstatic.com/image/thumb/Music122/v4/3b/b8/dd/3bb8dd62-ea58-e583-dbc0-1b2eb38c1557/196589135735.jpg/600x600bb.jpg,43.6,27.9,52.5,Pink & Magenta,#826667
Taylor Swift,All Of The Girls You Loved Before - Single,2023,1,Pop,https://is1-ssl.mzstatic.com/image/thumb/Music116/v4/22/1b/74/221b7454-3eb1-1117-66fd-d3b18ffc573a/19UMGIM53909.rgb.jpg/100x100bb.jpg,https://is1-ssl.mzstatic.com/image/thumb/Music116/v4/22/1b/74/221b7454-3eb1-1117-66fd-d3b18ffc573a/19UMGIM53909.rgb.jpg/600x600bb.jpg,77.9,20.6,29.6,Pink & Magenta,#d6bdce
Jordin Sparks,Jordin Sparks (Deluxe Version),2007,16,Pop,https://is1-ssl.mzstatic.com/image/thumb/Features125/v4/1b/3d/3b/1b3d3bd6-f283-320f-a152-bbdaf0b4c266/dj.diybuhfk.jpg/100x100bb.jpg,https://is1-ssl.mzstatic.com/image/thumb/Features125/v4/1b/3d/3b/1b3d3bd6-f283-320f-a152-bbdaf0b4c266/dj.diybuhfk.jpg/600x600bb.jpg,50.9,26.0,80.0,Warm Red & Orange,#8a7e7a
Spice Girls,Spice,1996,10,Pop,https://is1-ssl.mzstatic.com/image/thumb/Music221/v4/88/85/6e/88856e99-7323-7737-3634-435da9fcefa0/13UABIM59225.rgb.jpg/100x100bb.jpg,https://is1-ssl.mzstatic.com/image/thumb/Music221/v4/88/85/6e/88856e99-7323-7737-3634-435da9fcefa0/13UABIM59225.rgb.jpg/600x600bb.jpg,94.2,5.4,37.3,Minimalist White,#f5eeeb
Fifth Harmony,Better Together - EP,2013,6,Pop,https://is1-ssl.mzstatic.com/image/thumb/Music115/v4/d5/f4/30/d5f4304a-9f09-1eb7-a0c8-6623653b9cb6/886444215596.jpg/100x100bb.jpg,https://is1-ssl.mzstatic.com/image/thumb/Music115/v4/d5/f4/30/d5f4304a-9f09-1eb7-a0c8-6623653b9cb6/886444215596.jpg/600x600bb.jpg,40.7,57.3,41.2,Warm Red & Orange,#a94c47
Jonas Brothers,It's About Time,2006,11,Pop,https://is1-ssl.mzstatic.com/image/thumb/Music221/v4/67/04/6c/67046c85-f1e4-fdd6-ef43-22d0ed8ea698/859708781090.jpg/100x100bb.jpg,https://is1-ssl.mzstatic.com/image/thumb/Music221/v4/67/04/6c/67046c85-f1e4-fdd6-ef43-22d0ed8ea698/859708781090.jpg/600x600bb.jpg,30.1,57.3,43.4,Pink & Magenta,#84343a
Justin Bieber,Never Say Never (The Remixes) - EP,2011,8,Pop,https://is1-ssl.mzstatic.com/image/thumb/Music221/v4/9d/bc/2d/9dbc2d41-3c94-f84c-65ee-f422edaec67b/11UMGIM02508.rgb.jpg/100x100bb.jpg,https://is1-ssl.mzstatic.com/image/thumb/Music221/v4/9d/bc/2d/9dbc2d41-3c94-f84c-65ee-f422edaec67b/11UMGIM02508.rgb.jpg/600x600bb.jpg,58.5,7.7,99.1,Monochrome / Gray,#959496
Madison Beer,Selfish - Single,2020,1,Pop,https://is1-ssl.mzstatic.com/image/thumb/Music114/v4/c0/d2/25/c0d22514-466c-5ab8-d683-4a0554921fb9/886448285250.jpg/100x100bb.jpg,https://is1-ssl.mzstatic.com/image/thumb/Music114/v4/c0/d2/25/c0d22514-466c-5ab8-d683-4a0554921fb9/886448285250.jpg/600x600bb.jpg,13.4,10.4,12.6,Dark & Moody,#22221f
Mindless Behavior,#1 Girl,2011,12,Pop,https://is1-ssl.mzstatic.com/image/thumb/Music116/v4/bb/5f/f4/bb5ff44c-9200-b045-54cc-6075f04bf0b4/11UMGIM26893.rgb.jpg/100x100bb.jpg,https://is1-ssl.mzstatic.com/image/thumb/Music116/v4/bb/5f/f4/bb5ff44c-9200-b045-54cc-6075f04bf0b4/11UMGIM26893.rgb.jpg/600x600bb.jpg,21.3,24.0,28.7,Dark & Moody,#32363e
Destiny's Child,Destiny Fulfilled,2004,11,Pop,https://is1-ssl.mzstatic.com/image/thumb/Music115/v4/06/fa/55/06fa553a-33c2-282c-4625-d7d4e16812bb/mzi.loqhyccy.jpg/100x100bb.jpg,https://is1-ssl.mzstatic.com/image/thumb/Music115/v4/06/fa/55/06fa553a-33c2-282c-4625-d7d4e16812bb/mzi.loqhyccy.jpg/600x600bb.jpg,15.7,62.5,33.6,Dark & Moody,#3f1f17
Camila Cabello,Crying in the Club - Single,2017,1,Pop,https://is1-ssl.mzstatic.com/image/thumb/Music125/v4/66/d1/d5/66d1d52f-0aeb-05ef-62ca-64c077d64bce/886446504209.jpg/100x100bb.jpg,https://is1-ssl.mzstatic.com/image/thumb/Music125/v4/66/d1/d5/66d1d52f-0aeb-05ef-62ca-64c077d64bce/886446504209.jpg/600x600bb.jpg,19.1,19.9,62.3,Dark & Moody,#33302a
Big Time Rush,24/Seven (Deluxe Version),2013,15,Pop,https://is1-ssl.mzstatic.com/image/thumb/Music114/v4/e5/a3/97/e5a39736-b707-5c08-4a25-cad97f81fa97/886443971301.jpg/100x100bb.jpg,https://is1-ssl.mzstatic.com/image/thumb/Music114/v4/e5/a3/97/e5a39736-b707-5c08-4a25-cad97f81fa97/886443971301.jpg/600x600bb.jpg,49.2,30.6,74.9,Warm Red & Orange,#90776b
Addison Rae,Diet Pepsi - Single,2024,1,Pop,https://is1-ssl.mzstatic.com/image/thumb/Music221/v4/01/ef/7a/01ef7a06-1b48-0460-efbf-983d6a0a37fa/196872309959.jpg/100x100bb.jpg,https://is1-ssl.mzstatic.com/image/thumb/Music221/v4/01/ef/7a/01ef7a06-1b48-0460-efbf-983d6a0a37fa/196872309959.jpg/600x600bb.jpg,57.2,13.2,86.0,Monochrome / Gray,#94908e
B2K,B2k,2002,17,Pop,https://is1-ssl.mzstatic.com/image/thumb/Features115/v4/76/ef/df/76efdf75-3627-c23d-e7d9-e7c7d3ebc836/dj.nqsacmtw.jpg/100x100bb.jpg,https://is1-ssl.mzstatic.com/image/thumb/Features115/v4/76/ef/df/76efdf75-3627-c23d-e7d9-e7c7d3ebc836/dj.nqsacmtw.jpg/600x600bb.jpg,62.1,10.2,67.5,Monochrome / Gray,#a09e9a
Miley Cyrus,Can't Be Tamed,2010,13,Pop,https://is1-ssl.mzstatic.com/image/thumb/Music128/v4/49/f7/df/49f7df1f-46cd-8b08-ae33-c8d63415e3fc/00050087167752.rgb.jpg/100x100bb.jpg,https://is1-ssl.mzstatic.com/image/thumb/Music128/v4/49/f7/df/49f7df1f-46cd-8b08-ae33-c8d63415e3fc/00050087167752.rgb.jpg/600x600bb.jpg,36.1,18.7,64.8,Warm Red & Orange,#625b51
Hailee Steinfeld,Most Girls - Single,2017,1,Pop,https://is1-ssl.mzstatic.com/image/thumb/Music114/v4/36/f7/72/36f77271-dbfe-166e-5ea5-b6cc6b224e16/17UMGIM94390.rgb.jpg/100x100bb.jpg,https://is1-ssl.mzstatic.com/image/thumb/Music114/v4/36/f7/72/36f77271-dbfe-166e-5ea5-b6cc6b224e16/17UMGIM94390.rgb.jpg/600x600bb.jpg,35.2,22.6,55.2,Warm Red & Orange,#5f5754
Beyoncé,B'Day Deluxe Edition,2006,23,Pop,https://is1-ssl.mzstatic.com/image/thumb/Music125/v4/47/b2/b2/47b2b26b-5abd-0953-6688-7dfff80508ec/mzi.sozuruch.jpg/100x100bb.jpg,https://is1-ssl.mzstatic.com/image/thumb/Music125/v4/47/b2/b2/47b2b26b-5abd-0953-6688-7dfff80508ec/mzi.sozuruch.jpg/600x600bb.jpg,63.7,26.8,52.6,Green,#99a79e
Carly Rae Jepsen,E•MO•TION: Side B,2016,9,Pop,https://is1-ssl.mzstatic.com/image/thumb/Music114/v4/79/3a/1d/793a1da7-1038-4b9a-3a74-1a17238ee25a/00602557046137.rgb.jpg/100x100bb.jpg,https://is1-ssl.mzstatic.com/image/thumb/Music114/v4/79/3a/1d/793a1da7-1038-4b9a-3a74-1a17238ee25a/00602557046137.rgb.jpg/600x600bb.jpg,64.6,39.8,44.5,Cool Blue,#a7a1ac
Lesley Gore,20th Century Masters - The Millennium Collection: The Best of Lesley Gore,2000,12,Pop,https://is1-ssl.mzstatic.com/image/thumb/Music115/v4/b6/1a/14/b61a1484-e282-3c8b-60fb-831289434ad4/00731454807722.rgb.jpg/100x100bb.jpg,https://is1-ssl.mzstatic.com/image/thumb/Music115/v4/b6/1a/14/b61a1484-e282-3c8b-60fb-831289434ad4/00731454807722.rgb.jpg/600x600bb.jpg,62.6,19.7,69.9,Warm Red & Orange,#a89e91
Labrinth & Zendaya,"I'm Tired (From ""Euphoria"" An Original HBO Series) - Single",2022,1,Pop,https://is1-ssl.mzstatic.com/image/thumb/Music126/v4/b3/cb/0e/b3cb0e55-1998-5193-573e-135e4c92d037/886449967124.jpg/100x100bb.jpg,https://is1-ssl.mzstatic.com/image/thumb/Music126/v4/b3/cb/0e/b3cb0e55-1998-5193-573e-135e4c92d037/886449967124.jpg/600x600bb.jpg,42.2,35.6,57.9,Warm Red & Orange,#75695e
"K/DA, Madison Beer & i-dle",POP/STARS (feat. Jaira Burns & League of Legends Music) - Single,2018,1,Pop,https://is1-ssl.mzstatic.com/image/thumb/Music211/v4/93/f8/8a/93f88a32-342c-b650-ef1c-ebc1c9f804c3/00198704643309_Cover.jpg/100x100bb.jpg,https://is1-ssl.mzstatic.com/image/thumb/Music211/v4/93/f8/8a/93f88a32-342c-b650-ef1c-ebc1c9f804c3/00198704643309_Cover.jpg/600x600bb.jpg,19.1,57.8,53.2,Dark & Moody,#332a48
BTS,MIC Drop (feat. Desiigner) [Steve Aoki Remix] - Single,2017,1,Pop,https://is1-ssl.mzstatic.com/image/thumb/Music116/v4/77/93/70/779370e4-7b31-263e-e33e-50b07b3f4eb6/191773892210_Cover.jpg/100x100bb.jpg,https://is1-ssl.mzstatic.com/image/thumb/Music116/v4/77/93/70/779370e4-7b31-263e-e33e-50b07b3f4eb6/191773892210_Cover.jpg/600x600bb.jpg,1.4,29.1,10.6,Dark & Moody,#090000
BTS,MAP OF THE SOUL : 7,2020,21,Pop,https://is1-ssl.mzstatic.com/image/thumb/Music116/v4/bd/68/9b/bd689bf2-ef25-4973-7ecd-7eb4965019c5/195081034713_Cover.jpg/100x100bb.jpg,https://is1-ssl.mzstatic.com/image/thumb/Music116/v4/bd/68/9b/bd689bf2-ef25-4973-7ecd-7eb4965019c5/195081034713_Cover.jpg/600x600bb.jpg,92.8,8.4,41.9,Minimalist White,#e6eef2
Tyla,TYLA,2024,14,Pop,https://is1-ssl.mzstatic.com/image/thumb/Music221/v4/6f/e3/09/6fe30938-89fb-e4ae-d67a-648746c26db1/196871668248.jpg/100x100bb.jpg,https://is1-ssl.mzstatic.com/image/thumb/Music221/v4/6f/e3/09/6fe30938-89fb-e4ae-d67a-648746c26db1/196871668248.jpg/600x600bb.jpg,28.0,53.3,56.9,Warm Red & Orange,#5a3f3c
BLACKPINK,THE ALBUM,2020,8,Pop,https://is1-ssl.mzstatic.com/image/thumb/Music125/v4/c3/64/46/c364465f-6271-8aae-93a8-b9979d2befe5/20UMGIM82075.rgb.jpg/100x100bb.jpg,https://is1-ssl.mzstatic.com/image/thumb/Music125/v4/c3/64/46/c364465f-6271-8aae-93a8-b9979d2befe5/20UMGIM82075.rgb.jpg/600x600bb.jpg,9.7,50.9,30.4,Dark & Moody,#221318
NewJeans,NewJeans 2nd EP 'Get Up',2023,6,Pop,https://is1-ssl.mzstatic.com/image/thumb/Music116/v4/d3/4b/7e/d34b7e1e-af3b-43b6-2949-7a8c652a1bc9/196922462726_Cover.jpg/100x100bb.jpg,https://is1-ssl.mzstatic.com/image/thumb/Music116/v4/d3/4b/7e/d34b7e1e-af3b-43b6-2949-7a8c652a1bc9/196922462726_Cover.jpg/600x600bb.jpg,62.0,36.6,41.9,Cool Blue,#8ba3b2
The Kid LAROI,BLEED - Single,2023,1,Pop,https://is1-ssl.mzstatic.com/image/thumb/Music126/v4/a6/99/d7/a699d7fa-0e15-b182-939c-b42a394a0f6c/196871590273.jpg/100x100bb.jpg,https://is1-ssl.mzstatic.com/image/thumb/Music126/v4/a6/99/d7/a699d7fa-0e15-b182-939c-b42a394a0f6c/196871590273.jpg/600x600bb.jpg,46.5,32.9,40.5,Warm Red & Orange,#867261
JENNIE (from BLACKPINK),SOLO - Single,2018,1,Pop,https://is1-ssl.mzstatic.com/image/thumb/Music118/v4/8c/5e/2b/8c5e2bd9-38a8-5bc2-9a87-9bcd4011c2a7/00191222003792.rgb.jpg/100x100bb.jpg,https://is1-ssl.mzstatic.com/image/thumb/Music118/v4/8c/5e/2b/8c5e2bd9-38a8-5bc2-9a87-9bcd4011c2a7/00191222003792.rgb.jpg/600x600bb.jpg,41.9,29.6,63.1,Pink & Magenta,#71676a
BLACKPINK,AS IF IT'S YOUR LAST - Single,2017,1,Pop,https://is1-ssl.mzstatic.com/image/thumb/Music124/v4/0b/d6/6e/0bd66efc-caba-41e0-7d84-c92e925b1d94/as_if_its_your_last.jpg/100x100bb.jpg,https://is1-ssl.mzstatic.com/image/thumb/Music124/v4/0b/d6/6e/0bd66efc-caba-41e0-7d84-c92e925b1d94/as_if_its_your_last.jpg/600x600bb.jpg,55.2,60.2,19.4,Pink & Magenta,#e45ba4
NewJeans,NewJeans 1st EP 'New Jeans',2022,4,Pop,https://is1-ssl.mzstatic.com/image/thumb/Music112/v4/4e/64/34/4e64344b-3ac6-c503-2c41-257a15401416/192641873096_Cover.jpg/100x100bb.jpg,https://is1-ssl.mzstatic.com/image/thumb/Music112/v4/4e/64/34/4e64344b-3ac6-c503-2c41-257a15401416/192641873096_Cover.jpg/600x600bb.jpg,67.8,21.3,61.0,Cool Blue,#a6aac9
BTS,Black Swan - Single,2020,1,Pop,https://is1-ssl.mzstatic.com/image/thumb/Music116/v4/df/d8/c2/dfd8c2f7-e5b8-7994-8cf2-7352aa899314/194491843380_Cover.jpg/100x100bb.jpg,https://is1-ssl.mzstatic.com/image/thumb/Music116/v4/df/d8/c2/dfd8c2f7-e5b8-7994-8cf2-7352aa899314/194491843380_Cover.jpg/600x600bb.jpg,90.0,5.5,62.0,Minimalist White,#e4e5e8
BLACKPINK,JUMP - Single,2025,1,Pop,https://is1-ssl.mzstatic.com/image/thumb/Music221/v4/ee/5e/74/ee5e747e-52e5-458c-e850-0ed3d703b184/8809519880736.jpg/100x100bb.jpg,https://is1-ssl.mzstatic.com/image/thumb/Music221/v4/ee/5e/74/ee5e747e-52e5-458c-e850-0ed3d703b184/8809519880736.jpg/600x600bb.jpg,37.7,29.4,79.2,Pink & Magenta,#71575e
BLACKPINK,Pink Venom - Single,2022,1,Pop,https://is1-ssl.mzstatic.com/image/thumb/Music122/v4/72/48/88/72488832-558c-fcba-4aa0-03d88dc79eb3/22UMGIM87808.rgb.jpg/100x100bb.jpg,https://is1-ssl.mzstatic.com/image/thumb/Music122/v4/72/48/88/72488832-558c-fcba-4aa0-03d88dc79eb3/22UMGIM87808.rgb.jpg/600x600bb.jpg,2.0,20.3,18.1,Dark & Moody,#060404
BTS,The Most Beautiful Moment in Life: Young Forever,2016,23,Pop,https://is1-ssl.mzstatic.com/image/thumb/Music116/v4/4c/97/6f/4c976f5c-5196-1221-8517-ddfcb0ba514c/8804775070341_Cover.jpg/100x100bb.jpg,https://is1-ssl.mzstatic.com/image/thumb/Music116/v4/4c/97/6f/4c976f5c-5196-1221-8517-ddfcb0ba514c/8804775070341_Cover.jpg/600x600bb.jpg,88.6,11.3,35.5,Minimalist White,#e4e3d4
NewJeans,Ditto - Single,2022,1,Pop,https://is1-ssl.mzstatic.com/image/thumb/Music112/v4/f6/29/42/f629426e-92fe-535c-cbe4-76e70850819b/196922287107_Cover.jpg/100x100bb.jpg,https://is1-ssl.mzstatic.com/image/thumb/Music112/v4/f6/29/42/f629426e-92fe-535c-cbe4-76e70850819b/196922287107_Cover.jpg/600x600bb.jpg,68.3,28.4,59.7,Pink & Magenta,#d19da5
BLACKPINK,KILL THIS LOVE - EP,2019,5,Pop,https://is1-ssl.mzstatic.com/image/thumb/Music124/v4/d6/2a/db/d62adbe1-6994-581c-b3b2-aeacafa35c1d/19UMGIM30819.rgb.jpg/100x100bb.jpg,https://is1-ssl.mzstatic.com/image/thumb/Music124/v4/d6/2a/db/d62adbe1-6994-581c-b3b2-aeacafa35c1d/19UMGIM30819.rgb.jpg/600x600bb.jpg,73.1,22.1,23.1,Pink & Magenta,#daaab4
BTS,Wings,2016,15,Pop,https://is1-ssl.mzstatic.com/image/thumb/Music126/v4/71/43/02/714302d0-a9d6-5d03-4967-c3c2c23df962/8804775073618_Cover.jpg/100x100bb.jpg,https://is1-ssl.mzstatic.com/image/thumb/Music126/v4/71/43/02/714302d0-a9d6-5d03-4967-c3c2c23df962/8804775073618_Cover.jpg/600x600bb.jpg,85.0,0.0,72.9,Minimalist White,#d8d8d8
LE SSERAFIM,Perfect Night - Single,2023,1,Pop,https://is1-ssl.mzstatic.com/image/thumb/Music221/v4/a0/cd/40/a0cd4013-89cf-0554-0aa5-1ac5a0bb3db1/196922680779_Cover.jpg/100x100bb.jpg,https://is1-ssl.mzstatic.com/image/thumb/Music221/v4/a0/cd/40/a0cd4013-89cf-0554-0aa5-1ac5a0bb3db1/196922680779_Cover.jpg/600x600bb.jpg,50.5,36.6,71.1,Pink & Magenta,#977193
NewJeans,NewJeans 'Super Shy' - Single,2023,2,Pop,https://is1-ssl.mzstatic.com/image/thumb/Music126/v4/63/e5/e2/63e5e2e4-829b-924d-a1dc-8058a1d69bd4/196922462702_Cover.jpg/100x100bb.jpg,https://is1-ssl.mzstatic.com/image/thumb/Music126/v4/63/e5/e2/63e5e2e4-829b-924d-a1dc-8058a1d69bd4/196922462702_Cover.jpg/600x600bb.jpg,62.0,36.6,41.9,Cool Blue,#8ba3b2
ZICO,Any Song - Single,2020,1,Pop,https://is1-ssl.mzstatic.com/image/thumb/Music114/v4/14/1e/87/141e87bd-a541-e26a-bc74-c586d3e68d75/ZICO_cover_4000px.jpg/100x100bb.jpg,https://is1-ssl.mzstatic.com/image/thumb/Music114/v4/14/1e/87/141e87bd-a541-e26a-bc74-c586d3e68d75/ZICO_cover_4000px.jpg/600x600bb.jpg,60.3,28.1,77.6,Green,#989a99
RM,mono.,2018,7,Pop,https://is1-ssl.mzstatic.com/image/thumb/Music122/v4/d6/a6/01/d6a60182-0321-b17c-a03e-58b8e0b74e1c/196922274466_Cover.jpg/100x100bb.jpg,https://is1-ssl.mzstatic.com/image/thumb/Music122/v4/d6/a6/01/d6a60182-0321-b17c-a03e-58b8e0b74e1c/196922274466_Cover.jpg/600x600bb.jpg,98.6,1.8,4.3,Minimalist White,#fbfbf7
BLACKPINK,SQUARE TWO - EP,2016,5,Pop,https://is1-ssl.mzstatic.com/image/thumb/Music125/v4/89/eb/82/89eb82a7-52ec-9e02-87e9-fcc0ac7e0377/BLACKPINK_SQUARE2-1.jpg/100x100bb.jpg,https://is1-ssl.mzstatic.com/image/thumb/Music125/v4/89/eb/82/89eb82a7-52ec-9e02-87e9-fcc0ac7e0377/BLACKPINK_SQUARE2-1.jpg/600x600bb.jpg,12.8,4.8,39.6,Dark & Moody,#241e20
ROSÉ,R - Single,2021,2,Pop,https://is1-ssl.mzstatic.com/image/thumb/Music125/v4/c2/a9/23/c2a923ac-b382-e73b-91f4-013a8d5a0600/21UMGIM18155.rgb.jpg/100x100bb.jpg,https://is1-ssl.mzstatic.com/image/thumb/Music125/v4/c2/a9/23/c2a923ac-b382-e73b-91f4-013a8d5a0600/21UMGIM18155.rgb.jpg/600x600bb.jpg,59.3,28.3,29.1,Cool Blue,#a788ba
aespa,SYNK : COMPLaeXITY - 2026 Special Digital Single - EP,2026,4,Pop,https://is1-ssl.mzstatic.com/image/thumb/Music211/v4/db/e6/f2/dbe6f2d4-11d5-d4ef-0337-ef79abb110e0/888735956799.png/100x100bb.jpg,https://is1-ssl.mzstatic.com/image/thumb/Music211/v4/db/e6/f2/dbe6f2d4-11d5-d4ef-0337-ef79abb110e0/888735956799.png/600x600bb.jpg,28.1,17.5,63.1,Monochrome / Gray,#46474c
NCT,NCT 2018 EMPATHY,2018,15,Pop,https://is1-ssl.mzstatic.com/image/thumb/Music115/v4/4b/3c/67/4b3c67ba-2721-19ce-424d-6742f420e800/NCT2018_EMPATHY_COVER_4000x4000px_1.jpg/100x100bb.jpg,https://is1-ssl.mzstatic.com/image/thumb/Music115/v4/4b/3c/67/4b3c67ba-2721-19ce-424d-6742f420e800/NCT2018_EMPATHY_COVER_4000x4000px_1.jpg/600x600bb.jpg,43.7,37.9,68.7,Green,#6d716b
TWICE,CRY FOR ME - Single,2020,1,Pop,https://is1-ssl.mzstatic.com/image/thumb/Music124/v4/a5/7f/18/a57f181f-fa95-c7ce-4a62-2f1144d1ae3f/192641621130_Cover.jpg/100x100bb.jpg,https://is1-ssl.mzstatic.com/image/thumb/Music124/v4/a5/7f/18/a57f181f-fa95-c7ce-4a62-2f1144d1ae3f/192641621130_Cover.jpg/600x600bb.jpg,3.4,71.7,15.1,Dark & Moody,#0e0605
BTS & Charli xcx,"Dream Glow (BTS World Original Soundtrack, Pt. 1) - Single",2019,1,Pop,https://is1-ssl.mzstatic.com/image/thumb/Music126/v4/83/42/e4/8342e492-3b15-af8d-5a38-f9b9667e615b/193483931111_Cover.jpg/100x100bb.jpg,https://is1-ssl.mzstatic.com/image/thumb/Music126/v4/83/42/e4/8342e492-3b15-af8d-5a38-f9b9667e615b/193483931111_Cover.jpg/600x600bb.jpg,67.0,43.0,25.9,Pink & Magenta,#ef8c92
CHUNG HA,Gotta Go - Single,2019,1,Pop,https://is1-ssl.mzstatic.com/image/thumb/Music125/v4/11/4a/df/114adf21-6bc8-f41b-fd13-918ae4f48e81/8809603549129_Cover.jpg/100x100bb.jpg,https://is1-ssl.mzstatic.com/image/thumb/Music125/v4/11/4a/df/114adf21-6bc8-f41b-fd13-918ae4f48e81/8809603549129_Cover.jpg/600x600bb.jpg,20.3,51.9,38.0,Dark & Moody,#402b3d
V,Layover - EP,2023,6,Pop,https://is1-ssl.mzstatic.com/image/thumb/Music116/v4/93/51/e0/9351e0b4-a565-4232-d797-f60ca3aba82f/196922580031_Cover.jpg/100x100bb.jpg,https://is1-ssl.mzstatic.com/image/thumb/Music116/v4/93/51/e0/9351e0b4-a565-4232-d797-f60ca3aba82f/196922580031_Cover.jpg/600x600bb.jpg,41.2,0.3,105.4,Monochrome / Gray,#696969
Stray Kids,NOEASY,2021,15,Pop,https://is1-ssl.mzstatic.com/image/thumb/Music116/v4/af/dc/2b/afdc2b64-deb3-cf5f-84e2-c43be4105636/192641939495_Cover.jpg/100x100bb.jpg,https://is1-ssl.mzstatic.com/image/thumb/Music116/v4/af/dc/2b/afdc2b64-deb3-cf5f-84e2-c43be4105636/192641939495_Cover.jpg/600x600bb.jpg,23.5,80.8,48.3,Dark & Moody,#2e25d0
BTS & Juice WRLD,All Night (BTS World Original Soundtrack) [Pt. 3] - Single,2019,1,Pop,https://is1-ssl.mzstatic.com/image/thumb/Music116/v4/89/5d/cf/895dcf5b-a3dd-0e06-4d08-500d2cd701c0/193483986241_Cover.jpg/100x100bb.jpg,https://is1-ssl.mzstatic.com/image/thumb/Music116/v4/89/5d/cf/895dcf5b-a3dd-0e06-4d08-500d2cd701c0/193483986241_Cover.jpg/600x600bb.jpg,61.9,31.5,19.5,Pink & Magenta,#bf88b5
BTS,DARK&WILD,2014,14,Pop,https://is1-ssl.mzstatic.com/image/thumb/Music116/v4/f2/39/97/f2399713-b036-7ef2-fb4f-8c1454569c66/8804775056895_Cover.jpg/100x100bb.jpg,https://is1-ssl.mzstatic.com/image/thumb/Music116/v4/f2/39/97/f2399713-b036-7ef2-fb4f-8c1454569c66/8804775056895_Cover.jpg/600x600bb.jpg,16.5,8.6,37.8,Dark & Moody,#2c2828
SUNMI,가시나 Gashina - Single,2017,1,Pop,https://is1-ssl.mzstatic.com/image/thumb/Music125/v4/54/59/38/545938d3-50d7-46cd-97c3-d9187aa4e692/cover-.jpg/100x100bb.jpg,https://is1-ssl.mzstatic.com/image/thumb/Music125/v4/54/59/38/545938d3-50d7-46cd-97c3-d9187aa4e692/cover-.jpg/600x600bb.jpg,46.8,24.2,70.5,Warm Red & Orange,#8b6f69
Stray Kids,ODDINARY,2022,7,Pop,https://is1-ssl.mzstatic.com/image/thumb/Music116/v4/54/5f/6d/545f6deb-89de-9f08-4ad0-b8d4136a0911/192641947902_Cover.jpg/100x100bb.jpg,https://is1-ssl.mzstatic.com/image/thumb/Music116/v4/54/5f/6d/545f6deb-89de-9f08-4ad0-b8d4136a0911/192641947902_Cover.jpg/600x600bb.jpg,11.1,61.4,37.0,Dark & Moody,#171e1e
BTS,YOU NEVER WALK ALONE,2017,18,Pop,https://is1-ssl.mzstatic.com/image/thumb/Music116/v4/ce/fb/eb/cefbebd4-d53b-8d6c-33cf-2ee55408bd79/8804775077494_Cover.jpg/100x100bb.jpg,https://is1-ssl.mzstatic.com/image/thumb/Music116/v4/ce/fb/eb/cefbebd4-d53b-8d6c-33cf-2ee55408bd79/8804775077494_Cover.jpg/600x600bb.jpg,72.5,15.3,48.0,Monochrome / Gray,#afbdb9
j-hope,Hope World,2018,7,Pop,https://is1-ssl.mzstatic.com/image/thumb/Music116/v4/14/62/23/14622341-da3e-13e8-cfbf-7994aea6b8ed/192562244661_Cover.jpg/100x100bb.jpg,https://is1-ssl.mzstatic.com/image/thumb/Music116/v4/14/62/23/14622341-da3e-13e8-cfbf-7994aea6b8ed/192562244661_Cover.jpg/600x600bb.jpg,42.5,71.3,38.6,Pink & Magenta,#a84d6b
NewJeans,NewJeans 'OMG' - Single,2023,2,Pop,https://is1-ssl.mzstatic.com/image/thumb/Music113/v4/48/96/08/4896085e-b550-cb0a-3e5b-1f203521cb82/196922265464_Cover.jpg/100x100bb.jpg,https://is1-ssl.mzstatic.com/image/thumb/Music113/v4/48/96/08/4896085e-b550-cb0a-3e5b-1f203521cb82/196922265464_Cover.jpg/600x600bb.jpg,25.4,0.0,40.7,Monochrome / Gray,#404040
BTS,Make It Right (feat. Lauv) - Single,2019,1,Pop,https://is1-ssl.mzstatic.com/image/thumb/Music126/v4/8a/1b/ff/8a1bff0f-b06b-af1a-e1dd-02e3985feaad/194491485726_Cover.jpg/100x100bb.jpg,https://is1-ssl.mzstatic.com/image/thumb/Music126/v4/8a/1b/ff/8a1bff0f-b06b-af1a-e1dd-02e3985feaad/194491485726_Cover.jpg/600x600bb.jpg,38.9,76.1,44.3,Pink & Magenta,#934771
aespa,Next Level - Single,2021,1,Pop,https://is1-ssl.mzstatic.com/image/thumb/Music125/v4/60/8d/ac/608dacc2-d6d6-462d-26f0-d693e4364751/artwork.jpg/100x100bb.jpg,https://is1-ssl.mzstatic.com/image/thumb/Music125/v4/60/8d/ac/608dacc2-d6d6-462d-26f0-d693e4364751/artwork.jpg/600x600bb.jpg,50.1,44.5,64.2,Warm Red & Orange,#9c785b
IU,eight (feat. SUGA) - Single,2020,1,Pop,https://is1-ssl.mzstatic.com/image/thumb/Music125/v4/6b/65/4d/6b654d71-ed85-c6c4-8fe2-ef3d8e9f2ee0/cover_-.jpg/100x100bb.jpg,https://is1-ssl.mzstatic.com/image/thumb/Music125/v4/6b/65/4d/6b654d71-ed85-c6c4-8fe2-ef3d8e9f2ee0/cover_-.jpg/600x600bb.jpg,49.1,36.5,51.0,Warm Red & Orange,#9c706e
BTS,2 COOL 4 SKOOL,2013,7,Pop,https://is1-ssl.mzstatic.com/image/thumb/Music126/v4/71/b9/94/71b99453-1b0f-49c8-31ec-ebdb677bcd8d/8804775049590_Cover.jpg/100x100bb.jpg,https://is1-ssl.mzstatic.com/image/thumb/Music126/v4/71/b9/94/71b99453-1b0f-49c8-31ec-ebdb677bcd8d/8804775049590_Cover.jpg/600x600bb.jpg,20.6,18.5,13.3,Dark & Moody,#39332d
"K/DA, Madison Beer & i-dle","MORE (feat. 刘柏辛Lexie, Jaira Burns, Seraphine & League of Legends Music) - Single",2020,1,Pop,https://is1-ssl.mzstatic.com/image/thumb/Music221/v4/f8/cf/d7/f8cfd7ec-2b3d-0dd8-3a6e-4d04d3a8e2ae/00198704643330_Cover.jpg/100x100bb.jpg,https://is1-ssl.mzstatic.com/image/thumb/Music221/v4/f8/cf/d7/f8cfd7ec-2b3d-0dd8-3a6e-4d04d3a8e2ae/00198704643330_Cover.jpg/600x600bb.jpg,46.2,31.4,62.5,Cool Blue,#78737a
aespa,Black Mamba - Single,2020,1,Pop,https://is1-ssl.mzstatic.com/image/thumb/Music124/v4/1f/53/e2/1f53e291-df44-bb66-1c29-6e74c2b0eab0/aespa_BlackMamba_final.png/100x100bb.jpg,https://is1-ssl.mzstatic.com/image/thumb/Music124/v4/1f/53/e2/1f53e291-df44-bb66-1c29-6e74c2b0eab0/aespa_BlackMamba_final.png/600x600bb.jpg,8.7,26.0,21.3,Dark & Moody,#17141d
TOMORROW X TOGETHER,The Dream Chapter: STAR - EP,2019,5,Pop,https://is1-ssl.mzstatic.com/image/thumb/Music124/v4/48/92/92/489292c4-01d7-593d-3d38-5a551d7a8fe9/00602577581465_Cover.jpg/100x100bb.jpg,https://is1-ssl.mzstatic.com/image/thumb/Music124/v4/48/92/92/489292c4-01d7-593d-3d38-5a551d7a8fe9/00602577581465_Cover.jpg/600x600bb.jpg,73.2,51.3,13.6,Cool Blue,#85caf1
BTS,Proof,2022,35,Pop,https://is1-ssl.mzstatic.com/image/thumb/Music122/v4/f7/68/9c/f7689ce3-6d41-60cd-62d2-57a91ddf5b9d/196922067341_Cover.jpg/100x100bb.jpg,https://is1-ssl.mzstatic.com/image/thumb/Music122/v4/f7/68/9c/f7689ce3-6d41-60cd-62d2-57a91ddf5b9d/196922067341_Cover.jpg/600x600bb.jpg,27.7,0.1,91.5,Monochrome / Gray,#464646
"K/DA, i-dle & Wolftyla",THE BADDEST (feat. Bea Miller & League of Legends Music) - Single,2020,1,Pop,https://is1-ssl.mzstatic.com/image/thumb/Music221/v4/83/d3/23/83d323c8-758f-b3f7-b28e-e00fb35f797e/00198704643255_Cover.jpg/100x100bb.jpg,https://is1-ssl.mzstatic.com/image/thumb/Music221/v4/83/d3/23/83d323c8-758f-b3f7-b28e-e00fb35f797e/00198704643255_Cover.jpg/600x600bb.jpg,25.4,20.6,55.4,Cool Blue,#3d404b
BLACKPINK,SQUARE ONE - Single,2016,2,Pop,https://is1-ssl.mzstatic.com/image/thumb/Music125/v4/66/1f/06/661f06a5-a04a-be0a-8683-4ff5123bda1e/blackpink_fin0807.jpg/100x100bb.jpg,https://is1-ssl.mzstatic.com/image/thumb/Music125/v4/66/1f/06/661f06a5-a04a-be0a-8683-4ff5123bda1e/blackpink_fin0807.jpg/600x600bb.jpg,73.9,32.3,17.1,Pink & Magenta,#f0a3b5
BTS & Megan Thee Stallion,Butter (Megan Thee Stallion Remix) - Single,2021,1,Pop,https://is1-ssl.mzstatic.com/image/thumb/Music116/v4/9e/9f/73/9e9f7345-9c18-0983-4a94-bf75f2639cdd/196292339000_Cover.jpg/100x100bb.jpg,https://is1-ssl.mzstatic.com/image/thumb/Music116/v4/9e/9f/73/9e9f7345-9c18-0983-4a94-bf75f2639cdd/196292339000_Cover.jpg/600x600bb.jpg,55.1,53.9,41.1,Pink & Magenta,#dc667d
Stray Kids,5-STAR,2023,12,Pop,https://is1-ssl.mzstatic.com/image/thumb/Music116/v4/5a/3b/1e/5a3b1e2f-1b70-a4b0-6d4d-a33a770f361f/738676860696_Cover.jpg/100x100bb.jpg,https://is1-ssl.mzstatic.com/image/thumb/Music116/v4/5a/3b/1e/5a3b1e2f-1b70-a4b0-6d4d-a33a770f361f/738676860696_Cover.jpg/600x600bb.jpg,4.9,0.0,28.1,Dark & Moody,#0c0c0c
j-hope,Chicken Noodle Soup (feat. Becky G) - Single,2019,1,Pop,https://is1-ssl.mzstatic.com/image/thumb/Music126/v4/56/15/80/5615807b-df17-377b-68d2-323460f3797c/194491382438_Cover.jpg/100x100bb.jpg,https://is1-ssl.mzstatic.com/image/thumb/Music126/v4/56/15/80/5615807b-df17-377b-68d2-323460f3797c/194491382438_Cover.jpg/600x600bb.jpg,44.3,34.4,68.3,Warm Red & Orange,#7c6c68
K/DA,ALL OUT - EP,2020,5,Pop,https://is1-ssl.mzstatic.com/image/thumb/Music221/v4/67/11/24/671124b5-7b83-672c-46fc-92245524db3d/00198704643033_Cover.jpg/100x100bb.jpg,https://is1-ssl.mzstatic.com/image/thumb/Music221/v4/67/11/24/671124b5-7b83-672c-46fc-92245524db3d/00198704643033_Cover.jpg/600x600bb.jpg,60.1,29.1,64.9,Cool Blue,#859eb4
IU,Bbibbi - Single,2018,1,Pop,https://is1-ssl.mzstatic.com/image/thumb/Music114/v4/8a/2a/fb/8a2afbb2-728b-f160-8210-ba43146e9d83/cover-_DS.jpg/100x100bb.jpg,https://is1-ssl.mzstatic.com/image/thumb/Music114/v4/8a/2a/fb/8a2afbb2-728b-f160-8210-ba43146e9d83/cover-_DS.jpg/600x600bb.jpg,68.7,41.3,48.9,Cool Blue,#94b7cd
BTS,Come Back Home - Single,2017,1,Pop,https://is1-ssl.mzstatic.com/image/thumb/Music115/v4/c2/ca/43/c2ca4345-428c-81c4-95ab-54ef49a31334/8809534466267_Cover.jpg/100x100bb.jpg,https://is1-ssl.mzstatic.com/image/thumb/Music115/v4/c2/ca/43/c2ca4345-428c-81c4-95ab-54ef49a31334/8809534466267_Cover.jpg/600x600bb.jpg,67.4,14.6,60.2,Monochrome / Gray,#b0a8ae
Jimin,MUSE,2024,7,Pop,https://is1-ssl.mzstatic.com/image/thumb/Music211/v4/94/b5/84/94b58450-a0cd-ab97-2f30-0ed3608b5e24/196922987588_Cover.jpg/100x100bb.jpg,https://is1-ssl.mzstatic.com/image/thumb/Music211/v4/94/b5/84/94b58450-a0cd-ab97-2f30-0ed3608b5e24/196922987588_Cover.jpg/600x600bb.jpg,44.6,39.9,51.8,Green,#4d817c
MONSTA X,WHO DO U LOVE? (feat. French Montana) - Single,2019,1,Pop,https://is1-ssl.mzstatic.com/image/thumb/Music113/v4/51/11/74/5111747a-a677-aec6-585f-9a66964858d0/886447783818.jpg/100x100bb.jpg,https://is1-ssl.mzstatic.com/image/thumb/Music113/v4/51/11/74/5111747a-a677-aec6-585f-9a66964858d0/886447783818.jpg/600x600bb.jpg,18.0,56.8,28.8,Dark & Moody,#4a2026
Stray Kids,ATE,2024,9,Pop,https://is1-ssl.mzstatic.com/image/thumb/Music211/v4/24/c1/47/24c147fc-cf70-0a4e-3e21-bd9a42617572/8809928952123_Cover.jpg/100x100bb.jpg,https://is1-ssl.mzstatic.com/image/thumb/Music211/v4/24/c1/47/24c147fc-cf70-0a4e-3e21-bd9a42617572/8809928952123_Cover.jpg/600x600bb.jpg,17.9,9.2,54.4,Dark & Moody,#2c2d2f
TOMORROW X TOGETHER,The Name Chapter: TEMPTATION - EP,2023,5,Pop,https://is1-ssl.mzstatic.com/image/thumb/Music113/v4/ff/0b/bd/ff0bbd47-a6db-0a59-2d58-fee9f1e89f68/196922264849_Cover.jpg/100x100bb.jpg,https://is1-ssl.mzstatic.com/image/thumb/Music113/v4/ff/0b/bd/ff0bbd47-a6db-0a59-2d58-fee9f1e89f68/196922264849_Cover.jpg/600x600bb.jpg,57.8,30.5,60.9,Warm Red & Orange,#a08e89
Jung Kook,Still With You - Single,2020,1,Pop,https://is1-ssl.mzstatic.com/image/thumb/Music126/v4/61/69/33/616933f6-6d23-321e-f928-1f1c969f130e/195081749037_Cover.jpg/100x100bb.jpg,https://is1-ssl.mzstatic.com/image/thumb/Music126/v4/61/69/33/616933f6-6d23-321e-f928-1f1c969f130e/195081749037_Cover.jpg/600x600bb.jpg,16.6,57.3,43.9,Dark & Moody,#1e2b45
CL,Hello Bitches - Single,2015,1,Pop,https://is1-ssl.mzstatic.com/image/thumb/Music125/v4/ad/73/20/ad7320e8-c283-0ba8-e5f0-c2a1d9a16606/CL_HelloBitches_DS_F.jpg/100x100bb.jpg,https://is1-ssl.mzstatic.com/image/thumb/Music125/v4/ad/73/20/ad7320e8-c283-0ba8-e5f0-c2a1d9a16606/CL_HelloBitches_DS_F.jpg/600x600bb.jpg,76.2,6.6,59.2,Minimalist White,#c5c0c3
i-dle,HANN (Alone) - Single,2018,1,Pop,https://is1-ssl.mzstatic.com/image/thumb/Music124/v4/ef/02/33/ef0233f1-2a15-5af4-1634-2ab68fc64dd9/cover-_DS.jpg/100x100bb.jpg,https://is1-ssl.mzstatic.com/image/thumb/Music124/v4/ef/02/33/ef0233f1-2a15-5af4-1634-2ab68fc64dd9/cover-_DS.jpg/600x600bb.jpg,19.1,59.8,27.1,Dark & Moody,#462339
j-hope,MONA LISA - Single,2025,1,Pop,https://is1-ssl.mzstatic.com/image/thumb/Music221/v4/00/97/34/0097349a-1703-5e93-c11a-14c727e1e75a/198704353567_Cover.jpg/100x100bb.jpg,https://is1-ssl.mzstatic.com/image/thumb/Music221/v4/00/97/34/0097349a-1703-5e93-c11a-14c727e1e75a/198704353567_Cover.jpg/600x600bb.jpg,18.4,11.8,47.9,Dark & Moody,#302e2e
BTS,Film out - Single,2021,1,Pop,https://is1-ssl.mzstatic.com/image/thumb/Music115/v4/8f/58/8a/8f588aff-2d12-043c-6144-71602a7b7942/21UMGIM21733.rgb.jpg/100x100bb.jpg,https://is1-ssl.mzstatic.com/image/thumb/Music115/v4/8f/58/8a/8f588aff-2d12-043c-6144-71602a7b7942/21UMGIM21733.rgb.jpg/600x600bb.jpg,33.6,33.4,63.9,Warm Red & Orange,#615341
"benny blanco, BTS & Snoop Dogg",Bad Decisions - Single,2022,1,Pop,https://is1-ssl.mzstatic.com/image/thumb/Music122/v4/ff/e2/8c/ffe28c3c-149d-4c57-e8ab-cd1e019a106d/22UMGIM61189.rgb.jpg/100x100bb.jpg,https://is1-ssl.mzstatic.com/image/thumb/Music122/v4/ff/e2/8c/ffe28c3c-149d-4c57-e8ab-cd1e019a106d/22UMGIM61189.rgb.jpg/600x600bb.jpg,40.9,79.1,21.8,Pink & Magenta,#e7303a
TWICE,MOONLIGHT SUNRISE - Single,2023,1,Pop,https://is1-ssl.mzstatic.com/image/thumb/Music113/v4/4e/00/f7/4e00f74a-795c-001a-2da3-d5b01b01e4d4/738676860511_Cover.jpg/100x100bb.jpg,https://is1-ssl.mzstatic.com/image/thumb/Music113/v4/4e/00/f7/4e00f74a-795c-001a-2da3-d5b01b01e4d4/738676860511_Cover.jpg/600x600bb.jpg,53.9,38.9,15.9,Cool Blue,#957ea1
BTS & Zara Larsson,A Brand New Day (BTS World Original Soundtrack) [Pt. 2] - Single,2019,1,Pop,https://is1-ssl.mzstatic.com/image/thumb/Music126/v4/78/f2/be/78f2bec8-540f-6bbe-7edd-82c1845fd33d/193483959245_Cover.jpg/100x100bb.jpg,https://is1-ssl.mzstatic.com/image/thumb/Music126/v4/78/f2/be/78f2bec8-540f-6bbe-7edd-82c1845fd33d/193483959245_Cover.jpg/600x600bb.jpg,68.8,38.9,22.5,Pink & Magenta,#ed91a7
Stray Kids,KARMA,2025,12,Pop,https://is1-ssl.mzstatic.com/image/thumb/Music221/v4/38/22/ee/3822ee8e-c8f6-bb12-10ca-dcfd27dd166b/8809928955230_Cover.jpg/100x100bb.jpg,https://is1-ssl.mzstatic.com/image/thumb/Music221/v4/38/22/ee/3822ee8e-c8f6-bb12-10ca-dcfd27dd166b/8809928955230_Cover.jpg/600x600bb.jpg,40.6,24.4,83.7,Cool Blue,#67666e
Jung Kook,Stay Alive (Prod. by SUGA of BTS) - Single,2022,1,Pop,https://is1-ssl.mzstatic.com/image/thumb/Music116/v4/a5/53/10/a5531066-ae03-fe5d-fdef-a2a26467dbbc/192641935671_Cover.jpg/100x100bb.jpg,https://is1-ssl.mzstatic.com/image/thumb/Music116/v4/a5/53/10/a5531066-ae03-fe5d-fdef-a2a26467dbbc/192641935671_Cover.jpg/600x600bb.jpg,16.4,61.7,52.4,Dark & Moody,#2e2147
aespa,Supernova - Single,2024,1,Pop,https://is1-ssl.mzstatic.com/image/thumb/Music211/v4/07/7a/aa/077aaab2-d536-adc3-3e9b-297435c22ff8/00888735947483_Cover.jpg/100x100bb.jpg,https://is1-ssl.mzstatic.com/image/thumb/Music211/v4/07/7a/aa/077aaab2-d536-adc3-3e9b-297435c22ff8/00888735947483_Cover.jpg/600x600bb.jpg,23.5,52.5,73.4,Dark & Moody,#4f2e4d
BTS,"O!RUL8,2?",2013,10,Pop,https://is1-ssl.mzstatic.com/image/thumb/Music116/v4/44/59/00/445900b6-e048-4e4a-8d0f-9d39fdfe857b/8804775051135_Cover.jpg/100x100bb.jpg,https://is1-ssl.mzstatic.com/image/thumb/Music116/v4/44/59/00/445900b6-e048-4e4a-8d0f-9d39fdfe857b/8804775051135_Cover.jpg/600x600bb.jpg,95.8,3.8,27.9,Minimalist White,#f9f2f2
TWICE,BETWEEN 1&2,2022,7,Pop,https://is1-ssl.mzstatic.com/image/thumb/Music122/v4/6d/80/45/6d8045ba-5b0e-c88a-0736-87fd14665e69/738676859874_Cover.jpg/100x100bb.jpg,https://is1-ssl.mzstatic.com/image/thumb/Music122/v4/6d/80/45/6d8045ba-5b0e-c88a-0736-87fd14665e69/738676859874_Cover.jpg/600x600bb.jpg,72.3,27.4,54.1,Warm Red & Orange,#d4ada5
BTS,Come Over - Single,2026,1,Pop,https://is1-ssl.mzstatic.com/image/thumb/Music211/v4/b4/a3/50/b4a350d5-4197-6928-eebf-e7e53ae4c2b6/823375205715_Cover.jpg/100x100bb.jpg,https://is1-ssl.mzstatic.com/image/thumb/Music211/v4/b4/a3/50/b4a350d5-4197-6928-eebf-e7e53ae4c2b6/823375205715_Cover.jpg/600x600bb.jpg,53.5,17.2,75.0,Monochrome / Gray,#848b83
BTS,Take Two - Single,2023,1,Pop,https://is1-ssl.mzstatic.com/image/thumb/Music126/v4/4b/87/06/4b870698-31fd-8d96-c03b-ceb512776335/196922462139_Cover.jpg/100x100bb.jpg,https://is1-ssl.mzstatic.com/image/thumb/Music126/v4/4b/87/06/4b870698-31fd-8d96-c03b-ceb512776335/196922462139_Cover.jpg/600x600bb.jpg,48.0,58.2,26.7,Cool Blue,#8063df
Stray Kids,ROCK-STAR,2023,8,Pop,https://is1-ssl.mzstatic.com/image/thumb/Music126/v4/36/cc/6d/36cc6d5f-1be5-188e-ce54-80f57b023791/8809928950532_Cover.jpg/100x100bb.jpg,https://is1-ssl.mzstatic.com/image/thumb/Music126/v4/36/cc/6d/36cc6d5f-1be5-188e-ce54-80f57b023791/8809928950532_Cover.jpg/600x600bb.jpg,35.5,61.2,50.5,Cool Blue,#74467c
Hearts2Hearts,RUDE! - Single,2026,1,Pop,https://is1-ssl.mzstatic.com/image/thumb/Music221/v4/78/b9/fb/78b9fb30-169a-eab0-38e9-8df725f8f2d6/888735954603.png/100x100bb.jpg,https://is1-ssl.mzstatic.com/image/thumb/Music221/v4/78/b9/fb/78b9fb30-169a-eab0-38e9-8df725f8f2d6/888735954603.png/600x600bb.jpg,67.7,32.2,46.7,Cool Blue,#93b5be
ENHYPEN,BORDER : CARNIVAL - EP,2021,6,Pop,https://is1-ssl.mzstatic.com/image/thumb/Music115/v4/a3/a1/e9/a3a1e9df-916c-cf24-09a3-0530f6186d65/192641603273_Cover.jpg/100x100bb.jpg,https://is1-ssl.mzstatic.com/image/thumb/Music115/v4/a3/a1/e9/a3a1e9df-916c-cf24-09a3-0530f6186d65/192641603273_Cover.jpg/600x600bb.jpg,22.2,90.8,6.1,Dark & Moody,#970a2c
NCT 127,NCT#127 LIMITLESS - The 2nd Mini Album - EP,2017,7,Pop,https://is1-ssl.mzstatic.com/image/thumb/Music124/v4/72/d6/a0/72d6a047-96f9-ab91-1fa9-f288b6261278/NCT_127_Limitless_Digital_Cover_Global.jpg/100x100bb.jpg,https://is1-ssl.mzstatic.com/image/thumb/Music124/v4/72/d6/a0/72d6a047-96f9-ab91-1fa9-f288b6261278/NCT_127_Limitless_Digital_Cover_Global.jpg/600x600bb.jpg,20.8,33.1,45.7,Dark & Moody,#6e1c1c
B.I & Soulja Boy Tell 'Em,BTBT (feat. DeVita) - Single,2022,1,Pop,https://is1-ssl.mzstatic.com/image/thumb/Music126/v4/90/df/30/90df30ff-6234-f1af-7694-cf1af973b684/5056495126751_1.jpg/100x100bb.jpg,https://is1-ssl.mzstatic.com/image/thumb/Music126/v4/90/df/30/90df30ff-6234-f1af-7694-cf1af973b684/5056495126751_1.jpg/600x600bb.jpg,54.3,35.8,79.4,Cool Blue,#5d9ca1
TWICE,Formula of Love: O+T=<3,2021,16,Pop,https://is1-ssl.mzstatic.com/image/thumb/Music126/v4/87/f5/e0/87f5e0de-c909-f4e6-9621-123565dfbc80/738676858440_Cover.jpg/100x100bb.jpg,https://is1-ssl.mzstatic.com/image/thumb/Music126/v4/87/f5/e0/87f5e0de-c909-f4e6-9621-123565dfbc80/738676858440_Cover.jpg/600x600bb.jpg,60.8,25.2,40.9,Cool Blue,#8a9eb5
NCT U,"The 7th Sense (Sung by TAEYONG, MARK, JAEHYUN, DOYOUNG & TEN) - Single",2016,2,Pop,https://is1-ssl.mzstatic.com/image/thumb/Music125/v4/76/0b/31/760b31a0-d9cc-34b3-0c1f-baa1d5315518/The_7th_Sense.jpg/100x100bb.jpg,https://is1-ssl.mzstatic.com/image/thumb/Music125/v4/76/0b/31/760b31a0-d9cc-34b3-0c1f-baa1d5315518/The_7th_Sense.jpg/600x600bb.jpg,1.6,31.3,7.9,Dark & Moody,#050303
PSY,Gentleman - Single,2013,1,Pop,https://is1-ssl.mzstatic.com/image/thumb/Music124/v4/da/68/20/da682064-b4ff-36a7-3ca1-f9706f0553e3/00602537388455.rgb.jpg/100x100bb.jpg,https://is1-ssl.mzstatic.com/image/thumb/Music124/v4/da/68/20/da682064-b4ff-36a7-3ca1-f9706f0553e3/00602537388455.rgb.jpg/600x600bb.jpg,36.5,85.5,24.4,Cool Blue,#1373ae
GOT the beat,Step Back - Single,2022,1,Pop,https://is1-ssl.mzstatic.com/image/thumb/Music126/v4/97/b2/90/97b2905a-5dcb-428b-cdbf-4b975fd25e68/Cover_GOT_the_beat_Step_Back.jpg/100x100bb.jpg,https://is1-ssl.mzstatic.com/image/thumb/Music126/v4/97/b2/90/97b2905a-5dcb-428b-cdbf-4b975fd25e68/Cover_GOT_the_beat_Step_Back.jpg/600x600bb.jpg,60.1,14.7,73.8,Monochrome / Gray,#9e9797
TOMORROW X TOGETHER,The Dream Chapter: MAGIC,2019,8,Pop,https://is1-ssl.mzstatic.com/image/thumb/Music115/v4/65/e5/73/65e57352-367d-b43f-04bd-8c166183fddc/00602508411656_Cover.jpg/100x100bb.jpg,https://is1-ssl.mzstatic.com/image/thumb/Music115/v4/65/e5/73/65e57352-367d-b43f-04bd-8c166183fddc/00602508411656_Cover.jpg/600x600bb.jpg,57.4,80.6,44.1,Green,#2dc78b
SUNMI,Heroine - Single,2018,1,Pop,https://is1-ssl.mzstatic.com/image/thumb/Music62/v4/da/80/29/da8029da-bc4c-5828-afa6-378a513dbb36/cover-_DS_small.jpg/100x100bb.jpg,https://is1-ssl.mzstatic.com/image/thumb/Music62/v4/da/80/29/da8029da-bc4c-5828-afa6-378a513dbb36/cover-_DS_small.jpg/600x600bb.jpg,24.4,67.7,42.7,Dark & Moody,#502d65
Stray Kids,MAXIDENT,2022,8,Pop,https://is1-ssl.mzstatic.com/image/thumb/Music112/v4/b9/bc/58/b9bc58ce-2d5e-74a5-c1da-9c8e596a6625/738676860030_Cover.jpg/100x100bb.jpg,https://is1-ssl.mzstatic.com/image/thumb/Music112/v4/b9/bc/58/b9bc58ce-2d5e-74a5-c1da-9c8e596a6625/738676860030_Cover.jpg/600x600bb.jpg,55.2,1.6,39.5,Monochrome / Gray,#8e8b8d
BIGBANG,MADE,2016,11,Pop,https://is1-ssl.mzstatic.com/image/thumb/Music125/v4/5b/9b/8e/5b9b8ef2-998e-1210-8454-dfebfbf6271c/BB_COVER_IMAGE_4000.jpg/100x100bb.jpg,https://is1-ssl.mzstatic.com/image/thumb/Music125/v4/5b/9b/8e/5b9b8ef2-998e-1210-8454-dfebfbf6271c/BB_COVER_IMAGE_4000.jpg/600x600bb.jpg,33.9,0.0,54.5,Monochrome / Gray,#565656
BLACKPINK,THE GIRLS (BLACKPINK THE GAME OST) - Single,2023,1,Pop,https://is1-ssl.mzstatic.com/image/thumb/Music116/v4/63/56/62/63566266-fc17-677a-d1a7-92509c7f636d/23UMGIM96676.rgb.jpg/100x100bb.jpg,https://is1-ssl.mzstatic.com/image/thumb/Music116/v4/63/56/62/63566266-fc17-677a-d1a7-92509c7f636d/23UMGIM96676.rgb.jpg/600x600bb.jpg,65.8,33.9,57.7,Pink & Magenta,#d88fa2
ILLIT,SUPER REAL ME - EP,2024,4,Pop,https://is1-ssl.mzstatic.com/image/thumb/Music122/v4/3e/49/1e/3e491e43-4961-21ab-2abe-37fb1c0feb40/196922879227_Cover.jpg/100x100bb.jpg,https://is1-ssl.mzstatic.com/image/thumb/Music122/v4/3e/49/1e/3e491e43-4961-21ab-2abe-37fb1c0feb40/196922879227_Cover.jpg/600x600bb.jpg,40.8,12.1,38.1,Monochrome / Gray,#646a63
BIGBANG,Still Life - Single,2022,1,Pop,https://is1-ssl.mzstatic.com/image/thumb/Music122/v4/f6/67/3a/f6673a7c-e2bc-8084-f8b6-523cad1ab277/BIGBANG_Still_Life.jpg/100x100bb.jpg,https://is1-ssl.mzstatic.com/image/thumb/Music122/v4/f6/67/3a/f6673a7c-e2bc-8084-f8b6-523cad1ab277/BIGBANG_Still_Life.jpg/600x600bb.jpg,66.7,31.3,79.2,Warm Red & Orange,#b0a8a0
LISA,Moonlit Floor (Kiss Me) - Single,2024,1,Pop,https://is1-ssl.mzstatic.com/image/thumb/Music211/v4/7c/83/fb/7c83fbdf-27c1-39d5-dfb6-b8d6e2cd8dad/196872478501.jpg/100x100bb.jpg,https://is1-ssl.mzstatic.com/image/thumb/Music211/v4/7c/83/fb/7c83fbdf-27c1-39d5-dfb6-b8d6e2cd8dad/196872478501.jpg/600x600bb.jpg,62.6,20.5,62.5,Warm Red & Orange,#ae9b8e
SUNMI,Noir - Single,2019,1,Pop,https://is1-ssl.mzstatic.com/image/thumb/Music115/v4/41/c5/7a/41c57a90-af8b-4bc1-7ea2-cffdebb11f24/191953026398.jpg/100x100bb.jpg,https://is1-ssl.mzstatic.com/image/thumb/Music115/v4/41/c5/7a/41c57a90-af8b-4bc1-7ea2-cffdebb11f24/191953026398.jpg/600x600bb.jpg,70.2,22.0,59.8,Cool Blue,#aeb2c2
EXO,THE WAR - The 4th Album,2017,10,Pop,https://is1-ssl.mzstatic.com/image/thumb/Music115/v4/e0/e6/45/e0e6457b-98c2-e86a-158f-63f234e62ed7/EXO_04_THE_WAR_DC_KOREAN_Ver.jpg/100x100bb.jpg,https://is1-ssl.mzstatic.com/image/thumb/Music115/v4/e0/e6/45/e0e6457b-98c2-e86a-158f-63f234e62ed7/EXO_04_THE_WAR_DC_KOREAN_Ver.jpg/600x600bb.jpg,92.2,6.8,44.3,Minimalist White,#ecebe5
JISOO & ZAYN,EYES CLOSED - Single,2025,1,Pop,https://is1-ssl.mzstatic.com/image/thumb/Music221/v4/e5/0f/50/e50f5026-6fb6-24c3-9907-0f358cb6a76f/054391226037.jpg/100x100bb.jpg,https://is1-ssl.mzstatic.com/image/thumb/Music221/v4/e5/0f/50/e50f5026-6fb6-24c3-9907-0f358cb6a76f/054391226037.jpg/600x600bb.jpg,16.0,40.1,51.6,Dark & Moody,#312524
ATEEZ,TREASURE EP.3 : One To All - EP,2019,6,Pop,https://is1-ssl.mzstatic.com/image/thumb/Music221/v4/9f/eb/d2/9febd229-ef40-51fd-e6d4-f243fa2bdc50/8809658312556_Cover.jpg/100x100bb.jpg,https://is1-ssl.mzstatic.com/image/thumb/Music221/v4/9f/eb/d2/9febd229-ef40-51fd-e6d4-f243fa2bdc50/8809658312556_Cover.jpg/600x600bb.jpg,62.1,84.4,19.9,Green,#43c8b1
Red Velvet,Perfect Velvet - The 2nd Album,2017,10,Pop,https://is1-ssl.mzstatic.com/image/thumb/Music124/v4/e5/43/f8/e543f849-b92d-9812-c7c8-0a2f16126d96/RV_02_DC.jpg/100x100bb.jpg,https://is1-ssl.mzstatic.com/image/thumb/Music124/v4/e5/43/f8/e543f849-b92d-9812-c7c8-0a2f16126d96/RV_02_DC.jpg/600x600bb.jpg,34.6,42.8,56.2,Warm Red & Orange,#6a533e
Jin,The Astronaut - Single,2022,1,Pop,https://is1-ssl.mzstatic.com/image/thumb/Music122/v4/1b/38/ea/1b38eacd-158d-5040-8887-2786d2a641bc/192641874338_Cover.jpg/100x100bb.jpg,https://is1-ssl.mzstatic.com/image/thumb/Music122/v4/1b/38/ea/1b38eacd-158d-5040-8887-2786d2a641bc/192641874338_Cover.jpg/600x600bb.jpg,13.4,40.9,48.6,Dark & Moody,#192528
TOMORROW X TOGETHER,minisode1 : Blue Hour - EP,2020,5,Pop,https://is1-ssl.mzstatic.com/image/thumb/Music124/v4/0d/4a/ab/0d4aab0e-8560-55b2-9a5e-e1ded3dd86d0/192641569333_Cover.jpg/100x100bb.jpg,https://is1-ssl.mzstatic.com/image/thumb/Music124/v4/0d/4a/ab/0d4aab0e-8560-55b2-9a5e-e1ded3dd86d0/192641569333_Cover.jpg/600x600bb.jpg,73.1,16.5,58.8,Monochrome / Gray,#b0bbce
CORTIS,COLOR OUTSIDE THE LINES - EP,2025,6,Pop,https://is1-ssl.mzstatic.com/image/thumb/Music211/v4/07/b1/d0/07b1d01f-eada-50a5-bdf5-f3f86b1de566/198704622366_Cover.jpg/100x100bb.jpg,https://is1-ssl.mzstatic.com/image/thumb/Music211/v4/07/b1/d0/07b1d01f-eada-50a5-bdf5-f3f86b1de566/198704622366_Cover.jpg/600x600bb.jpg,56.8,8.6,45.7,Monochrome / Gray,#8f9191
TOMORROW X TOGETHER,The Dream Chapter: ETERNITY - EP,2020,6,Pop,https://is1-ssl.mzstatic.com/image/thumb/Music125/v4/34/dd/65/34dd6581-65c1-c364-0cb3-5cf008fac367/00602507201975_Cover.jpg/100x100bb.jpg,https://is1-ssl.mzstatic.com/image/thumb/Music125/v4/34/dd/65/34dd6581-65c1-c364-0cb3-5cf008fac367/00602507201975_Cover.jpg/600x600bb.jpg,30.6,93.2,29.1,Cool Blue,#8a12e0
ENHYPEN,DARK BLOOD - EP,2023,6,Pop,https://is1-ssl.mzstatic.com/image/thumb/Music116/v4/1c/89/10/1c891026-08a1-bbcd-e18e-b5acfe0bd2c7/196922402876_Cover.jpg/100x100bb.jpg,https://is1-ssl.mzstatic.com/image/thumb/Music116/v4/1c/89/10/1c891026-08a1-bbcd-e18e-b5acfe0bd2c7/196922402876_Cover.jpg/600x600bb.jpg,19.6,10.5,32.7,Dark & Moody,#303235
BTS,Skool Luv Affair (Special Edition),2014,12,Pop,https://is1-ssl.mzstatic.com/image/thumb/Music126/v4/67/e0/2a/67e02a62-8475-f54d-2876-92bd1c000ea0/8804775053979_Cover.jpg/100x100bb.jpg,https://is1-ssl.mzstatic.com/image/thumb/Music126/v4/67/e0/2a/67e02a62-8475-f54d-2876-92bd1c000ea0/8804775053979_Cover.jpg/600x600bb.jpg,88.9,13.2,43.1,Minimalist White,#d4e6f1
TWICE,Eyes wide open,2020,13,Pop,https://is1-ssl.mzstatic.com/image/thumb/Music115/v4/1f/46/44/1f46442a-ed5a-7cc8-c119-c6453b559ef7/192641580802_Cover.jpg/100x100bb.jpg,https://is1-ssl.mzstatic.com/image/thumb/Music115/v4/1f/46/44/1f46442a-ed5a-7cc8-c119-c6453b559ef7/192641580802_Cover.jpg/600x600bb.jpg,63.6,7.0,40.6,Monochrome / Gray,#a7a09c
TWICE,Feel Special,2019,7,Pop,https://is1-ssl.mzstatic.com/image/thumb/Music114/v4/75/bb/cc/75bbcc8c-bc12-983b-196f-bb6e355cc978/00602508875281_Cover.jpg/100x100bb.jpg,https://is1-ssl.mzstatic.com/image/thumb/Music114/v4/75/bb/cc/75bbcc8c-bc12-983b-196f-bb6e355cc978/00602508875281_Cover.jpg/600x600bb.jpg,57.3,42.6,56.8,Warm Red & Orange,#a98d69
ENHYPEN,ROMANCE : UNTOLD,2024,9,Pop,https://is1-ssl.mzstatic.com/image/thumb/Music221/v4/9b/b3/43/9bb34374-15bd-d2ff-2397-6173b929518f/198704025143_Cover.jpg/100x100bb.jpg,https://is1-ssl.mzstatic.com/image/thumb/Music221/v4/9b/b3/43/9bb34374-15bd-d2ff-2397-6173b929518f/198704025143_Cover.jpg/600x600bb.jpg,88.5,5.9,29.7,Minimalist White,#eaddde
BTS,Skool Luv Affair,2014,10,Pop,https://is1-ssl.mzstatic.com/image/thumb/Music116/v4/ee/6e/3a/ee6e3a51-d556-d61c-f50e-a2b9cbe65388/8804775053795_Cover.jpg/100x100bb.jpg,https://is1-ssl.mzstatic.com/image/thumb/Music116/v4/ee/6e/3a/ee6e3a51-d556-d61c-f50e-a2b9cbe65388/8804775053795_Cover.jpg/600x600bb.jpg,34.6,19.7,29.5,Green,#525b53
JISOO,ME - Single,2023,2,Pop,https://is1-ssl.mzstatic.com/image/thumb/Music126/v4/61/13/1f/61131f6c-d12a-19cb-333c-9c34eec0f23e/23UMGIM29712.rgb.jpg/100x100bb.jpg,https://is1-ssl.mzstatic.com/image/thumb/Music126/v4/61/13/1f/61131f6c-d12a-19cb-333c-9c34eec0f23e/23UMGIM29712.rgb.jpg/600x600bb.jpg,25.6,72.7,45.5,Warm Red & Orange,#5c3827
SUNMI,LALALAY - Single,2019,1,Pop,https://is1-ssl.mzstatic.com/image/thumb/Music123/v4/42/61/2d/42612d57-a525-b706-de2c-d3c9fa2bb929/cover_3000.png/100x100bb.jpg,https://is1-ssl.mzstatic.com/image/thumb/Music123/v4/42/61/2d/42612d57-a525-b706-de2c-d3c9fa2bb929/cover_3000.png/600x600bb.jpg,35.9,46.1,60.1,Warm Red & Orange,#635857
TOMORROW X TOGETHER,minisode 2: Thursday's Child - EP,2022,5,Pop,https://is1-ssl.mzstatic.com/image/thumb/Music122/v4/75/be/f6/75bef6c9-3944-565e-9b24-1f75e8ce8100/8720355635253_Cover.jpg/100x100bb.jpg,https://is1-ssl.mzstatic.com/image/thumb/Music122/v4/75/be/f6/75bef6c9-3944-565e-9b24-1f75e8ce8100/8720355635253_Cover.jpg/600x600bb.jpg,51.5,23.6,71.7,Warm Red & Orange,#947c78
Stray Kids,THIS & THAT,2026,9,Pop,https://is1-ssl.mzstatic.com/image/thumb/Music211/v4/c0/05/aa/c005aa79-a3a7-6e28-48e2-4c5e72eff603/8809928957357_Cover.jpg/100x100bb.jpg,https://is1-ssl.mzstatic.com/image/thumb/Music211/v4/c0/05/aa/c005aa79-a3a7-6e28-48e2-4c5e72eff603/8809928957357_Cover.jpg/600x600bb.jpg,24.6,73.4,47.4,Dark & Moody,#6d2e1a
CORTIS,GREENGREEN - EP,2026,6,Pop,https://is1-ssl.mzstatic.com/image/thumb/Music221/v4/9b/5f/47/9b5f4711-dc78-2dea-6721-d06709ea5121/198704992810_Cover.jpg/100x100bb.jpg,https://is1-ssl.mzstatic.com/image/thumb/Music221/v4/9b/5f/47/9b5f4711-dc78-2dea-6721-d06709ea5121/198704992810_Cover.jpg/600x600bb.jpg,47.8,22.2,58.6,Warm Red & Orange,#7a7978
BTS,"The Most Beautiful Moment in Life, Pt. 1",2015,9,Pop,https://is1-ssl.mzstatic.com/image/thumb/Music116/v4/b4/f5/5c/b4f55caf-7a93-4da5-cfc2-eec84cf68215/8804775062179_Cover.jpg/100x100bb.jpg,https://is1-ssl.mzstatic.com/image/thumb/Music116/v4/b4/f5/5c/b4f55caf-7a93-4da5-cfc2-eec84cf68215/8804775062179_Cover.jpg/600x600bb.jpg,91.7,8.0,15.4,Minimalist White,#f6e4e2
LE SSERAFIM,EASY - EP,2024,5,Pop,https://is1-ssl.mzstatic.com/image/thumb/Music221/v4/22/0f/fd/220ffdbf-152c-5b65-d5af-01256c1328c2/196922796531_Cover.jpg/100x100bb.jpg,https://is1-ssl.mzstatic.com/image/thumb/Music221/v4/22/0f/fd/220ffdbf-152c-5b65-d5af-01256c1328c2/196922796531_Cover.jpg/600x600bb.jpg,87.7,0.8,19.4,Minimalist White,#dfdfdd
TOMORROW X TOGETHER,The Chaos Chapter : FREEZE,2021,8,Pop,https://is1-ssl.mzstatic.com/image/thumb/Music115/v4/35/e7/8a/35e78a57-4a16-03b7-fa63-50dd7cfcd5fa/192641750038_Cover.jpg/100x100bb.jpg,https://is1-ssl.mzstatic.com/image/thumb/Music115/v4/35/e7/8a/35e78a57-4a16-03b7-fa63-50dd7cfcd5fa/192641750038_Cover.jpg/600x600bb.jpg,28.3,47.8,48.0,Cool Blue,#334c68
TOMORROW X TOGETHER & Jonas Brothers,Do It Like That - Single,2023,1,Pop,https://is1-ssl.mzstatic.com/image/thumb/Music126/v4/c9/86/9c/c9869c0f-67cc-04cd-6a76-360ad984a4b8/196922462627_Cover.jpg/100x100bb.jpg,https://is1-ssl.mzstatic.com/image/thumb/Music126/v4/c9/86/9c/c9869c0f-67cc-04cd-6a76-360ad984a4b8/196922462627_Cover.jpg/600x600bb.jpg,47.8,56.0,70.9,Cool Blue,#6c6aef
Jessi,ZOOM - Single,2022,1,Pop,https://is1-ssl.mzstatic.com/image/thumb/Music122/v4/88/95/84/889584e8-2f0e-fe11-dbaf-f797ddbd38f9/cover_KM0015070_1.jpg/100x100bb.jpg,https://is1-ssl.mzstatic.com/image/thumb/Music122/v4/88/95/84/889584e8-2f0e-fe11-dbaf-f797ddbd38f9/cover_KM0015070_1.jpg/600x600bb.jpg,37.7,72.6,74.1,Pink & Magenta,#96474f
TAEYANG,VIBE (feat. Jimin of BTS) - Single,2023,1,Pop,https://is1-ssl.mzstatic.com/image/thumb/Music113/v4/fd/6a/70/fd6a7080-790c-af7a-2534-251b09f26483/23UMGIM00719.rgb.jpg/100x100bb.jpg,https://is1-ssl.mzstatic.com/image/thumb/Music113/v4/fd/6a/70/fd6a7080-790c-af7a-2534-251b09f26483/23UMGIM00719.rgb.jpg/600x600bb.jpg,27.5,26.9,66.1,Warm Red & Orange,#4d433d
i-dle,Uh-Oh - Single,2019,1,Pop,https://is1-ssl.mzstatic.com/image/thumb/Music123/v4/00/ff/08/00ff08eb-af8a-f059-0356-eeedd9b43fbc/19UMGIM54474.rgb.jpg/100x100bb.jpg,https://is1-ssl.mzstatic.com/image/thumb/Music123/v4/00/ff/08/00ff08eb-af8a-f059-0356-eeedd9b43fbc/19UMGIM54474.rgb.jpg/600x600bb.jpg,61.3,60.1,31.2,Warm Red & Orange,#c09659
2NE1,I Am the Best - Single,2014,1,Pop,https://is1-ssl.mzstatic.com/image/thumb/Music115/v4/48/3e/fe/483efe97-21b7-f5d2-a9fb-7c42b79d572a/00602547185242.rgb.jpg/100x100bb.jpg,https://is1-ssl.mzstatic.com/image/thumb/Music115/v4/48/3e/fe/483efe97-21b7-f5d2-a9fb-7c42b79d572a/00602547185242.rgb.jpg/600x600bb.jpg,32.4,2.6,69.9,Monochrome / Gray,#525252
NewJeans,Zero - Single,2023,1,Pop,https://is1-ssl.mzstatic.com/image/thumb/Music116/v4/6c/5a/04/6c5a04e7-436d-d4d5-bf7e-fdd01d033eb9/196922401121_Cover.jpg/100x100bb.jpg,https://is1-ssl.mzstatic.com/image/thumb/Music116/v4/6c/5a/04/6c5a04e7-436d-d4d5-bf7e-fdd01d033eb9/196922401121_Cover.jpg/600x600bb.jpg,17.9,90.7,22.0,Dark & Moody,#770b1c
NCT 127,Highway to Heaven (English Version) - Single,2019,1,Pop,https://is1-ssl.mzstatic.com/image/thumb/Music211/v4/8d/a0/b9/8da0b99f-e367-df8b-673b-4e11cf69d133/00888735931390_Cover.jpg/100x100bb.jpg,https://is1-ssl.mzstatic.com/image/thumb/Music211/v4/8d/a0/b9/8da0b99f-e367-df8b-673b-4e11cf69d133/00888735931390_Cover.jpg/600x600bb.jpg,64.9,0.0,94.9,Monochrome / Gray,#a5a5a5
DPR IAN,Moodswings In This Order,2021,8,Pop,https://is1-ssl.mzstatic.com/image/thumb/Music115/v4/a8/f5/e4/a8f5e4d6-25d6-9d0a-8d18-c9e497488a95/196006077655.jpg/100x100bb.jpg,https://is1-ssl.mzstatic.com/image/thumb/Music115/v4/a8/f5/e4/a8f5e4d6-25d6-9d0a-8d18-c9e497488a95/196006077655.jpg/600x600bb.jpg,28.6,0.0,72.4,Monochrome / Gray,#484848
SUNMI,Pporappippam - Single,2020,1,Pop,https://is1-ssl.mzstatic.com/image/thumb/Music114/v4/c7/b6/ff/c7b6ff7d-acfb-f983-e3de-764c920251d7/191953082691.jpg/100x100bb.jpg,https://is1-ssl.mzstatic.com/image/thumb/Music114/v4/c7/b6/ff/c7b6ff7d-acfb-f983-e3de-764c920251d7/191953082691.jpg/600x600bb.jpg,65.6,26.0,49.3,Pink & Magenta,#b69ead
Stray Kids,HOP,2024,13,Pop,https://is1-ssl.mzstatic.com/image/thumb/Music211/v4/b3/e2/83/b3e28373-7aad-03c0-b8ec-9b1d9e706989/8809928953014_Cover.jpg/100x100bb.jpg,https://is1-ssl.mzstatic.com/image/thumb/Music211/v4/b3/e2/83/b3e28373-7aad-03c0-b8ec-9b1d9e706989/8809928953014_Cover.jpg/600x600bb.jpg,25.5,38.0,52.2,Warm Red & Orange,#4b3e35
JEON SOMI,What You Waiting For - Single,2020,1,Pop,https://is1-ssl.mzstatic.com/image/thumb/Music124/v4/28/6a/33/286a33e2-b9b7-38d9-4a1c-15274bc81ee1/20UMGIM60846.rgb.jpg/100x100bb.jpg,https://is1-ssl.mzstatic.com/image/thumb/Music124/v4/28/6a/33/286a33e2-b9b7-38d9-4a1c-15274bc81ee1/20UMGIM60846.rgb.jpg/600x600bb.jpg,15.9,88.4,31.2,Dark & Moody,#5d130a
KAI,KAI - The 1st Mini Album - EP,2020,7,Pop,https://is1-ssl.mzstatic.com/image/thumb/Music124/v4/cd/7b/86/cd7b8623-b22c-35f5-22c8-171b88a38790/Digital_Cover_KAI_KAI_-_The_1st_Mini_Album.jpg/100x100bb.jpg,https://is1-ssl.mzstatic.com/image/thumb/Music124/v4/cd/7b/86/cd7b8623-b22c-35f5-22c8-171b88a38790/Digital_Cover_KAI_KAI_-_The_1st_Mini_Album.jpg/600x600bb.jpg,13.9,7.4,51.2,Dark & Moody,#242224
IU,Palette,2017,10,Pop,https://is1-ssl.mzstatic.com/image/thumb/Music123/v4/94/ec/24/94ec2442-5add-d1ca-5eba-37f1298abfbc/cover_KM0005225_1.jpg/100x100bb.jpg,https://is1-ssl.mzstatic.com/image/thumb/Music123/v4/94/ec/24/94ec2442-5add-d1ca-5eba-37f1298abfbc/cover_KM0005225_1.jpg/600x600bb.jpg,74.6,16.1,75.3,Monochrome / Gray,#c8bab8
SuperM,SuperM - The 1st Mini Album,2019,8,Pop,https://is1-ssl.mzstatic.com/image/thumb/Music115/v4/f0/47/69/f0476948-1859-8fb7-c0ea-94465871f540/19UMGIM77186.rgb.jpg/100x100bb.jpg,https://is1-ssl.mzstatic.com/image/thumb/Music115/v4/f0/47/69/f0476948-1859-8fb7-c0ea-94465871f540/19UMGIM77186.rgb.jpg/600x600bb.jpg,6.7,1.3,31.0,Dark & Moody,#111010
ZICO,BERMUDA TRIANGLE (feat. Crush & DEAN) - Single,2016,1,Pop,https://is1-ssl.mzstatic.com/image/thumb/Music211/v4/1e/2f/6d/1e2f6dc0-4396-c139-5d9a-dee62b39a48a/cover_KM0020975_1.jpg/100x100bb.jpg,https://is1-ssl.mzstatic.com/image/thumb/Music211/v4/1e/2f/6d/1e2f6dc0-4396-c139-5d9a-dee62b39a48a/cover_KM0020975_1.jpg/600x600bb.jpg,90.0,1.1,49.9,Minimalist White,#e4e6e5
KARD,Bomb Bomb - Single,2019,1,Pop,https://is1-ssl.mzstatic.com/image/thumb/Music124/v4/91/fa/40/91fa408d-4a02-630e-e114-cba1f35b2d9f/dj.ybcjohmv.jpg/100x100bb.jpg,https://is1-ssl.mzstatic.com/image/thumb/Music124/v4/91/fa/40/91fa408d-4a02-630e-e114-cba1f35b2d9f/dj.ybcjohmv.jpg/600x600bb.jpg,18.3,75.6,25.2,Dark & Moody,#432819
TAEYEON,Weekend - Single,2021,1,Pop,https://is1-ssl.mzstatic.com/image/thumb/Music115/v4/bf/24/e1/bf24e11b-32c4-da05-2331-d94a5f26b0ea/Digital_Cover_TAEYEON_Weekend.jpg/100x100bb.jpg,https://is1-ssl.mzstatic.com/image/thumb/Music115/v4/bf/24/e1/bf24e11b-32c4-da05-2331-d94a5f26b0ea/Digital_Cover_TAEYEON_Weekend.jpg/600x600bb.jpg,73.0,16.1,20.3,Monochrome / Gray,#cdb2ae
ATEEZ,THE WORLD EP.2 : OUTLAW,2023,6,Pop,https://is1-ssl.mzstatic.com/image/thumb/Music221/v4/3d/b9/86/3db98693-a348-6e05-3e41-78626b4237bb/196871212342.jpg/100x100bb.jpg,https://is1-ssl.mzstatic.com/image/thumb/Music221/v4/3d/b9/86/3db98693-a348-6e05-3e41-78626b4237bb/196871212342.jpg/600x600bb.jpg,9.1,71.9,22.6,Dark & Moody,#1e0c38
JENNIE,JENNIE Special Single [You & Me] - Single,2023,2,Pop,https://is1-ssl.mzstatic.com/image/thumb/Music126/v4/2e/2a/4c/2e2a4c59-62ac-25a3-9d91-5e680b4ba806/23UM1IM15529.rgb.jpg/100x100bb.jpg,https://is1-ssl.mzstatic.com/image/thumb/Music126/v4/2e/2a/4c/2e2a4c59-62ac-25a3-9d91-5e680b4ba806/23UM1IM15529.rgb.jpg/600x600bb.jpg,60.0,25.4,72.4,Cool Blue,#9697a9
LE SSERAFIM,CRAZY - EP,2024,5,Pop,https://is1-ssl.mzstatic.com/image/thumb/Music221/v4/38/95/ed/3895ed80-ba5b-7846-ce5b-b49805a818ef/198704101359_Cover.jpg/100x100bb.jpg,https://is1-ssl.mzstatic.com/image/thumb/Music221/v4/38/95/ed/3895ed80-ba5b-7846-ce5b-b49805a818ef/198704101359_Cover.jpg/600x600bb.jpg,14.9,52.2,49.7,Dark & Moody,#20243c
Jung Kook & USHER,Standing Next to You (Usher Remix) - Single,2023,1,Pop,https://is1-ssl.mzstatic.com/image/thumb/Music116/v4/30/eb/96/30eb96f1-7660-bef0-3cb8-ed75f216dc2b/196922734229_Cover.jpg/100x100bb.jpg,https://is1-ssl.mzstatic.com/image/thumb/Music116/v4/30/eb/96/30eb96f1-7660-bef0-3cb8-ed75f216dc2b/196922734229_Cover.jpg/600x600bb.jpg,38.7,33.6,65.7,Warm Red & Orange,#7e5947
JEON SOMI,DUMB DUMB - Single,2021,1,Pop,https://is1-ssl.mzstatic.com/image/thumb/Music115/v4/72/a4/35/72a435df-77ec-2d78-56ac-4880c5323a25/21UMGIM69672.rgb.jpg/100x100bb.jpg,https://is1-ssl.mzstatic.com/image/thumb/Music115/v4/72/a4/35/72a435df-77ec-2d78-56ac-4880c5323a25/21UMGIM69672.rgb.jpg/600x600bb.jpg,61.4,34.8,39.8,Warm Red & Orange,#be8f85
TWICE,MORE & MORE,2020,7,Pop,https://is1-ssl.mzstatic.com/image/thumb/Music125/v4/ee/2a/bb/ee2abbe7-5366-ca41-5e4e-abbd44550296/192641505379_Cover.jpg/100x100bb.jpg,https://is1-ssl.mzstatic.com/image/thumb/Music125/v4/ee/2a/bb/ee2abbe7-5366-ca41-5e4e-abbd44550296/192641505379_Cover.jpg/600x600bb.jpg,35.1,38.1,63.0,Warm Red & Orange,#6b524d
Alex Warren & ROSÉ,On My Mind - Single,2025,1,Pop,https://is1-ssl.mzstatic.com/image/thumb/Music211/v4/a0/37/63/a0376375-d14d-de3b-dd39-744980e624eb/075679604446.jpg/100x100bb.jpg,https://is1-ssl.mzstatic.com/image/thumb/Music211/v4/a0/37/63/a0376375-d14d-de3b-dd39-744980e624eb/075679604446.jpg/600x600bb.jpg,23.2,46.3,41.2,Dark & Moody,#373a45
IU,Celebrity - Single,2021,1,Pop,https://is1-ssl.mzstatic.com/image/thumb/Music124/v4/02/32/09/02320995-35fb-e63f-fb52-76595b70ed45/1.jpg/100x100bb.jpg,https://is1-ssl.mzstatic.com/image/thumb/Music124/v4/02/32/09/02320995-35fb-e63f-fb52-76595b70ed45/1.jpg/600x600bb.jpg,74.4,32.8,39.0,Warm Red & Orange,#e2b19b
TOMORROW X TOGETHER,The Name Chapter: FREEFALL,2023,10,Pop,https://is1-ssl.mzstatic.com/image/thumb/Music126/v4/fa/39/96/fa399600-4240-ac52-db12-5f5bd3a7c4c9/196922660023_Cover.jpg/100x100bb.jpg,https://is1-ssl.mzstatic.com/image/thumb/Music126/v4/fa/39/96/fa399600-4240-ac52-db12-5f5bd3a7c4c9/196922660023_Cover.jpg/600x600bb.jpg,61.6,25.6,67.1,Cool Blue,#9e97b3
ENHYPEN,DESIRE : UNLEASH,2025,8,Pop,https://is1-ssl.mzstatic.com/image/thumb/Music211/v4/d5/b8/38/d5b83835-ef0a-896f-b42c-b6a2a5961201/198704471889_Cover.jpg/100x100bb.jpg,https://is1-ssl.mzstatic.com/image/thumb/Music211/v4/d5/b8/38/d5b83835-ef0a-896f-b42c-b6a2a5961201/198704471889_Cover.jpg/600x600bb.jpg,17.2,43.7,64.4,Dark & Moody,#2b2a33
Stray Kids,DO IT - EP,2025,6,Pop,https://is1-ssl.mzstatic.com/image/thumb/Music211/v4/72/33/69/7233691c-aefe-252d-678b-faa9b3455200/8809928958965_Cover.jpg/100x100bb.jpg,https://is1-ssl.mzstatic.com/image/thumb/Music211/v4/72/33/69/7233691c-aefe-252d-678b-faa9b3455200/8809928958965_Cover.jpg/600x600bb.jpg,49.6,14.9,44.8,Monochrome / Gray,#91757c
ATEEZ,TREASURE EP.2 : Zero To One - EP,2019,5,Pop,https://is1-ssl.mzstatic.com/image/thumb/Music221/v4/74/39/e5/7439e507-be0f-4d25-89fe-b34262fa2daa/8809603549082_Cover.jpg/100x100bb.jpg,https://is1-ssl.mzstatic.com/image/thumb/Music221/v4/74/39/e5/7439e507-be0f-4d25-89fe-b34262fa2daa/8809603549082_Cover.jpg/600x600bb.jpg,26.7,89.3,10.1,Pink & Magenta,#b41316
ENHYPEN,BORDER : DAY ONE - EP,2020,6,Pop,https://is1-ssl.mzstatic.com/image/thumb/Music114/v4/d1/69/62/d16962c9-0552-451d-efb0-b6c5184279fb/dj.xyjzyeci.jpg/100x100bb.jpg,https://is1-ssl.mzstatic.com/image/thumb/Music114/v4/d1/69/62/d16962c9-0552-451d-efb0-b6c5184279fb/dj.xyjzyeci.jpg/600x600bb.jpg,32.3,37.5,33.0,Cool Blue,#5b4967
ZICO,SPOT! (feat. JENNIE) - Single,2024,1,Pop,https://is1-ssl.mzstatic.com/image/thumb/Music211/v4/2e/2c/9c/2e2c9cb1-7352-867a-013c-9c885a9f7f4e/196922944741_Cover.jpg/100x100bb.jpg,https://is1-ssl.mzstatic.com/image/thumb/Music211/v4/2e/2c/9c/2e2c9cb1-7352-867a-013c-9c885a9f7f4e/196922944741_Cover.jpg/600x600bb.jpg,38.5,29.1,53.5,Warm Red & Orange,#6d5d59
SEVENTEEN,YOU MADE MY DAWN,2019,6,Pop,https://is1-ssl.mzstatic.com/image/thumb/Music126/v4/d3/c9/4c/d3c94ccd-6c20-af5a-403e-40a14b9f3df5/8804775120695_Cover.jpg/100x100bb.jpg,https://is1-ssl.mzstatic.com/image/thumb/Music126/v4/d3/c9/4c/d3c94ccd-6c20-af5a-403e-40a14b9f3df5/8804775120695_Cover.jpg/600x600bb.jpg,24.0,78.2,35.4,Dark & Moody,#623118
Stray Kids,IN LIFE,2020,18,Pop,https://is1-ssl.mzstatic.com/image/thumb/Music126/v4/a8/99/a9/a899a9bb-bddc-1ce6-61d0-bea282420aa3/192641939464_Cover.jpg/100x100bb.jpg,https://is1-ssl.mzstatic.com/image/thumb/Music126/v4/a8/99/a9/a899a9bb-bddc-1ce6-61d0-bea282420aa3/192641939464_Cover.jpg/600x600bb.jpg,41.0,59.9,77.7,Warm Red & Orange,#a9503b
SEVENTEEN,"TEEN, AGE",2017,13,Pop,https://is1-ssl.mzstatic.com/image/thumb/Music125/v4/71/f1/26/71f1269f-be8a-dafd-b732-a84c58136d06/cover-.jpg/100x100bb.jpg,https://is1-ssl.mzstatic.com/image/thumb/Music125/v4/71/f1/26/71f1269f-be8a-dafd-b732-a84c58136d06/cover-.jpg/600x600bb.jpg,64.9,18.1,36.0,Cool Blue,#a8a0b6
LE SSERAFIM,ANTIFRAGILE - EP,2022,5,Pop,https://is1-ssl.mzstatic.com/image/thumb/Music221/v4/c8/79/da/c879dadf-db1e-95a5-caf5-b18c7c81d2b6/192641874413_Cover.jpg/100x100bb.jpg,https://is1-ssl.mzstatic.com/image/thumb/Music221/v4/c8/79/da/c879dadf-db1e-95a5-caf5-b18c7c81d2b6/192641874413_Cover.jpg/600x600bb.jpg,96.8,2.5,21.7,Minimalist White,#f8f6f2
EXO,DON’T MESS UP MY TEMPO – The 5th Album,2018,12,Pop,https://is1-ssl.mzstatic.com/image/thumb/Music128/v4/97/f7/95/97f795bb-178f-53c6-8c4e-f1fa0f559846/EXO_DIGITAL_COVER.jpg/100x100bb.jpg,https://is1-ssl.mzstatic.com/image/thumb/Music128/v4/97/f7/95/97f795bb-178f-53c6-8c4e-f1fa0f559846/EXO_DIGITAL_COVER.jpg/600x600bb.jpg,10.4,9.4,46.4,Dark & Moody,#1c1919
aespa,MY WORLD - The 3rd Mini Album - EP,2023,7,Pop,https://is1-ssl.mzstatic.com/image/thumb/Music116/v4/af/2c/6d/af2c6d62-0ebc-2dff-17b3-8eeb2b3986a0/888735943621.jpg/100x100bb.jpg,https://is1-ssl.mzstatic.com/image/thumb/Music116/v4/af/2c/6d/af2c6d62-0ebc-2dff-17b3-8eeb2b3986a0/888735943621.jpg/600x600bb.jpg,41.4,48.1,42.0,Cool Blue,#487680
ATEEZ,"ZERO: FEVER, Pt. 1",2020,7,Pop,https://is1-ssl.mzstatic.com/image/thumb/Music211/v4/97/89/e1/9789e1c7-bbcd-535b-8201-9f6fe92cbec5/886448645658.jpg/100x100bb.jpg,https://is1-ssl.mzstatic.com/image/thumb/Music211/v4/97/89/e1/9789e1c7-bbcd-535b-8201-9f6fe92cbec5/886448645658.jpg/600x600bb.jpg,46.5,91.6,51.9,Warm Red & Orange,#be660b
j-hope & Miguel,Sweet Dreams - Single,2025,1,Pop,https://is1-ssl.mzstatic.com/image/thumb/Music211/v4/06/9d/61/069d612b-4cfc-1868-5ec8-3abb515f1266/198704353512_Cover.jpg/100x100bb.jpg,https://is1-ssl.mzstatic.com/image/thumb/Music211/v4/06/9d/61/069d612b-4cfc-1868-5ec8-3abb515f1266/198704353512_Cover.jpg/600x600bb.jpg,72.4,30.1,34.3,Cool Blue,#b1bbbc
TOMORROW X TOGETHER,The Chaos Chapter: FIGHT OR ESCAPE,2021,11,Pop,https://is1-ssl.mzstatic.com/image/thumb/Music125/v4/0f/55/85/0f558585-f65f-8793-a921-e041ce06a8ad/192641681523_Cover.jpg/100x100bb.jpg,https://is1-ssl.mzstatic.com/image/thumb/Music125/v4/0f/55/85/0f558585-f65f-8793-a921-e041ce06a8ad/192641681523_Cover.jpg/600x600bb.jpg,43.2,47.6,62.7,Cool Blue,#716788
Red Velvet - IRENE & SEULGI,Naughty - Single,2020,1,Pop,https://is1-ssl.mzstatic.com/image/thumb/Music124/v4/b1/65/35/b1653505-26f1-438c-6dd5-9d169e7b26fc/I_S_Naughty_DigitalCover_RE.jpg/100x100bb.jpg,https://is1-ssl.mzstatic.com/image/thumb/Music124/v4/b1/65/35/b1653505-26f1-438c-6dd5-9d169e7b26fc/I_S_Naughty_DigitalCover_RE.jpg/600x600bb.jpg,46.2,13.4,76.9,Monochrome / Gray,#7b7373
GIRLSET,Tweak - Single,2026,1,Pop,https://is1-ssl.mzstatic.com/image/thumb/Music211/v4/d9/9a/4d/d99a4d79-b959-fed0-82ea-bed8c3ab74f2/26UMGIM15913.rgb.jpg/100x100bb.jpg,https://is1-ssl.mzstatic.com/image/thumb/Music211/v4/d9/9a/4d/d99a4d79-b959-fed0-82ea-bed8c3ab74f2/26UMGIM15913.rgb.jpg/600x600bb.jpg,47.9,15.1,35.8,Monochrome / Gray,#807581
Stray Kids,Hellevator - Single,2017,1,Pop,https://is1-ssl.mzstatic.com/image/thumb/Music126/v4/37/ec/55/37ec5508-6745-0b9c-e29b-51545fc71a32/738676856828_Cover.jpg/100x100bb.jpg,https://is1-ssl.mzstatic.com/image/thumb/Music126/v4/37/ec/55/37ec5508-6745-0b9c-e29b-51545fc71a32/738676856828_Cover.jpg/600x600bb.jpg,38.3,4.5,73.1,Monochrome / Gray,#626162
TWICE,FANCY YOU - EP,2019,6,Pop,https://is1-ssl.mzstatic.com/image/thumb/Music115/v4/03/76/e6/0376e6f9-f6d8-68f7-ae85-1a4ef17002aa/00602508875229_Cover.jpg/100x100bb.jpg,https://is1-ssl.mzstatic.com/image/thumb/Music115/v4/03/76/e6/0376e6f9-f6d8-68f7-ae85-1a4ef17002aa/00602508875229_Cover.jpg/600x600bb.jpg,55.6,40.6,52.3,Warm Red & Orange,#b77d75
Stray Kids,Double Knot - Single,2019,2,Pop,https://is1-ssl.mzstatic.com/image/thumb/Music126/v4/b4/a6/aa/b4a6aada-a464-463c-0656-a60c7e97bc32/192641939396_Cover.jpg/100x100bb.jpg,https://is1-ssl.mzstatic.com/image/thumb/Music126/v4/b4/a6/aa/b4a6aada-a464-463c-0656-a60c7e97bc32/192641939396_Cover.jpg/600x600bb.jpg,9.7,48.9,38.4,Dark & Moody,#221513
IU,Through the Night - Single,2017,1,Pop,https://is1-ssl.mzstatic.com/image/thumb/Music114/v4/dc/12/fe/dc12fe03-172b-a843-0d96-12819fa05b6c/cover-.jpg/100x100bb.jpg,https://is1-ssl.mzstatic.com/image/thumb/Music114/v4/dc/12/fe/dc12fe03-172b-a843-0d96-12819fa05b6c/cover-.jpg/600x600bb.jpg,52.9,10.5,68.0,Monochrome / Gray,#8b8483
BIGBANG,FLOWER ROAD - Single,2018,1,Pop,https://is1-ssl.mzstatic.com/image/thumb/Music118/v4/b2/c1/a7/b2c1a7e1-b6ff-c7dd-f888-d0a2fa28903f/cover_image4000.jpg/100x100bb.jpg,https://is1-ssl.mzstatic.com/image/thumb/Music118/v4/b2/c1/a7/b2c1a7e1-b6ff-c7dd-f888-d0a2fa28903f/cover_image4000.jpg/600x600bb.jpg,32.1,35.1,80.0,Pink & Magenta,#5e4b50
LE SSERAFIM,HOT - EP,2025,5,Pop,https://is1-ssl.mzstatic.com/image/thumb/Music221/v4/cb/5d/2c/cb5d2c9e-74e1-a562-6c40-04479aa0afdf/198704375187_Cover.jpg/100x100bb.jpg,https://is1-ssl.mzstatic.com/image/thumb/Music221/v4/cb/5d/2c/cb5d2c9e-74e1-a562-6c40-04479aa0afdf/198704375187_Cover.jpg/600x600bb.jpg,58.6,39.6,44.8,Warm Red & Orange,#b58c6e
IU,Love wins all - Single,2024,1,Pop,https://is1-ssl.mzstatic.com/image/thumb/Music126/v4/e3/56/1e/e3561eb5-de12-790d-569b-53fa22e6b491/cover_KM0019422_1.jpg/100x100bb.jpg,https://is1-ssl.mzstatic.com/image/thumb/Music126/v4/e3/56/1e/e3561eb5-de12-790d-569b-53fa22e6b491/cover_KM0019422_1.jpg/600x600bb.jpg,28.5,13.2,22.1,Monochrome / Gray,#4e444c
ENHYPEN,DIMENSION : DILEMMA,2021,8,Pop,https://is1-ssl.mzstatic.com/image/thumb/Music125/v4/07/f2/86/07f286a5-be02-94dd-4e0e-a781aba6d1d4/192641841651_Cover.jpg/100x100bb.jpg,https://is1-ssl.mzstatic.com/image/thumb/Music125/v4/07/f2/86/07f286a5-be02-94dd-4e0e-a781aba6d1d4/192641841651_Cover.jpg/600x600bb.jpg,24.3,81.0,26.0,Dark & Moody,#3e4227
TOMORROW X TOGETHER,minisode 3: TOMORROW,2024,7,Pop,https://is1-ssl.mzstatic.com/image/thumb/Music221/v4/9d/c4/16/9dc41676-d81e-b1ff-d62f-c3d7cd0757a6/196922842283_Cover.jpg/100x100bb.jpg,https://is1-ssl.mzstatic.com/image/thumb/Music221/v4/9d/c4/16/9dc41676-d81e-b1ff-d62f-c3d7cd0757a6/196922842283_Cover.jpg/600x600bb.jpg,84.4,23.3,37.1,Warm Red & Orange,#f7cbbe
BABYMONSTER,BATTER UP - Single,2023,1,Pop,https://is1-ssl.mzstatic.com/image/thumb/Music126/v4/cf/fd/ec/cffdec06-a89b-326f-f897-13a5a7c657f4/BABYMONSTER_BATTER_UP_Cover_4000.jpg/100x100bb.jpg,https://is1-ssl.mzstatic.com/image/thumb/Music126/v4/cf/fd/ec/cffdec06-a89b-326f-f897-13a5a7c657f4/BABYMONSTER_BATTER_UP_Cover_4000.jpg/600x600bb.jpg,18.6,68.5,42.7,Dark & Moody,#41233c
CLC,ME - Single,2019,1,Pop,https://is1-ssl.mzstatic.com/image/thumb/Music113/v4/cc/12/92/cc129246-2e04-fbcc-0573-020d57418038/19UMGIM46649.rgb.jpg/100x100bb.jpg,https://is1-ssl.mzstatic.com/image/thumb/Music113/v4/cc/12/92/cc129246-2e04-fbcc-0573-020d57418038/19UMGIM46649.rgb.jpg/600x600bb.jpg,92.9,8.1,35.0,Minimalist White,#f9e6ea
NAYEON,IM NAYEON,2022,7,Pop,https://is1-ssl.mzstatic.com/image/thumb/Music122/v4/3f/49/ec/3f49ecb2-cb91-dd28-45b9-a31326d7e63b/738676859614_Cover.jpg/100x100bb.jpg,https://is1-ssl.mzstatic.com/image/thumb/Music122/v4/3f/49/ec/3f49ecb2-cb91-dd28-45b9-a31326d7e63b/738676859614_Cover.jpg/600x600bb.jpg,75.6,23.1,29.0,Cool Blue,#b1c6ca
aespa,SYNK : PARALLEL LINE - Special Digital Single - EP,2024,4,Pop,https://is1-ssl.mzstatic.com/image/thumb/Music211/v4/fd/85/0e/fd850e67-f6e2-c4e9-6ea5-501ca5afccbd/aespa_DS_Synk-PARALLEL_LINE_DC.jpg/100x100bb.jpg,https://is1-ssl.mzstatic.com/image/thumb/Music211/v4/fd/85/0e/fd850e67-f6e2-c4e9-6ea5-501ca5afccbd/aespa_DS_Synk-PARALLEL_LINE_DC.jpg/600x600bb.jpg,27.2,24.5,59.2,Cool Blue,#44444c
"Sik-K, pH-1, Jay Park & GroovyRoom",Iffy - Single,2017,1,Pop,https://is1-ssl.mzstatic.com/image/thumb/Music114/v4/71/95/b1/7195b12f-0ce7-21ce-988b-7d482ca2b2c9/cover-_pH-1_DS.jpg/100x100bb.jpg,https://is1-ssl.mzstatic.com/image/thumb/Music114/v4/71/95/b1/7195b12f-0ce7-21ce-988b-7d482ca2b2c9/cover-_pH-1_DS.jpg/600x600bb.jpg,35.3,41.9,70.8,Pink & Magenta,#854747
JENNIE & Doechii,ExtraL - Single,2025,1,Pop,https://is1-ssl.mzstatic.com/image/thumb/Music211/v4/a1/d7/15/a1d715f8-11c4-121a-5577-18e6a8c6023d/196872912623.jpg/100x100bb.jpg,https://is1-ssl.mzstatic.com/image/thumb/Music211/v4/a1/d7/15/a1d715f8-11c4-121a-5577-18e6a8c6023d/196872912623.jpg/600x600bb.jpg,51.3,29.3,71.4,Warm Red & Orange,#977a78
ATEEZ,TREASURE EP.FIN : All To Action,2019,11,Pop,https://is1-ssl.mzstatic.com/image/thumb/Music221/v4/bc/72/3a/bc723a05-4baa-98d7-743b-f84fad5f840b/8809658317438_Cover.jpg/100x100bb.jpg,https://is1-ssl.mzstatic.com/image/thumb/Music221/v4/bc/72/3a/bc723a05-4baa-98d7-743b-f84fad5f840b/8809658317438_Cover.jpg/600x600bb.jpg,21.4,11.3,55.7,Dark & Moody,#3a362d
DPR LIVE,Her - EP,2017,5,Pop,https://is1-ssl.mzstatic.com/image/thumb/Music113/v4/3d/c9/cd/3dc9cdaf-7205-c501-6294-fef071d77376/cover_KM0005816_1.jpg/100x100bb.jpg,https://is1-ssl.mzstatic.com/image/thumb/Music113/v4/3d/c9/cd/3dc9cdaf-7205-c501-6294-fef071d77376/cover_KM0005816_1.jpg/600x600bb.jpg,46.9,32.5,61.1,Warm Red & Orange,#89706a
Various Artists,Latin Pop,2018,10,Pop,https://is1-ssl.mzstatic.com/image/thumb/Music211/v4/4b/f6/58/4bf658a5-be68-a29d-34c3-fd477c5ae6a2/859726707751.jpg/100x100bb.jpg,https://is1-ssl.mzstatic.com/image/thumb/Music211/v4/4b/f6/58/4bf658a5-be68-a29d-34c3-fd477c5ae6a2/859726707751.jpg/600x600bb.jpg,43.9,56.5,72.3,Warm Red & Orange,#956254
Shakira,Waka Waka (Esto es Africa) [feat. Freshlyground] - Single,2010,1,Pop,https://is1-ssl.mzstatic.com/image/thumb/Music122/v4/c4/6e/63/c46e6321-2a8a-dfaa-2c0f-21d4b62450b3/884977620108.jpg/100x100bb.jpg,https://is1-ssl.mzstatic.com/image/thumb/Music122/v4/c4/6e/63/c46e6321-2a8a-dfaa-2c0f-21d4b62450b3/884977620108.jpg/600x600bb.jpg,68.4,8.9,82.7,Monochrome / Gray,#b2ada7
Shakira & Anuel AA,Me Gusta - Single,2020,1,Latin,https://is1-ssl.mzstatic.com/image/thumb/Music114/v4/c0/7d/1d/c07d1d51-fdf0-c01e-ecaa-ac6509350eee/886448238980.jpg/100x100bb.jpg,https://is1-ssl.mzstatic.com/image/thumb/Music114/v4/c0/7d/1d/c07d1d51-fdf0-c01e-ecaa-ac6509350eee/886448238980.jpg/600x600bb.jpg,58.3,27.6,36.0,Cool Blue,#979298
Shakira & Rauw Alejandro,Te Felicito - Single,2022,1,Latin,https://is1-ssl.mzstatic.com/image/thumb/Music112/v4/ad/9c/9a/ad9c9abb-0c5e-c6e5-609b-fa0d5f940ac6/196589072511.jpg/100x100bb.jpg,https://is1-ssl.mzstatic.com/image/thumb/Music112/v4/ad/9c/9a/ad9c9abb-0c5e-c6e5-609b-fa0d5f940ac6/196589072511.jpg/600x600bb.jpg,28.5,51.4,43.9,Cool Blue,#573d5c
Shakira & Ozuna,Monotonía - Single,2022,1,Latin,https://is1-ssl.mzstatic.com/image/thumb/Music112/v4/6f/74/78/6f747846-365e-473b-1cfc-d91d9489afae/196589534989.jpg/100x100bb.jpg,https://is1-ssl.mzstatic.com/image/thumb/Music112/v4/6f/74/78/6f747846-365e-473b-1cfc-d91d9489afae/196589534989.jpg/600x600bb.jpg,78.0,4.4,35.4,Minimalist White,#ccc4c4
ROSALÍA & Travis Scott,TKN - Single,2020,1,Pop,https://is1-ssl.mzstatic.com/image/thumb/Music115/v4/7e/9f/21/7e9f21e5-1da2-395d-9312-6499c31b75d1/886448328568.jpg/100x100bb.jpg,https://is1-ssl.mzstatic.com/image/thumb/Music115/v4/7e/9f/21/7e9f21e5-1da2-395d-9312-6499c31b75d1/886448328568.jpg/600x600bb.jpg,15.8,37.6,34.1,Dark & Moody,#2c2626
Carlos Vives & Shakira,La Bicicleta (Versión Vallenato) - Single,2016,1,Latin,https://is1-ssl.mzstatic.com/image/thumb/Music125/v4/85/09/fd/8509fd13-e50e-2146-069f-51951b9a7f0a/886446055565.jpg/100x100bb.jpg,https://is1-ssl.mzstatic.com/image/thumb/Music125/v4/85/09/fd/8509fd13-e50e-2146-069f-51951b9a7f0a/886446055565.jpg/600x600bb.jpg,43.2,32.8,48.6,Warm Red & Orange,#786c5c
"Dahlia, Arturo Tomas Medina & Juan Jose Covarrubias",Latin Pop,2019,9,Pop,https://is1-ssl.mzstatic.com/image/thumb/Music113/v4/52/25/23/52252356-57f7-1577-0c71-afa4acc7e2a8/5060710260052.png/100x100bb.jpg,https://is1-ssl.mzstatic.com/image/thumb/Music113/v4/52/25/23/52252356-57f7-1577-0c71-afa4acc7e2a8/5060710260052.png/600x600bb.jpg,36.9,77.8,58.0,Pink & Magenta,#964351
Anitta & J Balvin,Downtown - Single,2017,1,Latin,https://is1-ssl.mzstatic.com/image/thumb/Music118/v4/dd/73/79/dd7379d2-881e-1115-1259-00f1f17a9122/190296928536.jpg/100x100bb.jpg,https://is1-ssl.mzstatic.com/image/thumb/Music118/v4/dd/73/79/dd7379d2-881e-1115-1259-00f1f17a9122/190296928536.jpg/600x600bb.jpg,38.8,0.0,66.1,Monochrome / Gray,#626262
Anitta,Envolver - Single,2021,1,Latin,https://is1-ssl.mzstatic.com/image/thumb/Music126/v4/c5/ba/2b/c5ba2b96-ff06-5f58-35ad-1c070973cee7/190296362989.jpg/100x100bb.jpg,https://is1-ssl.mzstatic.com/image/thumb/Music126/v4/c5/ba/2b/c5ba2b96-ff06-5f58-35ad-1c070973cee7/190296362989.jpg/600x600bb.jpg,34.5,78.6,52.6,Cool Blue,#7633c7
ROSALÍA & J Balvin,Con Altura (feat. El Guincho) - Single,2019,1,Pop,https://is1-ssl.mzstatic.com/image/thumb/Music125/v4/82/72/d5/8272d5ad-49b7-f80a-59ec-0160215d2b86/886447616925.jpg/100x100bb.jpg,https://is1-ssl.mzstatic.com/image/thumb/Music125/v4/82/72/d5/8272d5ad-49b7-f80a-59ec-0160215d2b86/886447616925.jpg/600x600bb.jpg,63.0,31.0,39.5,Cool Blue,#9d9eb4
Cuco,Lo Que Siento - Single,2017,1,Pop,https://is1-ssl.mzstatic.com/image/thumb/Music124/v4/98/3f/3a/983f3a97-a9ba-e291-9e7b-242e7c00c6ca/191061742319_1.jpg/100x100bb.jpg,https://is1-ssl.mzstatic.com/image/thumb/Music124/v4/98/3f/3a/983f3a97-a9ba-e291-9e7b-242e7c00c6ca/191061742319_1.jpg/600x600bb.jpg,49.9,27.5,24.8,Pink & Magenta,#91757e
Sebastián Yatra & Myke Towers,Pareja Del Año - Single,2021,1,Latin,https://is1-ssl.mzstatic.com/image/thumb/Music125/v4/ae/58/2f/ae582fde-8903-8d39-9dcb-e2dab9916555/21UMGIM25076.rgb.jpg/100x100bb.jpg,https://is1-ssl.mzstatic.com/image/thumb/Music125/v4/ae/58/2f/ae582fde-8903-8d39-9dcb-e2dab9916555/21UMGIM25076.rgb.jpg/600x600bb.jpg,25.1,62.5,32.6,Warm Red & Orange,#663126
Becky G,MALA SANTA,2019,16,Latin,https://is1-ssl.mzstatic.com/image/thumb/Music125/v4/2b/65/69/2b6569c2-e825-cce3-f94a-c2cbe6e68c1f/886448075417.jpg/100x100bb.jpg,https://is1-ssl.mzstatic.com/image/thumb/Music125/v4/2b/65/69/2b6569c2-e825-cce3-f94a-c2cbe6e68c1f/886448075417.jpg/600x600bb.jpg,36.8,69.0,60.6,Warm Red & Orange,#a54232
Shakira,El Dorado,2017,13,Latin,https://is1-ssl.mzstatic.com/image/thumb/Music221/v4/60/9f/7f/609f7f34-c239-73e8-32da-96fd5f2cba77/886446480060.jpg/100x100bb.jpg,https://is1-ssl.mzstatic.com/image/thumb/Music221/v4/60/9f/7f/609f7f34-c239-73e8-32da-96fd5f2cba77/886446480060.jpg/600x600bb.jpg,82.4,16.7,27.7,Minimalist White,#dfcfbb
Signature Tracks,Latin Pop,2020,25,Pop,https://is1-ssl.mzstatic.com/image/thumb/Music125/v4/7e/1e/e8/7e1ee802-223f-77aa-1040-0d67fa0557a1/21CRGIM29086.rgb.jpg/100x100bb.jpg,https://is1-ssl.mzstatic.com/image/thumb/Music125/v4/7e/1e/e8/7e1ee802-223f-77aa-1040-0d67fa0557a1/21CRGIM29086.rgb.jpg/600x600bb.jpg,54.0,36.1,53.6,Warm Red & Orange,#8c8a7e
Ricky Martin,Vente Pa' Ca (feat. Maluma) - Single,2016,1,Latin,https://is1-ssl.mzstatic.com/image/thumb/Music114/v4/72/53/b0/7253b093-c9a3-3970-c458-e6c69c5cd03c/886446092928.jpg/100x100bb.jpg,https://is1-ssl.mzstatic.com/image/thumb/Music114/v4/72/53/b0/7253b093-c9a3-3970-c458-e6c69c5cd03c/886446092928.jpg/600x600bb.jpg,61.1,0.0,71.4,Monochrome / Gray,#9b9b9b
Carlos Vives & Shakira,La Bicicleta (Remix) [feat. Maluma] - Single,2016,1,Latin,https://is1-ssl.mzstatic.com/image/thumb/Music124/v4/89/57/7b/89577b9c-e16a-d735-c9f5-c0c602db2386/886446055589.jpg/100x100bb.jpg,https://is1-ssl.mzstatic.com/image/thumb/Music124/v4/89/57/7b/89577b9c-e16a-d735-c9f5-c0c602db2386/886446055589.jpg/600x600bb.jpg,43.2,61.0,48.3,Warm Red & Orange,#876c36
"Black Eyed Peas, Shakira & David Guetta",DON'T YOU WORRY - Single,2022,1,Pop,https://is1-ssl.mzstatic.com/image/thumb/Music122/v4/00/d3/af/00d3af07-4932-0b60-72f9-2411623cc62a/196589007094.jpg/100x100bb.jpg,https://is1-ssl.mzstatic.com/image/thumb/Music122/v4/00/d3/af/00d3af07-4932-0b60-72f9-2411623cc62a/196589007094.jpg/600x600bb.jpg,19.9,43.4,29.5,Dark & Moody,#283445
"benny blanco, Tainy, Selena Gomez & J Balvin",I Can't Get Enough - Single,2019,1,Pop,https://is1-ssl.mzstatic.com/image/thumb/Music122/v4/3c/7a/a6/3c7aa662-5068-b267-d2cc-bb4a72d9499d/19UMGIM15670.rgb.jpg/100x100bb.jpg,https://is1-ssl.mzstatic.com/image/thumb/Music122/v4/3c/7a/a6/3c7aa662-5068-b267-d2cc-bb4a72d9499d/19UMGIM15670.rgb.jpg/600x600bb.jpg,80.8,6.4,55.7,Minimalist White,#cfcdce
Enrique Iglesias,DUELE EL CORAZÓN (feat. Wisin) - Single,2016,1,Latin,https://is1-ssl.mzstatic.com/image/thumb/Music125/v4/3b/45/b3/3b45b3e4-186f-1d78-cecc-53b8f123f8d1/886445821604.jpg/100x100bb.jpg,https://is1-ssl.mzstatic.com/image/thumb/Music125/v4/3b/45/b3/3b45b3e4-186f-1d78-cecc-53b8f123f8d1/886445821604.jpg/600x600bb.jpg,73.6,0.4,70.9,Monochrome / Gray,#bbbbbb
Enrique Iglesias,SÚBEME LA RADIO (feat. Descemer Bueno & Zion & Lennox) - Single,2017,1,Latin,https://is1-ssl.mzstatic.com/image/thumb/Music125/v4/b4/de/95/b4de956d-34ee-911c-bb75-afa3106c5304/886446345000.jpg/100x100bb.jpg,https://is1-ssl.mzstatic.com/image/thumb/Music125/v4/b4/de/95/b4de956d-34ee-911c-bb75-afa3106c5304/886446345000.jpg/600x600bb.jpg,73.6,0.4,70.9,Monochrome / Gray,#bbbbbb
Shakira & Maluma,Clandestino,2018,1,Latin,https://is1-ssl.mzstatic.com/image/thumb/Music125/v4/92/7c/a1/927ca1c3-fdda-de97-5e20-ca5be6b9baad/886447117767.jpg/100x100bb.jpg,https://is1-ssl.mzstatic.com/image/thumb/Music125/v4/92/7c/a1/927ca1c3-fdda-de97-5e20-ca5be6b9baad/886447117767.jpg/600x600bb.jpg,37.0,1.9,51.4,Monochrome / Gray,#5f5d5d
Shakira,Acróstico - Single,2023,1,Latin,https://is1-ssl.mzstatic.com/image/thumb/Music126/v4/a8/bf/b2/a8bfb26d-20e0-87e0-e465-000685474103/196871105804.jpg/100x100bb.jpg,https://is1-ssl.mzstatic.com/image/thumb/Music126/v4/a8/bf/b2/a8bfb26d-20e0-87e0-e465-000685474103/196871105804.jpg/600x600bb.jpg,45.9,46.2,45.6,Warm Red & Orange,#8c6e57
ROSALÍA & Rauw Alejandro,RR - Single,2023,3,Latin,https://is1-ssl.mzstatic.com/image/thumb/Music116/v4/b0/e4/ac/b0e4ac99-eb38-7370-ea50-0bcf0bcbb054/196589949080.jpg/100x100bb.jpg,https://is1-ssl.mzstatic.com/image/thumb/Music116/v4/b0/e4/ac/b0e4ac99-eb38-7370-ea50-0bcf0bcbb054/196589949080.jpg/600x600bb.jpg,16.1,43.9,16.9,Dark & Moody,#481a1e
Lele Pons,Celoso - Single,2018,1,Latin,https://is1-ssl.mzstatic.com/image/thumb/Music115/v4/6e/81/76/6e817667-c527-c5e8-9011-b3246ac2fda4/18UMGIM51581.rgb.jpg/100x100bb.jpg,https://is1-ssl.mzstatic.com/image/thumb/Music115/v4/6e/81/76/6e817667-c527-c5e8-9011-b3246ac2fda4/18UMGIM51581.rgb.jpg/600x600bb.jpg,44.3,61.8,47.2,Pink & Magenta,#be4e56
Jennifer Lopez,El Anillo - Single,2018,1,Latin,https://is1-ssl.mzstatic.com/image/thumb/Music124/v4/fd/5a/0b/fd5a0bfc-7855-667c-2dd2-5e98ec8de6a9/886447057124.jpg/100x100bb.jpg,https://is1-ssl.mzstatic.com/image/thumb/Music124/v4/fd/5a/0b/fd5a0bfc-7855-667c-2dd2-5e98ec8de6a9/886447057124.jpg/600x600bb.jpg,20.5,46.6,46.3,Dark & Moody,#44301d
ROSALÍA,EL MAL QUERER,2018,11,Pop,https://is1-ssl.mzstatic.com/image/thumb/Music124/v4/2c/55/e1/2c55e13f-15d8-1c7c-1826-c5fa55deaa8f/886447217139.jpg/100x100bb.jpg,https://is1-ssl.mzstatic.com/image/thumb/Music124/v4/2c/55/e1/2c55e13f-15d8-1c7c-1826-c5fa55deaa8f/886447217139.jpg/600x600bb.jpg,79.3,12.4,35.9,Minimalist White,#cdc9c4
Sebastián Yatra,Traicionera - Single,2016,1,Latin,https://is1-ssl.mzstatic.com/image/thumb/Music112/v4/97/49/00/97490026-c828-fa72-d75f-ae0b27065af3/16UMGIM36721.rgb.jpg/100x100bb.jpg,https://is1-ssl.mzstatic.com/image/thumb/Music112/v4/97/49/00/97490026-c828-fa72-d75f-ae0b27065af3/16UMGIM36721.rgb.jpg/600x600bb.jpg,31.7,53.2,23.1,Pink & Magenta,#813b3e
Camilo,Vida de Rico - Single,2020,1,Latin,https://is1-ssl.mzstatic.com/image/thumb/Music125/v4/f0/49/20/f04920b0-90e6-ceec-1f85-e6cd65fadfdb/886448735625.jpg/100x100bb.jpg,https://is1-ssl.mzstatic.com/image/thumb/Music125/v4/f0/49/20/f04920b0-90e6-ceec-1f85-e6cd65fadfdb/886448735625.jpg/600x600bb.jpg,83.1,19.1,40.5,Minimalist White,#dfd3b8
Shakira,Dónde Están Los Ladrones,1998,11,Latin,https://is1-ssl.mzstatic.com/image/thumb/Music115/v4/e5/6d/96/e56d9688-0239-7c8f-f907-7614c0f9860b/mzi.uffuznlo.jpg/100x100bb.jpg,https://is1-ssl.mzstatic.com/image/thumb/Music115/v4/e5/6d/96/e56d9688-0239-7c8f-f907-7614c0f9860b/mzi.uffuznlo.jpg/600x600bb.jpg,39.6,46.2,46.2,Pink & Magenta,#8d525a
Shakira,She Wolf (Deluxe Version),2009,21,Pop,https://is1-ssl.mzstatic.com/image/thumb/Music/51/e4/1a/mzi.hvpbrkmc.jpg/100x100bb.jpg,https://is1-ssl.mzstatic.com/image/thumb/Music/51/e4/1a/mzi.hvpbrkmc.jpg/600x600bb.jpg,57.9,36.2,56.8,Warm Red & Orange,#999384
Pedro Capó,Calma - Single,2018,1,Latin,https://is1-ssl.mzstatic.com/image/thumb/Music125/v4/63/6e/3d/636e3de9-1f44-beeb-aa54-f4b48f3ca90b/886447218419.jpg/100x100bb.jpg,https://is1-ssl.mzstatic.com/image/thumb/Music125/v4/63/6e/3d/636e3de9-1f44-beeb-aa54-f4b48f3ca90b/886447218419.jpg/600x600bb.jpg,78.7,15.0,40.7,Minimalist White,#d2c7b5
"Sebastián Yatra, Daddy Yankee & NATTI NATASHA",Runaway (feat. Jonas Brothers) - Single,2019,1,Latin,https://is1-ssl.mzstatic.com/image/thumb/Music122/v4/b6/57/66/b65766b4-f1ab-1095-b50d-b664c074cb00/19UMGIM49625.rgb.jpg/100x100bb.jpg,https://is1-ssl.mzstatic.com/image/thumb/Music122/v4/b6/57/66/b65766b4-f1ab-1095-b50d-b664c074cb00/19UMGIM49625.rgb.jpg/600x600bb.jpg,24.1,47.5,35.5,Dark & Moody,#413a41
Ed Sheeran,Shape of You (Latin Remix) [feat. Zion & Lennox] - Single,2017,1,Pop,https://is1-ssl.mzstatic.com/image/thumb/Music124/v4/15/54/05/1554058b-97b5-834b-1cff-39a4fb6075d8/190295827939.jpg/100x100bb.jpg,https://is1-ssl.mzstatic.com/image/thumb/Music124/v4/15/54/05/1554058b-97b5-834b-1cff-39a4fb6075d8/190295827939.jpg/600x600bb.jpg,47.4,91.4,36.1,Cool Blue,#0d9fcb
Camilo,Por Primera Vez,2020,10,Latin,https://is1-ssl.mzstatic.com/image/thumb/Music125/v4/a5/62/6a/a5626ad3-8eca-1db3-fdac-2922982d1a9e/886448400929.jpg/100x100bb.jpg,https://is1-ssl.mzstatic.com/image/thumb/Music125/v4/a5/62/6a/a5626ad3-8eca-1db3-fdac-2922982d1a9e/886448400929.jpg/600x600bb.jpg,37.1,46.8,83.0,Warm Red & Orange,#6c5b49
RedOne,"Don't You Need Somebody (feat. Enrique Iglesias, R. City, Serayah & Shaggy) - Single",2016,1,Pop,https://is1-ssl.mzstatic.com/image/thumb/Music124/v4/6a/fc/fd/6afcfd67-28da-f1e2-115f-faed8b954692/054391964755.jpg/100x100bb.jpg,https://is1-ssl.mzstatic.com/image/thumb/Music124/v4/6a/fc/fd/6afcfd67-28da-f1e2-115f-faed8b954692/054391964755.jpg/600x600bb.jpg,60.1,18.3,93.0,Warm Red & Orange,#a59492
Shakira,"Try Everything (From ""Zootropolis"") - Single",2016,1,Pop,https://is1-ssl.mzstatic.com/image/thumb/Music124/v4/ee/9e/76/ee9e7646-9f09-4ea9-00e5-fc6ab6c86b9a/16DMGIM07180.rgb.jpg/100x100bb.jpg,https://is1-ssl.mzstatic.com/image/thumb/Music124/v4/ee/9e/76/ee9e7646-9f09-4ea9-00e5-fc6ab6c86b9a/16DMGIM07180.rgb.jpg/600x600bb.jpg,27.0,45.1,63.2,Warm Red & Orange,#583d38
Danny Ocean,Dembow - Single,2017,1,Latin,https://is1-ssl.mzstatic.com/image/thumb/Music115/v4/78/c6/44/78c6441f-74a9-83e7-5701-3c547cde0a84/190296926549.jpg/100x100bb.jpg,https://is1-ssl.mzstatic.com/image/thumb/Music115/v4/78/c6/44/78c6441f-74a9-83e7-5701-3c547cde0a84/190296926549.jpg/600x600bb.jpg,16.5,77.9,25.3,Dark & Moody,#123723
Various Artists,Dream Pop,2014,27,Pop,https://is1-ssl.mzstatic.com/image/thumb/Music111/v4/24/a0/75/24a07585-ba61-b528-eef4-68c23821f6b2/191018257699.jpg/100x100bb.jpg,https://is1-ssl.mzstatic.com/image/thumb/Music111/v4/24/a0/75/24a07585-ba61-b528-eef4-68c23821f6b2/191018257699.jpg/600x600bb.jpg,84.7,15.3,44.5,Minimalist White,#e8d1ce
The Prams,Dream Pop,2018,8,Pop,https://is1-ssl.mzstatic.com/image/thumb/Music118/v4/aa/bf/1e/aabf1ed7-5d6a-7840-65dd-979bdf6cd72a/artwork.jpg/100x100bb.jpg,https://is1-ssl.mzstatic.com/image/thumb/Music118/v4/aa/bf/1e/aabf1ed7-5d6a-7840-65dd-979bdf6cd72a/artwork.jpg/600x600bb.jpg,28.4,46.8,26.5,Cool Blue,#3a486a
Yaz,The Best of Yaz,1999,15,Pop,https://is1-ssl.mzstatic.com/image/thumb/Music124/v4/cd/d0/a8/cdd0a8a1-8bf1-7fe3-f020-01a6a295d226/mzi.szlfgjbz.jpg/100x100bb.jpg,https://is1-ssl.mzstatic.com/image/thumb/Music124/v4/cd/d0/a8/cdd0a8a1-8bf1-7fe3-f020-01a6a295d226/mzi.szlfgjbz.jpg/600x600bb.jpg,67.2,7.6,68.5,Monochrome / Gray,#afaaa5
Cocteau Twins,Blue Bell Knoll (Remastered) [Remastered],1988,10,Pop,https://is1-ssl.mzstatic.com/image/thumb/Music116/v4/ea/1a/e0/ea1ae0ab-7a1e-96eb-b2d0-e6878d81c94a/652637080780.png/100x100bb.jpg,https://is1-ssl.mzstatic.com/image/thumb/Music116/v4/ea/1a/e0/ea1ae0ab-7a1e-96eb-b2d0-e6878d81c94a/652637080780.png/600x600bb.jpg,68.7,0.0,79.5,Monochrome / Gray,#afafaf
Julee Cruise,Floating Into the Night,1989,10,Pop,https://is1-ssl.mzstatic.com/image/thumb/Music128/v4/39/67/75/396775b5-242b-9235-f3d9-0a6b6d011f04/075992585927.jpg/100x100bb.jpg,https://is1-ssl.mzstatic.com/image/thumb/Music128/v4/39/67/75/396775b5-242b-9235-f3d9-0a6b6d011f04/075992585927.jpg/600x600bb.jpg,12.2,9.1,11.2,Dark & Moody,#1f1f1d
"Bob Bradley, Matthew Sanchez, Nick McEnally & Matthew James Parker",Dream Pop,2017,10,Pop,https://is1-ssl.mzstatic.com/image/thumb/Music116/v4/bd/d7/7c/bdd77ca1-b0ff-a8c1-432a-723e7c064564/192641889639_Cover.jpg/100x100bb.jpg,https://is1-ssl.mzstatic.com/image/thumb/Music116/v4/bd/d7/7c/bdd77ca1-b0ff-a8c1-432a-723e7c064564/192641889639_Cover.jpg/600x600bb.jpg,61.9,44.3,34.1,Pink & Magenta,#b2939c
Nick Rezo,Dream Pop,2025,8,Pop,https://is1-ssl.mzstatic.com/image/thumb/Music211/v4/65/b6/9b/65b69bd2-6ff4-66c5-e5c9-85a39d2878fd/5060710268034.png/100x100bb.jpg,https://is1-ssl.mzstatic.com/image/thumb/Music211/v4/65/b6/9b/65b69bd2-6ff4-66c5-e5c9-85a39d2878fd/5060710268034.png/600x600bb.jpg,39.6,43.1,48.0,Cool Blue,#5c608e
Morcheeba,Who Can You Trust?,1996,20,Pop,https://is1-ssl.mzstatic.com/image/thumb/Music/c1/cd/c5/mzi.osjidwhd.jpg/100x100bb.jpg,https://is1-ssl.mzstatic.com/image/thumb/Music/c1/cd/c5/mzi.osjidwhd.jpg/600x600bb.jpg,70.1,27.2,39.6,Green,#abbd8b
The Radio Dept.,Clinging to a Scheme,2010,10,Pop,https://is1-ssl.mzstatic.com/image/thumb/Music122/v4/a8/16/48/a816489b-6ec2-f7bb-85a7-f7dc431450cd/cover.jpg/100x100bb.jpg,https://is1-ssl.mzstatic.com/image/thumb/Music122/v4/a8/16/48/a816489b-6ec2-f7bb-85a7-f7dc431450cd/cover.jpg/600x600bb.jpg,50.6,23.4,64.6,Cool Blue,#7a8190
Still Corners,Strange Pleasures: 10th Anniversary Edition (2023 Remaster),2023,13,Pop,https://is1-ssl.mzstatic.com/image/thumb/Music116/v4/33/99/b7/3399b72f-7dce-66c5-7f60-a484ffe30770/cover.jpg/100x100bb.jpg,https://is1-ssl.mzstatic.com/image/thumb/Music116/v4/33/99/b7/3399b72f-7dce-66c5-7f60-a484ffe30770/cover.jpg/600x600bb.jpg,51.7,39.8,39.9,Warm Red & Orange,#9f7972
The Sundays,Blind,1992,12,Pop,https://is1-ssl.mzstatic.com/image/thumb/Music124/v4/9a/f5/4f/9af54ff7-150c-1877-eabc-15c2bd87f830/00720642447925.rgb.jpg/100x100bb.jpg,https://is1-ssl.mzstatic.com/image/thumb/Music124/v4/9a/f5/4f/9af54ff7-150c-1877-eabc-15c2bd87f830/00720642447925.rgb.jpg/600x600bb.jpg,34.3,44.1,73.3,Warm Red & Orange,#655441
Slowdive,Just for a Day,1991,9,Pop,https://is1-ssl.mzstatic.com/image/thumb/Music/43/6b/5a/mzi.byquclkt.jpg/100x100bb.jpg,https://is1-ssl.mzstatic.com/image/thumb/Music/43/6b/5a/mzi.byquclkt.jpg/600x600bb.jpg,25.5,71.5,31.4,Warm Red & Orange,#7b291d
Summer Heart,About a Feeling,2012,8,Pop,https://is1-ssl.mzstatic.com/image/thumb/Music124/v4/0a/93/26/0a9326f0-d8a4-d75a-63b6-39a03886c0d8/dj.phtdvmva.png/100x100bb.jpg,https://is1-ssl.mzstatic.com/image/thumb/Music124/v4/0a/93/26/0a9326f0-d8a4-d75a-63b6-39a03886c0d8/dj.phtdvmva.png/600x600bb.jpg,60.4,13.8,85.8,Monochrome / Gray,#9a9a96
Various Artists,Art Pop,2022,12,Pop,https://is1-ssl.mzstatic.com/image/thumb/Music116/v4/98/b5/e0/98b5e068-2953-3cfc-f7f8-8d9ae4b3c8c7/5060710264128.png/100x100bb.jpg,https://is1-ssl.mzstatic.com/image/thumb/Music116/v4/98/b5/e0/98b5e068-2953-3cfc-f7f8-8d9ae4b3c8c7/5060710264128.png/600x600bb.jpg,66.5,68.4,39.1,Warm Red & Orange,#c8a470
OnlyOneOf,Unknown Art Pop 2.1 - Single,2020,3,Pop,https://is1-ssl.mzstatic.com/image/thumb/Music125/v4/6d/b9/e8/6db9e878-a880-38ea-2ec4-21e518b7c8d3/cover_-_DS.jpg/100x100bb.jpg,https://is1-ssl.mzstatic.com/image/thumb/Music125/v4/6d/b9/e8/6db9e878-a880-38ea-2ec4-21e518b7c8d3/cover_-_DS.jpg/600x600bb.jpg,50.5,16.9,77.0,Monochrome / Gray,#848174
Lady Gaga,ARTPOP,2013,15,Pop,https://is1-ssl.mzstatic.com/image/thumb/Music125/v4/2e/7c/89/2e7c89f2-f577-0039-52c7-bc3bb3850094/13UAAIM69753.rgb.jpg/100x100bb.jpg,https://is1-ssl.mzstatic.com/image/thumb/Music125/v4/2e/7c/89/2e7c89f2-f577-0039-52c7-bc3bb3850094/13UAAIM69753.rgb.jpg/600x600bb.jpg,49.7,40.0,57.4,Pink & Magenta,#9b6e86
Benny Sings,Art,2011,12,Pop,https://is1-ssl.mzstatic.com/image/thumb/Music211/v4/01/f4/aa/01f4aa60-6be3-d3ba-cc72-cfd99d8a15a3/8717206921238.jpg/100x100bb.jpg,https://is1-ssl.mzstatic.com/image/thumb/Music211/v4/01/f4/aa/01f4aa60-6be3-d3ba-cc72-cfd99d8a15a3/8717206921238.jpg/600x600bb.jpg,72.7,11.1,55.4,Monochrome / Gray,#bbb9b3
Benny Sings,Art (2022 Remastered Deluxe),2022,11,Pop,https://is1-ssl.mzstatic.com/image/thumb/Music211/v4/ff/b0/00/ffb00074-f758-83db-09fb-0fc910d19fbc/8720766149592.jpg/100x100bb.jpg,https://is1-ssl.mzstatic.com/image/thumb/Music211/v4/ff/b0/00/ffb00074-f758-83db-09fb-0fc910d19fbc/8720766149592.jpg/600x600bb.jpg,72.7,11.1,55.4,Monochrome / Gray,#bbb9b3
Красноокий,Art-Pop,2013,13,Pop,https://is1-ssl.mzstatic.com/image/thumb/Music112/v4/c0/83/b7/c083b711-f04d-1d5c-c1e0-40e27fd3e5e8/0.jpg/100x100bb.jpg,https://is1-ssl.mzstatic.com/image/thumb/Music112/v4/c0/83/b7/c083b711-f04d-1d5c-c1e0-40e27fd3e5e8/0.jpg/600x600bb.jpg,83.7,5.1,34.2,Minimalist White,#d9d3d3
VIBERQUEEN,ART!POP! - Single,2024,3,Pop,https://is1-ssl.mzstatic.com/image/thumb/Music126/v4/ff/ec/a9/ffeca9a8-917f-3957-a51a-8e04fd6d80f5/197190619072.jpg/100x100bb.jpg,https://is1-ssl.mzstatic.com/image/thumb/Music126/v4/ff/ec/a9/ffeca9a8-917f-3957-a51a-8e04fd6d80f5/197190619072.jpg/600x600bb.jpg,28.5,59.6,35.8,Cool Blue,#433c93
"Tobias Ellenberg, Zoey Parker & Rachel Procaro",Art Pop,2015,20,Pop,https://is1-ssl.mzstatic.com/image/thumb/Music211/v4/5d/5c/e6/5d5ce64c-caf0-9d00-980c-97d73b7f830b/cover_4068992070056.jpg/100x100bb.jpg,https://is1-ssl.mzstatic.com/image/thumb/Music211/v4/5d/5c/e6/5d5ce64c-caf0-9d00-980c-97d73b7f830b/cover_4068992070056.jpg/600x600bb.jpg,73.7,5.5,70.2,Monochrome / Gray,#bebbb6
Miran Jax III,Art Pop - Single,2026,1,Pop,https://is1-ssl.mzstatic.com/image/thumb/Music221/v4/38/13/ef/3813efdf-2330-9210-ebdb-cb923f3cd223/1024722.jpg/100x100bb.jpg,https://is1-ssl.mzstatic.com/image/thumb/Music221/v4/38/13/ef/3813efdf-2330-9210-ebdb-cb923f3cd223/1024722.jpg/600x600bb.jpg,33.9,55.1,33.7,Cool Blue,#575265
Simon & Garfunkel,Bridge Over Troubled Water,1970,11,Pop,https://is1-ssl.mzstatic.com/image/thumb/Music125/v4/a3/84/0a/a3840a6d-44e8-0afe-fc3e-316c517dddfe/5099749521421.jpg/100x100bb.jpg,https://is1-ssl.mzstatic.com/image/thumb/Music125/v4/a3/84/0a/a3840a6d-44e8-0afe-fc3e-316c517dddfe/5099749521421.jpg/600x600bb.jpg,46.9,16.0,25.4,Monochrome / Gray,#757a6d
Hakame & Kasane Teto,Crash Art! - Single,2026,1,Pop,https://is1-ssl.mzstatic.com/image/thumb/Music211/v4/4c/e5/78/4ce578fb-b957-1e00-c575-b7e7c82c2e93/4511820-61868.jpg/100x100bb.jpg,https://is1-ssl.mzstatic.com/image/thumb/Music211/v4/4c/e5/78/4ce578fb-b957-1e00-c575-b7e7c82c2e93/4511820-61868.jpg/600x600bb.jpg,54.2,47.6,47.5,Warm Red & Orange,#bc7570
Björk,Post,1995,11,Pop,https://is1-ssl.mzstatic.com/image/thumb/Music116/v4/69/62/1c/69621c9a-514f-00cf-1de6-6e49f004fb28/075596174060.jpg/100x100bb.jpg,https://is1-ssl.mzstatic.com/image/thumb/Music116/v4/69/62/1c/69621c9a-514f-00cf-1de6-6e49f004fb28/075596174060.jpg/600x600bb.jpg,48.3,45.9,73.3,Pink & Magenta,#976c7a
Lady Gaga,"Hold My Hand (Music From The Motion Picture ""Top Gun: Maverick"") - Single",2022,1,Pop,https://is1-ssl.mzstatic.com/image/thumb/Music112/v4/bf/63/f7/bf63f79c-2b0d-92bc-9b4a-4c454b473fdf/22UMGIM46440.rgb.jpg/100x100bb.jpg,https://is1-ssl.mzstatic.com/image/thumb/Music112/v4/bf/63/f7/bf63f79c-2b0d-92bc-9b4a-4c454b473fdf/22UMGIM46440.rgb.jpg/600x600bb.jpg,22.9,0.0,58.3,Dark & Moody,#3a3a3a
Maxx Nies,Art - Single,2026,1,Pop,https://is1-ssl.mzstatic.com/image/thumb/Music211/v4/2e/77/9d/2e779d19-24f5-3332-57d5-4759dd20887a/9a409ad6-0c1c-44d7-b259-f6e2494d53b8.jpg/100x100bb.jpg,https://is1-ssl.mzstatic.com/image/thumb/Music211/v4/2e/77/9d/2e779d19-24f5-3332-57d5-4759dd20887a/9a409ad6-0c1c-44d7-b259-f6e2494d53b8.jpg/600x600bb.jpg,44.5,20.4,50.1,Warm Red & Orange,#7c6d6b
Sasha Alex Sloan,Dancing With Your Ghost - Single,2019,1,Pop,https://is1-ssl.mzstatic.com/image/thumb/Music114/v4/0f/a5/98/0fa598d9-bf7c-bbba-e29c-b7fdc1270316/886447819074.jpg/100x100bb.jpg,https://is1-ssl.mzstatic.com/image/thumb/Music114/v4/0f/a5/98/0fa598d9-bf7c-bbba-e29c-b7fdc1270316/886447819074.jpg/600x600bb.jpg,34.8,34.5,23.7,Cool Blue,#624e72
Haley Jonay,Art - Single,2022,1,Pop,https://is1-ssl.mzstatic.com/image/thumb/Music112/v4/84/c5/03/84c503f6-a7b8-9a90-09a6-c402a0a48955/artwork.jpg/100x100bb.jpg,https://is1-ssl.mzstatic.com/image/thumb/Music112/v4/84/c5/03/84c503f6-a7b8-9a90-09a6-c402a0a48955/artwork.jpg/600x600bb.jpg,17.9,81.3,41.3,Dark & Moody,#412910
The B-52's,The B-52's,1979,9,Pop,https://is1-ssl.mzstatic.com/image/thumb/Music125/v4/75/88/d8/7588d898-6ed3-cfef-f3d3-9938a63902d1/603497890422.jpg/100x100bb.jpg,https://is1-ssl.mzstatic.com/image/thumb/Music125/v4/75/88/d8/7588d898-6ed3-cfef-f3d3-9938a63902d1/603497890422.jpg/600x600bb.jpg,62.1,62.0,76.0,Warm Red & Orange,#ada746
Benson Boone,American Heart,2025,10,Pop,https://is1-ssl.mzstatic.com/image/thumb/Music211/v4/cb/35/5d/cb355d50-f32a-6641-db03-a1d08ad87399/093624834960.jpg/100x100bb.jpg,https://is1-ssl.mzstatic.com/image/thumb/Music211/v4/cb/35/5d/cb355d50-f32a-6641-db03-a1d08ad87399/093624834960.jpg/600x600bb.jpg,18.0,67.6,44.8,Dark & Moody,#42261c
VoicePlay,Artpop (feat. Honey LaRochelle) - Single,2013,1,Pop,https://is1-ssl.mzstatic.com/image/thumb/Music211/v4/24/b9/17/24b917ef-67e1-3489-e796-48e63b74da74/artwork.jpg/100x100bb.jpg,https://is1-ssl.mzstatic.com/image/thumb/Music211/v4/24/b9/17/24b917ef-67e1-3489-e796-48e63b74da74/artwork.jpg/600x600bb.jpg,51.9,70.8,64.6,Cool Blue,#94769f
R.E.M.,Murmur,1983,12,Pop,https://is1-ssl.mzstatic.com/image/thumb/Music126/v4/6c/e2/c3/6ce2c349-4169-df92-e5ca-2faba4cf087f/09UMGIM13824.rgb.jpg/100x100bb.jpg,https://is1-ssl.mzstatic.com/image/thumb/Music126/v4/6c/e2/c3/6ce2c349-4169-df92-e5ca-2faba4cf087f/09UMGIM13824.rgb.jpg/600x600bb.jpg,32.4,22.8,45.5,Cool Blue,#4a5557
Simon & Garfunkel,"Parsley, Sage, Rosemary and Thyme",1966,12,Pop,https://is1-ssl.mzstatic.com/image/thumb/Music113/v4/06/f4/d2/06f4d208-642e-75c0-d905-1ac98e7d441c/886447797075.jpg/100x100bb.jpg,https://is1-ssl.mzstatic.com/image/thumb/Music113/v4/06/f4/d2/06f4d208-642e-75c0-d905-1ac98e7d441c/886447797075.jpg/600x600bb.jpg,20.7,20.8,46.2,Dark & Moody,#34352f
Mammoth Life,Kaleidoscopic Art Pop,2007,12,Pop,https://is1-ssl.mzstatic.com/image/thumb/Music/25/e8/5d/mzi.msbghroj.tif/100x100bb.jpg,https://is1-ssl.mzstatic.com/image/thumb/Music/25/e8/5d/mzi.msbghroj.tif/600x600bb.jpg,81.1,11.6,63.1,Minimalist White,#d4cbcf
Jay Park,GANADARA (feat. IU) - Single,2022,1,Pop,https://is1-ssl.mzstatic.com/image/thumb/Music116/v4/73/fb/31/73fb31ac-1ca6-643d-3bef-44832b988fbf/cover_KM0014893_1.jpg/100x100bb.jpg,https://is1-ssl.mzstatic.com/image/thumb/Music116/v4/73/fb/31/73fb31ac-1ca6-643d-3bef-44832b988fbf/cover_KM0014893_1.jpg/600x600bb.jpg,60.2,49.3,23.7,Cool Blue,#b97be1
Benny Sings,Art (US Version),2011,12,Pop,https://is1-ssl.mzstatic.com/image/thumb/Music211/v4/97/21/5e/97215e36-2e82-8dc7-dbb0-f18a2f687d60/8717206921467.jpg/100x100bb.jpg,https://is1-ssl.mzstatic.com/image/thumb/Music211/v4/97/21/5e/97215e36-2e82-8dc7-dbb0-f18a2f687d60/8717206921467.jpg/600x600bb.jpg,72.7,11.1,55.4,Monochrome / Gray,#bbb9b3
Muco,Art Pop Empathy - Single,2021,1,Pop,https://is1-ssl.mzstatic.com/image/thumb/Music124/v4/43/bb/a1/43bba1a5-b67a-844e-be5e-b7529407784c/artwork.jpg/100x100bb.jpg,https://is1-ssl.mzstatic.com/image/thumb/Music124/v4/43/bb/a1/43bba1a5-b67a-844e-be5e-b7529407784c/artwork.jpg/600x600bb.jpg,16.7,0.0,67.5,Dark & Moody,#2a2a2a
Altitude Music,Indie Art-Pop Spectrum,2020,10,Pop,https://is1-ssl.mzstatic.com/image/thumb/Music114/v4/3a/ce/10/3ace10a6-2ad8-e0e4-ae87-6635a0132344/024543201588_cover.jpg/100x100bb.jpg,https://is1-ssl.mzstatic.com/image/thumb/Music114/v4/3a/ce/10/3ace10a6-2ad8-e0e4-ae87-6635a0132344/024543201588_cover.jpg/600x600bb.jpg,73.4,65.2,26.9,Warm Red & Orange,#d3c34d
Lady Gaga,Dawn Of Chromatica,2021,14,Pop,https://is1-ssl.mzstatic.com/image/thumb/Music115/v4/7b/87/5b/7b875b14-8911-5d6c-2b0d-e515b080a114/21UMGIM87491.rgb.jpg/100x100bb.jpg,https://is1-ssl.mzstatic.com/image/thumb/Music115/v4/7b/87/5b/7b875b14-8911-5d6c-2b0d-e515b080a114/21UMGIM87491.rgb.jpg/600x600bb.jpg,43.5,59.0,44.1,Green,#617f3a
The Moody Blues,Days of Future Passed,1967,7,Pop,https://is1-ssl.mzstatic.com/image/thumb/Music128/v4/3b/69/1a/3b691ad6-7072-28a9-8eaa-16b38e238862/00602527917993.rgb.jpg/100x100bb.jpg,https://is1-ssl.mzstatic.com/image/thumb/Music128/v4/3b/69/1a/3b691ad6-7072-28a9-8eaa-16b38e238862/00602527917993.rgb.jpg/600x600bb.jpg,59.7,27.8,64.7,Pink & Magenta,#a19396
Manjola Nallbani,Art,2008,11,Pop,https://is1-ssl.mzstatic.com/image/thumb/Music211/v4/da/23/36/da2336a0-745e-71e1-28fd-5493a0f67123/15952.jpg/100x100bb.jpg,https://is1-ssl.mzstatic.com/image/thumb/Music211/v4/da/23/36/da2336a0-745e-71e1-28fd-5493a0f67123/15952.jpg/600x600bb.jpg,57.8,23.5,43.6,Warm Red & Orange,#9f9084
Zack Davis,Art - Single,2025,1,Pop,https://is1-ssl.mzstatic.com/image/thumb/Music221/v4/93/fc/a3/93fca372-610c-6ea5-a457-48ea223c2305/199257624746_cover.jpg/100x100bb.jpg,https://is1-ssl.mzstatic.com/image/thumb/Music221/v4/93/fc/a3/93fca372-610c-6ea5-a457-48ea223c2305/199257624746_cover.jpg/600x600bb.jpg,44.2,56.3,58.9,Cool Blue,#626e9f
Paul Simon,Graceland (25th Anniversary Deluxe Edition),1986,17,Pop,https://is1-ssl.mzstatic.com/image/thumb/Music125/v4/92/0c/8c/920c8c14-cf08-a973-e4c1-8792f1e9183c/886443445680.jpg/100x100bb.jpg,https://is1-ssl.mzstatic.com/image/thumb/Music125/v4/92/0c/8c/920c8c14-cf08-a973-e4c1-8792f1e9183c/886443445680.jpg/600x600bb.jpg,78.0,16.3,40.8,Minimalist White,#d0c6af
David Gilmour,On An Island,2006,10,Pop,https://is1-ssl.mzstatic.com/image/thumb/Music115/v4/51/7c/e7/517ce744-7787-caab-f487-701f002f48c8/828768028025.jpg/100x100bb.jpg,https://is1-ssl.mzstatic.com/image/thumb/Music115/v4/51/7c/e7/517ce744-7787-caab-f487-701f002f48c8/828768028025.jpg/600x600bb.jpg,37.3,72.4,49.8,Cool Blue,#2a6e9b
Talk Talk,Spirit of Eden,1988,6,Pop,https://is1-ssl.mzstatic.com/image/thumb/Music114/v4/36/84/e8/3684e84e-5b87-f5d3-3e93-500c9807aefd/724385712951.jpg/100x100bb.jpg,https://is1-ssl.mzstatic.com/image/thumb/Music114/v4/36/84/e8/3684e84e-5b87-f5d3-3e93-500c9807aefd/724385712951.jpg/600x600bb.jpg,78.8,13.0,64.0,Minimalist White,#c0cbd2
Kate Bush,The Dreaming (2018 Remaster),1982,10,Pop,https://is1-ssl.mzstatic.com/image/thumb/Music116/v4/25/4b/5d/254b5db1-d013-f761-6315-c9d6e85b8c06/cover.jpg/100x100bb.jpg,https://is1-ssl.mzstatic.com/image/thumb/Music116/v4/25/4b/5d/254b5db1-d013-f761-6315-c9d6e85b8c06/cover.jpg/600x600bb.jpg,51.5,37.7,69.7,Warm Red & Orange,#957e6b
The Verve,Urban Hymns (Deluxe / Remastered 2016),1997,27,Pop,https://is1-ssl.mzstatic.com/image/thumb/Music115/v4/5c/b1/85/5cb18512-9cbd-7b84-4042-37f23bc2ae45/17UMGIM89555.rgb.jpg/100x100bb.jpg,https://is1-ssl.mzstatic.com/image/thumb/Music115/v4/5c/b1/85/5cb18512-9cbd-7b84-4042-37f23bc2ae45/17UMGIM89555.rgb.jpg/600x600bb.jpg,33.5,24.0,67.6,Green,#555748
"Christophe Deschamps, Laurent Vernerey & Francois Xavier Poggio",80's Art Pop,2021,11,Pop,https://is1-ssl.mzstatic.com/image/thumb/Music116/v4/be/40/ec/be40ec21-adfa-b40c-3a42-e2d5ed6cbdc0/cover.jpg/100x100bb.jpg,https://is1-ssl.mzstatic.com/image/thumb/Music116/v4/be/40/ec/be40ec21-adfa-b40c-3a42-e2d5ed6cbdc0/cover.jpg/600x600bb.jpg,14.4,80.1,37.0,Dark & Moody,#3b1a20
Benson Boone,Walk Me Home...,2022,8,Pop,https://is1-ssl.mzstatic.com/image/thumb/Music122/v4/4b/c9/0b/4bc90b5e-98c9-366a-5ae8-6402dd50f774/093624867142.jpg/100x100bb.jpg,https://is1-ssl.mzstatic.com/image/thumb/Music122/v4/4b/c9/0b/4bc90b5e-98c9-366a-5ae8-6402dd50f774/093624867142.jpg/600x600bb.jpg,91.4,0.0,41.2,Minimalist White,#e9e9e9
Art van Damme,Art - The Art Van Damme Quartet (2017 Remastered Version),2017,14,Pop,https://is1-ssl.mzstatic.com/image/thumb/Music122/v4/5f/37/f2/5f37f266-9821-dac0-7eb6-29c0136e5ac8/cover.jpg/100x100bb.jpg,https://is1-ssl.mzstatic.com/image/thumb/Music122/v4/5f/37/f2/5f37f266-9821-dac0-7eb6-29c0136e5ac8/cover.jpg/600x600bb.jpg,72.1,32.8,41.9,Green,#a0c3b6
"Sik-K, HAON, pH-1, Jay Park, Woodie Gochild & GroovyRoom",GIDDY UP - Single,2019,1,Pop,https://is1-ssl.mzstatic.com/image/thumb/Music123/v4/29/0d/3e/290d3ebf-a7b3-ec74-e4ee-6238a16a9d86/cover-Dingo_X_H1GHR_MUSIC_DS.jpg/100x100bb.jpg,https://is1-ssl.mzstatic.com/image/thumb/Music123/v4/29/0d/3e/290d3ebf-a7b3-ec74-e4ee-6238a16a9d86/cover-Dingo_X_H1GHR_MUSIC_DS.jpg/600x600bb.jpg,26.3,63.3,52.8,Warm Red & Orange,#743022
Jay Park,Need To Know - Single,2022,1,Pop,https://is1-ssl.mzstatic.com/image/thumb/Music112/v4/e8/40/d9/e840d988-5518-f993-ed6c-0f4e7465cf35/cover_KM0015671_1.jpg/100x100bb.jpg,https://is1-ssl.mzstatic.com/image/thumb/Music112/v4/e8/40/d9/e840d988-5518-f993-ed6c-0f4e7465cf35/cover_KM0015671_1.jpg/600x600bb.jpg,27.8,54.8,64.7,Cool Blue,#4a3c70
Melendi,Pop Rock,2026,11,Pop,https://is1-ssl.mzstatic.com/image/thumb/Music221/v4/31/da/58/31da5846-d04e-2ea0-3583-0a03d8a0352a/196873834900.jpg/100x100bb.jpg,https://is1-ssl.mzstatic.com/image/thumb/Music221/v4/31/da/58/31da5846-d04e-2ea0-3583-0a03d8a0352a/196873834900.jpg/600x600bb.jpg,43.0,24.9,49.5,Warm Red & Orange,#796b5a
Erasure,Pop! - The First 20 Hits,1992,20,Pop,https://is1-ssl.mzstatic.com/image/thumb/Music124/v4/89/d8/7f/89d87f34-ef58-63f3-1998-d6e541dfc335/mzi.wrlauufj.jpg/100x100bb.jpg,https://is1-ssl.mzstatic.com/image/thumb/Music124/v4/89/d8/7f/89d87f34-ef58-63f3-1998-d6e541dfc335/mzi.wrlauufj.jpg/600x600bb.jpg,45.4,25.9,43.6,Pink & Magenta,#7f6b7d
Kasane Teto & Ingeborg Sørendottir,Sandstone Citadel - EP,2026,5,Pop,https://is1-ssl.mzstatic.com/image/thumb/Music211/v4/c9/6c/ff/c96cff0c-edf3-2032-90ea-37ec645944c9/cover.jpg/100x100bb.jpg,https://is1-ssl.mzstatic.com/image/thumb/Music211/v4/c9/6c/ff/c96cff0c-edf3-2032-90ea-37ec645944c9/cover.jpg/600x600bb.jpg,56.3,45.3,58.1,Pink & Magenta,#c87581
Harry Styles,Harry Styles,2017,10,Pop,https://is1-ssl.mzstatic.com/image/thumb/Music124/v4/3d/5e/aa/3d5eaaa3-9a86-c264-5cd5-7fac83f99a59/886446451978.jpg/100x100bb.jpg,https://is1-ssl.mzstatic.com/image/thumb/Music124/v4/3d/5e/aa/3d5eaaa3-9a86-c264-5cd5-7fac83f99a59/886446451978.jpg/600x600bb.jpg,45.7,39.9,67.0,Warm Red & Orange,#8e6d55
ABBA,ABBA Gold: Greatest Hits,1992,19,Pop,https://is1-ssl.mzstatic.com/image/thumb/Music115/v4/60/f8/a6/60f8a6bc-e875-238d-f2f8-f34a6034e6d2/14UMGIM07615.rgb.jpg/100x100bb.jpg,https://is1-ssl.mzstatic.com/image/thumb/Music115/v4/60/f8/a6/60f8a6bc-e875-238d-f2f8-f34a6034e6d2/14UMGIM07615.rgb.jpg/600x600bb.jpg,10.9,76.3,20.1,Dark & Moody,#101f27
John Mayer,Continuum,2006,12,Pop,https://is1-ssl.mzstatic.com/image/thumb/Music124/v4/7a/a0/f4/7aa0f487-f983-390e-73ef-005115eea1e0/dj.oqpplyfm.jpg/100x100bb.jpg,https://is1-ssl.mzstatic.com/image/thumb/Music124/v4/7a/a0/f4/7aa0f487-f983-390e-73ef-005115eea1e0/dj.oqpplyfm.jpg/600x600bb.jpg,52.1,5.9,3.6,Monochrome / Gray,#818689
Charlie Puth,Nine Track Mind,2016,12,Pop,https://is1-ssl.mzstatic.com/image/thumb/Music114/v4/7e/05/fd/7e05fd3e-597b-db52-5d87-3ed146d2e2bb/mzm.omtrmqdi.jpg/100x100bb.jpg,https://is1-ssl.mzstatic.com/image/thumb/Music114/v4/7e/05/fd/7e05fd3e-597b-db52-5d87-3ed146d2e2bb/mzm.omtrmqdi.jpg/600x600bb.jpg,63.0,83.6,69.7,Warm Red & Orange,#baad1b
Sia,This Is Acting,2016,12,Pop,https://is1-ssl.mzstatic.com/image/thumb/Music115/v4/bc/13/27/bc13275c-8b26-802d-771b-d15ae00fb530/mzm.hvpwjsvi.jpg/100x100bb.jpg,https://is1-ssl.mzstatic.com/image/thumb/Music115/v4/bc/13/27/bc13275c-8b26-802d-771b-d15ae00fb530/mzm.hvpwjsvi.jpg/600x600bb.jpg,22.3,21.5,59.1,Dark & Moody,#3c3736
Bruno Mars,Doo-Wops & Hooligans (Deluxe),2010,14,Pop,https://is1-ssl.mzstatic.com/image/thumb/Music125/v4/98/ae/c2/98aec2e1-3be4-0311-1b44-69348fc87abb/075679956484.jpg/100x100bb.jpg,https://is1-ssl.mzstatic.com/image/thumb/Music125/v4/98/ae/c2/98aec2e1-3be4-0311-1b44-69348fc87abb/075679956484.jpg/600x600bb.jpg,85.2,47.3,24.0,Warm Red & Orange,#f7da83
Leona Lewis,Bleeding Love - Single,2007,1,Pop,https://is1-ssl.mzstatic.com/image/thumb/Features115/v4/59/43/92/594392bc-39a2-bf7d-9401-cd36632423c0/dj.gosywhnl.jpg/100x100bb.jpg,https://is1-ssl.mzstatic.com/image/thumb/Features115/v4/59/43/92/594392bc-39a2-bf7d-9401-cd36632423c0/dj.gosywhnl.jpg/600x600bb.jpg,67.3,14.8,75.4,Monochrome / Gray,#b2a9a2
Nelly Furtado,Loose,2006,17,Pop,https://is1-ssl.mzstatic.com/image/thumb/Music115/v4/20/f2/be/20f2be1f-716d-a2df-913e-1aff99c08619/06UMGIM31170.rgb.jpg/100x100bb.jpg,https://is1-ssl.mzstatic.com/image/thumb/Music115/v4/20/f2/be/20f2be1f-716d-a2df-913e-1aff99c08619/06UMGIM31170.rgb.jpg/600x600bb.jpg,51.1,47.4,76.6,Warm Red & Orange,#af6f6d
Blue Swede & Björn Skifs,Hooked On a Feeling - Single,1973,1,Pop,https://is1-ssl.mzstatic.com/image/thumb/Music125/v4/46/df/e2/46dfe2be-08d4-832d-f56a-49d77a5c2b76/5099951247652.jpg/100x100bb.jpg,https://is1-ssl.mzstatic.com/image/thumb/Music125/v4/46/df/e2/46dfe2be-08d4-832d-f56a-49d77a5c2b76/5099951247652.jpg/600x600bb.jpg,49.5,48.5,59.9,Warm Red & Orange,#857d6c
Kelly Clarkson,Meaning of Life,2017,14,Pop,https://is1-ssl.mzstatic.com/image/thumb/Music118/v4/e8/9e/2d/e89e2d96-7ed8-ff05-3a95-512b4adb7da5/075679887177.jpg/100x100bb.jpg,https://is1-ssl.mzstatic.com/image/thumb/Music118/v4/e8/9e/2d/e89e2d96-7ed8-ff05-3a95-512b4adb7da5/075679887177.jpg/600x600bb.jpg,50.4,26.6,69.2,Warm Red & Orange,#907b70
OneRepublic,Native,2014,16,Pop,https://is1-ssl.mzstatic.com/image/thumb/Music126/v4/93/c1/37/93c137c8-90d8-687a-4f8a-f117ca99c0a1/14UMGIM12027.rgb.jpg/100x100bb.jpg,https://is1-ssl.mzstatic.com/image/thumb/Music126/v4/93/c1/37/93c137c8-90d8-687a-4f8a-f117ca99c0a1/14UMGIM12027.rgb.jpg/600x600bb.jpg,32.9,42.5,43.8,Warm Red & Orange,#61513b
Wham!,Make It Big,1984,8,Pop,https://is1-ssl.mzstatic.com/image/thumb/Music115/v4/ee/49/ac/ee49accc-78bd-bcdb-1aff-c40c1ac3ccc4/074643959520.jpg/100x100bb.jpg,https://is1-ssl.mzstatic.com/image/thumb/Music115/v4/ee/49/ac/ee49accc-78bd-bcdb-1aff-c40c1ac3ccc4/074643959520.jpg/600x600bb.jpg,83.8,7.9,65.5,Minimalist White,#d9d4d1
Matchbox Twenty,Yourself or Someone Like You,1996,12,Pop,https://is1-ssl.mzstatic.com/image/thumb/Music125/v4/be/24/30/be243026-a149-dc9d-ef3b-d01fef6da03f/075679957535.jpg/100x100bb.jpg,https://is1-ssl.mzstatic.com/image/thumb/Music125/v4/be/24/30/be243026-a149-dc9d-ef3b-d01fef6da03f/075679957535.jpg/600x600bb.jpg,64.1,12.1,90.2,Monochrome / Gray,#a5a1a7
No Doubt,Tragic Kingdom,1995,14,Pop,https://is1-ssl.mzstatic.com/image/thumb/Music115/v4/fe/0a/68/fe0a687a-537e-e902-0778-90465c118f77/00602547870575.rgb.jpg/100x100bb.jpg,https://is1-ssl.mzstatic.com/image/thumb/Music115/v4/fe/0a/68/fe0a687a-537e-e902-0778-90465c118f77/00602547870575.rgb.jpg/600x600bb.jpg,47.9,38.4,39.2,Cool Blue,#717c86
Michael Jackson,Number Ones,2003,18,Pop,https://is1-ssl.mzstatic.com/image/thumb/Music211/v4/67/c6/c9/67c6c9b0-e879-7e4d-fcda-dc52f758ec43/888880457066.jpg/100x100bb.jpg,https://is1-ssl.mzstatic.com/image/thumb/Music211/v4/67/c6/c9/67c6c9b0-e879-7e4d-fcda-dc52f758ec43/888880457066.jpg/600x600bb.jpg,91.3,2.1,53.8,Minimalist White,#eae8e8
Hootie & The Blowfish,Cracked Rear View,1994,12,Pop,https://is1-ssl.mzstatic.com/image/thumb/Music115/v4/de/a8/c7/dea8c705-2f1d-a0d3-b97f-a32d064f43f5/mzi.imcehhmk.jpg/100x100bb.jpg,https://is1-ssl.mzstatic.com/image/thumb/Music115/v4/de/a8/c7/dea8c705-2f1d-a0d3-b97f-a32d064f43f5/mzi.imcehhmk.jpg/600x600bb.jpg,44.2,29.7,83.0,Warm Red & Orange,#7d6b68
OneRepublic,Oh My My (Deluxe Edition),2016,17,Pop,https://is1-ssl.mzstatic.com/image/thumb/Music211/v4/04/ab/10/04ab1068-9267-db55-3e0a-558848901ad2/16UMGIM64331.rgb.jpg/100x100bb.jpg,https://is1-ssl.mzstatic.com/image/thumb/Music211/v4/04/ab/10/04ab1068-9267-db55-3e0a-558848901ad2/16UMGIM64331.rgb.jpg/600x600bb.jpg,24.4,16.0,83.2,Dark & Moody,#3f3d3e
Conan Gray,Sunset Season - EP,2018,5,Pop,https://is1-ssl.mzstatic.com/image/thumb/Music112/v4/1e/6d/5e/1e6d5ebd-af93-8e47-dbfc-18969b72a9f9/18UMGIM66643.rgb.jpg/100x100bb.jpg,https://is1-ssl.mzstatic.com/image/thumb/Music112/v4/1e/6d/5e/1e6d5ebd-af93-8e47-dbfc-18969b72a9f9/18UMGIM66643.rgb.jpg/600x600bb.jpg,39.8,44.9,48.2,Pink & Magenta,#86575a
Sia,1000 Forms of Fear,2014,13,Pop,https://is1-ssl.mzstatic.com/image/thumb/Music115/v4/00/bf/72/00bf72a2-3e50-e5e7-ae78-dc35bbf9bcda/886444578219.jpg/100x100bb.jpg,https://is1-ssl.mzstatic.com/image/thumb/Music115/v4/00/bf/72/00bf72a2-3e50-e5e7-ae78-dc35bbf9bcda/886444578219.jpg/600x600bb.jpg,26.3,18.3,70.9,Pink & Magenta,#444243
Lukas Graham,Lukas Graham,2015,11,Pop,https://is1-ssl.mzstatic.com/image/thumb/Music69/v4/1f/57/08/1f57082e-ee7e-dcb7-a73e-ba1f3468211d/093624920496.jpg/100x100bb.jpg,https://is1-ssl.mzstatic.com/image/thumb/Music69/v4/1f/57/08/1f57082e-ee7e-dcb7-a73e-ba1f3468211d/093624920496.jpg/600x600bb.jpg,66.8,19.9,63.2,Pink & Magenta,#afa8a8
Bryan Adams,Reckless,1985,10,Pop,https://is1-ssl.mzstatic.com/image/thumb/Music126/v4/67/10/6b/67106b63-8edc-ef66-78f2-ad85b275074f/06UMGIM28735.rgb.jpg/100x100bb.jpg,https://is1-ssl.mzstatic.com/image/thumb/Music126/v4/67/10/6b/67106b63-8edc-ef66-78f2-ad85b275074f/06UMGIM28735.rgb.jpg/600x600bb.jpg,31.4,15.1,70.7,Monochrome / Gray,#514f4c
Billy Joel,52nd Street,1978,9,Pop,https://is1-ssl.mzstatic.com/image/thumb/Music125/v4/d6/02/07/d60207ae-a49f-8f20-c8e6-d58e794b9ae5/dj.lzzblgca.jpg/100x100bb.jpg,https://is1-ssl.mzstatic.com/image/thumb/Music125/v4/d6/02/07/d60207ae-a49f-8f20-c8e6-d58e794b9ae5/dj.lzzblgca.jpg/600x600bb.jpg,34.3,23.9,77.5,Green,#525a54
Bee Gees,Greatest,1979,27,Pop,https://is1-ssl.mzstatic.com/image/thumb/Music123/v4/b4/00/8f/b4008f7c-72b9-d856-60fa-2ac5cfce2d18/16UMGIM86640.rgb.jpg/100x100bb.jpg,https://is1-ssl.mzstatic.com/image/thumb/Music123/v4/b4/00/8f/b4008f7c-72b9-d856-60fa-2ac5cfce2d18/16UMGIM86640.rgb.jpg/600x600bb.jpg,73.4,17.5,68.9,Monochrome / Gray,#bcb7cb
UB40,Greatest Hits,2008,21,Pop,https://is1-ssl.mzstatic.com/image/thumb/Music114/v4/8e/fc/d7/8efcd7fa-9922-ecbe-7024-d777d9b154d6/13UABIM50818.rgb.jpg/100x100bb.jpg,https://is1-ssl.mzstatic.com/image/thumb/Music114/v4/8e/fc/d7/8efcd7fa-9922-ecbe-7024-d777d9b154d6/13UABIM50818.rgb.jpg/600x600bb.jpg,42.3,88.6,63.4,Warm Red & Orange,#976613
Nick Jonas,Last Year Was Complicated,2016,12,Pop,https://is1-ssl.mzstatic.com/image/thumb/Music114/v4/7e/33/93/7e339320-b80c-bd3e-a5d7-36199585a813/16UMGIM15573.rgb.jpg/100x100bb.jpg,https://is1-ssl.mzstatic.com/image/thumb/Music114/v4/7e/33/93/7e339320-b80c-bd3e-a5d7-36199585a813/16UMGIM15573.rgb.jpg/600x600bb.jpg,32.5,0.0,57.4,Monochrome / Gray,#525252
ABBA,ABBA Gold: Greatest Hits (40th Anniversary Edition),1992,59,Pop,https://is1-ssl.mzstatic.com/image/thumb/Music112/v4/dc/f7/90/dcf790c3-7c63-f7b3-e57b-5a8747a8ebbe/14UMGIM11148.rgb.jpg/100x100bb.jpg,https://is1-ssl.mzstatic.com/image/thumb/Music112/v4/dc/f7/90/dcf790c3-7c63-f7b3-e57b-5a8747a8ebbe/14UMGIM11148.rgb.jpg/600x600bb.jpg,43.2,39.9,25.8,Warm Red & Orange,#7c6d4b
Madonna,Confessions on a Dance Floor,2005,12,Pop,https://is1-ssl.mzstatic.com/image/thumb/Music124/v4/24/5a/e8/245ae865-c767-310b-c8ee-6b3a05e43fd4/dj.hgvybcjz.jpg/100x100bb.jpg,https://is1-ssl.mzstatic.com/image/thumb/Music124/v4/24/5a/e8/245ae865-c767-310b-c8ee-6b3a05e43fd4/dj.hgvybcjz.jpg/600x600bb.jpg,23.3,45.4,52.5,Dark & Moody,#503136
Various Artists,Chamber Pop,2016,12,Pop,https://is1-ssl.mzstatic.com/image/thumb/Music221/v4/9d/74/80/9d74806f-3b51-2c01-d7db-1abc06af08f2/859727348823.jpg/100x100bb.jpg,https://is1-ssl.mzstatic.com/image/thumb/Music221/v4/9d/74/80/9d74806f-3b51-2c01-d7db-1abc06af08f2/859727348823.jpg/600x600bb.jpg,37.8,60.3,50.7,Warm Red & Orange,#7a5b35
Chamber Pop,Chamber Pop,1991,11,Pop,https://is1-ssl.mzstatic.com/image/thumb/Music114/v4/06/65/a1/0665a1c5-ba88-dedb-cde7-a4596c86418a/195079871405.jpg/100x100bb.jpg,https://is1-ssl.mzstatic.com/image/thumb/Music114/v4/06/65/a1/0665a1c5-ba88-dedb-cde7-a4596c86418a/195079871405.jpg/600x600bb.jpg,48.7,62.1,21.4,Pink & Magenta,#db5255
Music Beyond,Chamber Pop,2018,13,Pop,https://is1-ssl.mzstatic.com/image/thumb/Music114/v4/34/1e/19/341e193f-b57a-bccd-96fe-077dd2a2a8cc/018736071201_cover.jpg/100x100bb.jpg,https://is1-ssl.mzstatic.com/image/thumb/Music114/v4/34/1e/19/341e193f-b57a-bccd-96fe-077dd2a2a8cc/018736071201_cover.jpg/600x600bb.jpg,83.7,5.6,67.5,Minimalist White,#d2d6d9
Zynor Vibe,Chamber Pop - Single,2026,1,Pop,https://is1-ssl.mzstatic.com/image/thumb/Music211/v4/2b/71/90/2b7190b5-1355-78ee-b608-ff0c14653b25/1033341.jpg/100x100bb.jpg,https://is1-ssl.mzstatic.com/image/thumb/Music211/v4/2b/71/90/2b7190b5-1355-78ee-b608-ff0c14653b25/1033341.jpg/600x600bb.jpg,22.7,48.2,38.5,Dark & Moody,#493238
Harp Multani & Big Boi Deep,Chamber - Single,2023,1,Pop,https://is1-ssl.mzstatic.com/image/thumb/Music126/v4/46/a7/5b/46a75bf4-9d55-d939-3c2a-11057ecfcbe7/8905285105315.jpg/100x100bb.jpg,https://is1-ssl.mzstatic.com/image/thumb/Music126/v4/46/a7/5b/46a75bf4-9d55-d939-3c2a-11057ecfcbe7/8905285105315.jpg/600x600bb.jpg,11.2,98.6,13.5,Dark & Moody,#5a0201
Alira Beats & Zynor Vibe,Chamber Pop - Single,2026,1,Pop,https://is1-ssl.mzstatic.com/image/thumb/Music221/v4/ba/a3/b4/baa3b45c-6993-0017-5b44-5235e142bfa1/1033340.jpg/100x100bb.jpg,https://is1-ssl.mzstatic.com/image/thumb/Music221/v4/ba/a3/b4/baa3b45c-6993-0017-5b44-5235e142bfa1/1033340.jpg/600x600bb.jpg,48.4,41.1,67.8,Pink & Magenta,#927172
Ornella Vanoni,Appuntamento con Ornella Vanoni,1999,12,Pop,https://is1-ssl.mzstatic.com/image/thumb/Music115/v4/17/92/5c/17925c0c-eccb-1027-ad09-b97dac69c9e8/mzi.hiczjvfn.jpg/100x100bb.jpg,https://is1-ssl.mzstatic.com/image/thumb/Music115/v4/17/92/5c/17925c0c-eccb-1027-ad09-b97dac69c9e8/mzi.hiczjvfn.jpg/600x600bb.jpg,50.5,19.5,52.7,Cool Blue,#867a92
Moodoïd & Melody's Echo Chamber,Only One Man (with Melody's Echo Chamber) - Single,2021,1,Pop,https://is1-ssl.mzstatic.com/image/thumb/Music124/v4/4b/7c/a1/4b7ca116-684b-fb0a-30f6-d77480abd0f4/5060899071487_cover.jpg/100x100bb.jpg,https://is1-ssl.mzstatic.com/image/thumb/Music124/v4/4b/7c/a1/4b7ca116-684b-fb0a-30f6-d77480abd0f4/5060899071487_cover.jpg/600x600bb.jpg,70.8,17.5,69.7,Monochrome / Gray,#bdb2a9
Various Artists,Chamber Pop 2 - EP,2020,6,Pop,https://is1-ssl.mzstatic.com/image/thumb/Music221/v4/1a/06/c2/1a06c2f1-b2f2-b374-9055-bec07fc689e7/859736927873.jpg/100x100bb.jpg,https://is1-ssl.mzstatic.com/image/thumb/Music221/v4/1a/06/c2/1a06c2f1-b2f2-b374-9055-bec07fc689e7/859736927873.jpg/600x600bb.jpg,26.6,26.1,41.7,Warm Red & Orange,#47423f
"Echo Chamber Ensemble, Cody Geil & Stephanie Babirak",Pop,2022,10,Pop,https://is1-ssl.mzstatic.com/image/thumb/Music112/v4/d5/42/80/d54280b9-8022-5689-a862-258de8ccee7f/859766228414_cover.jpg/100x100bb.jpg,https://is1-ssl.mzstatic.com/image/thumb/Music112/v4/d5/42/80/d54280b9-8022-5689-a862-258de8ccee7f/859766228414_cover.jpg/600x600bb.jpg,31.5,5.0,32.6,Monochrome / Gray,#554d52
Brooklyn Duo & Dover Quartet,Chamber Music,2021,12,Pop,https://is1-ssl.mzstatic.com/image/thumb/Music115/v4/57/18/36/571836b9-f997-13bc-d461-6ab36e526755/artwork.jpg/100x100bb.jpg,https://is1-ssl.mzstatic.com/image/thumb/Music115/v4/57/18/36/571836b9-f997-13bc-d461-6ab36e526755/artwork.jpg/600x600bb.jpg,49.8,30.9,67.6,Warm Red & Orange,#907a69
Ornella Vanoni,Del mio meglio,1996,18,Pop,https://is1-ssl.mzstatic.com/image/thumb/Music/1f/b0/e1/mzi.abswwgiq.jpg/100x100bb.jpg,https://is1-ssl.mzstatic.com/image/thumb/Music/1f/b0/e1/mzi.abswwgiq.jpg/600x600bb.jpg,55.7,42.4,81.8,Pink & Magenta,#99878f
IRSNa & RACH,Chamber of Reflection - Single,2023,3,Pop,https://is1-ssl.mzstatic.com/image/thumb/Music116/v4/12/02/86/120286a2-90cd-8554-6bf8-b6f178800840/1963621531010_cover.jpg/100x100bb.jpg,https://is1-ssl.mzstatic.com/image/thumb/Music116/v4/12/02/86/120286a2-90cd-8554-6bf8-b6f178800840/1963621531010_cover.jpg/600x600bb.jpg,52.1,35.4,53.7,Cool Blue,#7584ac
Emilyn,Chamber - Single,2025,1,Pop,https://is1-ssl.mzstatic.com/image/thumb/Music211/v4/48/a7/1f/48a71f2e-c2b8-b59f-a765-314fcc627c47/5063778405243_cover.jpg/100x100bb.jpg,https://is1-ssl.mzstatic.com/image/thumb/Music211/v4/48/a7/1f/48a71f2e-c2b8-b59f-a765-314fcc627c47/5063778405243_cover.jpg/600x600bb.jpg,69.3,6.2,57.0,Monochrome / Gray,#b4b0a9
PKCZ(R),CUT IT UP - Single,2019,1,Pop,https://is1-ssl.mzstatic.com/image/thumb/Music221/v4/8f/af/d5/8fafd5aa-90b3-5b1b-9ced-806f68705228/198588287712.jpg/100x100bb.jpg,https://is1-ssl.mzstatic.com/image/thumb/Music221/v4/8f/af/d5/8fafd5aa-90b3-5b1b-9ced-806f68705228/198588287712.jpg/600x600bb.jpg,10.1,14.9,28.6,Dark & Moody,#1b181b
J. Shah,Chamber - Single,2017,1,Pop,https://is1-ssl.mzstatic.com/image/thumb/Music122/v4/bd/8e/9d/bd8e9d5f-80e1-f429-f2fd-61af69b410c9/3614973313332.jpg/100x100bb.jpg,https://is1-ssl.mzstatic.com/image/thumb/Music122/v4/bd/8e/9d/bd8e9d5f-80e1-f429-f2fd-61af69b410c9/3614973313332.jpg/600x600bb.jpg,35.5,78.7,49.7,Warm Red & Orange,#81511f
Ornella Vanoni,Ai miei amici cantautori,2001,12,Pop,https://is1-ssl.mzstatic.com/image/thumb/Music/e5/21/d5/mzi.ugweqyoq.jpg/100x100bb.jpg,https://is1-ssl.mzstatic.com/image/thumb/Music/e5/21/d5/mzi.ugweqyoq.jpg/600x600bb.jpg,63.3,26.0,87.4,Warm Red & Orange,#ae9e8f
Bert Kaempfert,Christmas Wonderland,1963,12,Pop,https://is1-ssl.mzstatic.com/image/thumb/Music126/v4/22/68/b3/2268b375-538b-8a4a-0321-0a7772c11862/23UM1IM14961.rgb.jpg/100x100bb.jpg,https://is1-ssl.mzstatic.com/image/thumb/Music126/v4/22/68/b3/2268b375-538b-8a4a-0321-0a7772c11862/23UM1IM14961.rgb.jpg/600x600bb.jpg,60.3,25.0,30.0,Green,#85a592
Nadiiife,Hidden Chamber - Single,2022,1,Pop,https://is1-ssl.mzstatic.com/image/thumb/Music112/v4/7a/68/8b/7a688b26-eea6-5edb-1aa2-3a35f49931fc/artwork.jpg/100x100bb.jpg,https://is1-ssl.mzstatic.com/image/thumb/Music112/v4/7a/68/8b/7a688b26-eea6-5edb-1aa2-3a35f49931fc/artwork.jpg/600x600bb.jpg,24.8,54.2,40.6,Dark & Moody,#423f34
Rêveuse & are u ok?,Chamber of Reflection - Slowed - Single,2023,1,Pop,https://is1-ssl.mzstatic.com/image/thumb/Music221/v4/9c/11/68/9c11685a-8094-e325-9f86-9b1ffcb878e1/5063440367695_cover.jpg/100x100bb.jpg,https://is1-ssl.mzstatic.com/image/thumb/Music221/v4/9c/11/68/9c11685a-8094-e325-9f86-9b1ffcb878e1/5063440367695_cover.jpg/600x600bb.jpg,52.4,52.9,49.5,Green,#818e61
Uncanny Valley Dolls,Chamber - Single,2023,1,Pop,https://is1-ssl.mzstatic.com/image/thumb/Music126/v4/f8/3a/3b/f83a3b5c-3fbe-ee0e-dbf6-cbed529e0090/5063316527352.jpg/100x100bb.jpg,https://is1-ssl.mzstatic.com/image/thumb/Music126/v4/f8/3a/3b/f83a3b5c-3fbe-ee0e-dbf6-cbed529e0090/5063316527352.jpg/600x600bb.jpg,36.0,19.6,54.7,Green,#52605d
Ornella Vanoni,Ornella,1966,12,Pop,https://is1-ssl.mzstatic.com/image/thumb/Music/b6/dc/b5/mzi.akvkbaxr.jpg/100x100bb.jpg,https://is1-ssl.mzstatic.com/image/thumb/Music/b6/dc/b5/mzi.akvkbaxr.jpg/600x600bb.jpg,58.4,35.0,39.5,Warm Red & Orange,#ba8580
Shanghai Rainbow Chamber Singers,上海的那頭 - Single,2023,1,Pop,https://is1-ssl.mzstatic.com/image/thumb/Music126/v4/e7/44/ea/e744ea3c-348a-0703-c73c-05b626ad8fc9/193017117387.jpg/100x100bb.jpg,https://is1-ssl.mzstatic.com/image/thumb/Music126/v4/e7/44/ea/e744ea3c-348a-0703-c73c-05b626ad8fc9/193017117387.jpg/600x600bb.jpg,35.9,55.0,50.8,Warm Red & Orange,#73553a
The Covington Catholic Chamber Choir,Bridge,2015,13,Pop,https://is1-ssl.mzstatic.com/image/thumb/Music69/v4/61/f7/1f/61f71f34-20c7-44e8-8952-4ad9b016a72a/859716248073_cover.jpg/100x100bb.jpg,https://is1-ssl.mzstatic.com/image/thumb/Music69/v4/61/f7/1f/61f71f34-20c7-44e8-8952-4ad9b016a72a/859716248073_cover.jpg/600x600bb.jpg,57.3,13.6,68.2,Monochrome / Gray,#929193
Milliken Chamber,Lily of the Valley - EP,2017,5,Pop,https://is1-ssl.mzstatic.com/image/thumb/Music128/v4/75/8e/73/758e732c-7ecf-3009-9779-e48ba9668811/193428316348.jpg/100x100bb.jpg,https://is1-ssl.mzstatic.com/image/thumb/Music128/v4/75/8e/73/758e732c-7ecf-3009-9779-e48ba9668811/193428316348.jpg/600x600bb.jpg,23.6,0.0,72.4,Dark & Moody,#3c3c3c
Shanghai Rainbow Chamber Singers,活在愛裡面! - Single,2023,1,Pop,https://is1-ssl.mzstatic.com/image/thumb/Music116/v4/ec/3f/d0/ec3fd0b0-be75-e7c3-bcbf-b807a29f0f03/193017126426.jpg/100x100bb.jpg,https://is1-ssl.mzstatic.com/image/thumb/Music116/v4/ec/3f/d0/ec3fd0b0-be75-e7c3-bcbf-b807a29f0f03/193017126426.jpg/600x600bb.jpg,60.5,48.4,59.4,Warm Red & Orange,#c08f6d
"Anthony Lewis, Dame Janet Baker, Catherine Wilson, Patricia Clark, English Chamber Orchestra, Monica Sinclair, Raimund Herincx & The St. Anthony Singers",Purcell: Dido and Aeneas (Legends series),1962,17,Pop,https://is1-ssl.mzstatic.com/image/thumb/Music124/v4/16/0b/f3/160bf320-5acf-a280-5829-f4fe60481d17/00028946638729.rgb.jpg/100x100bb.jpg,https://is1-ssl.mzstatic.com/image/thumb/Music124/v4/16/0b/f3/160bf320-5acf-a280-5829-f4fe60481d17/00028946638729.rgb.jpg/600x600bb.jpg,72.4,5.2,62.4,Monochrome / Gray,#bab8b7
"Arijit Datta, Mansa Jimmy, Shillong Chamber Choir & Osho Jain",Maria | Coke Studio Bharat (feat. Bombay Brass) - Single,2023,1,Pop,https://is1-ssl.mzstatic.com/image/thumb/Music126/v4/f9/cb/f3/f9cbf3c5-44a0-ef44-f927-497614f9d1d7/23UM1IM20345.rgb.jpg/100x100bb.jpg,https://is1-ssl.mzstatic.com/image/thumb/Music126/v4/f9/cb/f3/f9cbf3c5-44a0-ef44-f927-497614f9d1d7/23UM1IM20345.rgb.jpg/600x600bb.jpg,23.9,53.6,43.8,Dark & Moody,#58312c
Shanghai Rainbow Chamber Singers,夏天的夢是什麼顏色的呢 - Single,2023,1,Pop,https://is1-ssl.mzstatic.com/image/thumb/Music126/v4/96/ba/79/96ba7979-d0e5-8704-ab5b-f95c0896aebf/193017126150.jpg/100x100bb.jpg,https://is1-ssl.mzstatic.com/image/thumb/Music126/v4/96/ba/79/96ba7979-d0e5-8704-ab5b-f95c0896aebf/193017126150.jpg/600x600bb.jpg,78.5,41.8,15.1,Warm Red & Orange,#fcb793
Covington Catholic Chamber Choir,I Won't Give Up - Single,2016,1,Pop,https://is1-ssl.mzstatic.com/image/thumb/Music30/v4/7e/8b/55/7e8b55a8-88c1-e795-3118-a252902cc879/859717644959_cover.jpg/100x100bb.jpg,https://is1-ssl.mzstatic.com/image/thumb/Music30/v4/7e/8b/55/7e8b55a8-88c1-e795-3118-a252902cc879/859717644959_cover.jpg/600x600bb.jpg,54.9,15.3,46.8,Monochrome / Gray,#838e96
Ornella Vanoni,Le canzoni di ornella vanoni,1993,12,Pop,https://is1-ssl.mzstatic.com/image/thumb/Music/50/33/cf/mzi.rdsznrsf.jpg/100x100bb.jpg,https://is1-ssl.mzstatic.com/image/thumb/Music/50/33/cf/mzi.rdsznrsf.jpg/600x600bb.jpg,32.0,43.3,46.7,Pink & Magenta,#714344
Sirrus,Chamber Folk,2012,10,Pop,https://is1-ssl.mzstatic.com/image/thumb/Music221/v4/d7/bd/47/d7bd473f-e7da-6a81-5fd1-1971ed2c9285/859708454307.jpg/100x100bb.jpg,https://is1-ssl.mzstatic.com/image/thumb/Music221/v4/d7/bd/47/d7bd473f-e7da-6a81-5fd1-1971ed2c9285/859708454307.jpg/600x600bb.jpg,26.5,26.2,50.3,Cool Blue,#434346
Ornella Vanoni,Tutto Vanoni,2007,38,Pop,https://is1-ssl.mzstatic.com/image/thumb/Music124/v4/7b/e5/69/7be569c2-46e2-9a6f-98ca-038d7e3f2940/mzi.cvvxwjpm.jpg/100x100bb.jpg,https://is1-ssl.mzstatic.com/image/thumb/Music124/v4/7b/e5/69/7be569c2-46e2-9a6f-98ca-038d7e3f2940/mzi.cvvxwjpm.jpg/600x600bb.jpg,35.8,67.5,54.4,Pink & Magenta,#9b3b56
Bleu,Echo Chamber - Single,2024,1,Pop,https://is1-ssl.mzstatic.com/image/thumb/Music221/v4/4e/00/1b/4e001b85-87ef-7a1b-264e-99f9a5d4e8d1/859787123347_cover.jpg/100x100bb.jpg,https://is1-ssl.mzstatic.com/image/thumb/Music221/v4/4e/00/1b/4e001b85-87ef-7a1b-264e-99f9a5d4e8d1/859787123347_cover.jpg/600x600bb.jpg,32.0,20.2,41.0,Pink & Magenta,#525051
Covington Catholic Chamber Choir,Stand by Me (Quarantine Edition) - Single,2020,1,Pop,https://is1-ssl.mzstatic.com/image/thumb/Music113/v4/89/2c/f7/892cf797-dd6d-304f-8d1f-9419b046a602/859738924702_cover.jpg/100x100bb.jpg,https://is1-ssl.mzstatic.com/image/thumb/Music113/v4/89/2c/f7/892cf797-dd6d-304f-8d1f-9419b046a602/859738924702_cover.jpg/600x600bb.jpg,44.9,75.6,100.6,Warm Red & Orange,#808006
Ornella Vanoni,Sogni Proibiti (Ornella e Le Canzoni Di Bacharach),2002,12,Pop,https://is1-ssl.mzstatic.com/image/thumb/Music/11/bd/e1/mzi.zrynunlw.jpg/100x100bb.jpg,https://is1-ssl.mzstatic.com/image/thumb/Music/11/bd/e1/mzi.zrynunlw.jpg/600x600bb.jpg,44.0,18.6,35.5,Cool Blue,#726d7a
Spence Hood,The Beginner's Guide Live with The Sound Ensemble Chamber Orchestra (Live Orchestral Version) - Single,2024,2,Pop,https://is1-ssl.mzstatic.com/image/thumb/Music126/v4/a1/ad/f2/a1adf2f5-0fdb-0919-fb95-633475c55fab/artwork.jpg/100x100bb.jpg,https://is1-ssl.mzstatic.com/image/thumb/Music126/v4/a1/ad/f2/a1adf2f5-0fdb-0919-fb95-633475c55fab/artwork.jpg/600x600bb.jpg,88.3,6.9,12.1,Minimalist White,#e7dfd8
valentine grave & Echo's Chamber,purple potions - Single,2023,1,Pop,https://is1-ssl.mzstatic.com/image/thumb/Music126/v4/d4/7b/b7/d47bb798-fa6c-444e-4d6e-0bd3aa66f2bb/29d1a5e4-fee5-4ce8-9123-a81dec01ebfe.jpg/100x100bb.jpg,https://is1-ssl.mzstatic.com/image/thumb/Music126/v4/d4/7b/b7/d47bb798-fa6c-444e-4d6e-0bd3aa66f2bb/29d1a5e4-fee5-4ce8-9123-a81dec01ebfe.jpg/600x600bb.jpg,27.6,85.3,22.4,Green,#126430
Covington Catholic Chamber Choir,It's so Hard to Say Goodbye to Yesterday - Single,2016,1,Pop,https://is1-ssl.mzstatic.com/image/thumb/Music18/v4/ba/f1/00/baf10037-8eae-c498-a3c1-60dd02f61767/859717646014_cover.jpg/100x100bb.jpg,https://is1-ssl.mzstatic.com/image/thumb/Music18/v4/ba/f1/00/baf10037-8eae-c498-a3c1-60dd02f61767/859717646014_cover.jpg/600x600bb.jpg,59.0,28.5,41.0,Warm Red & Orange,#a29775
Sly 5th Ave & The ClubCasa Chamber Orchestra,BKLYN1834 Presents: Noisechamber Vol. 1,2014,4,Pop,https://is1-ssl.mzstatic.com/image/thumb/Music4/v4/03/af/6d/03af6d7f-7b64-dbfc-c2e5-23de7ba16f9f/artworks-000082204744-n7sbm1-t500x500-1406222204.jpg/100x100bb.jpg,https://is1-ssl.mzstatic.com/image/thumb/Music4/v4/03/af/6d/03af6d7f-7b64-dbfc-c2e5-23de7ba16f9f/artworks-000082204744-n7sbm1-t500x500-1406222204.jpg/600x600bb.jpg,26.5,69.0,8.8,Pink & Magenta,#802830
Ornella Vanoni,E altre storie,1973,11,Pop,https://is1-ssl.mzstatic.com/image/thumb/Music/1a/32/97/mzi.spvpyvsg.jpg/100x100bb.jpg,https://is1-ssl.mzstatic.com/image/thumb/Music/1a/32/97/mzi.spvpyvsg.jpg/600x600bb.jpg,55.5,37.4,80.1,Pink & Magenta,#b07c87
Cantorum Chamber Choir,The Times They Are A-Changin' arr. Adam Podd - Single,2025,1,Pop,https://is1-ssl.mzstatic.com/image/thumb/Music211/v4/02/d3/48/02d348db-e193-12b9-e60b-0516c9c64d87/artwork.jpg/100x100bb.jpg,https://is1-ssl.mzstatic.com/image/thumb/Music211/v4/02/d3/48/02d348db-e193-12b9-e60b-0516c9c64d87/artwork.jpg/600x600bb.jpg,9.1,83.4,28.8,Dark & Moody,#250b2c
bbygirl,Chamber of Reflection (Brazilian Funk Remix Sped Up) - Single,2024,1,Pop,https://is1-ssl.mzstatic.com/image/thumb/Music221/v4/a1/f0/36/a1f03622-c1de-9974-464b-7bc723255fd5/5063501393908_cover.jpg/100x100bb.jpg,https://is1-ssl.mzstatic.com/image/thumb/Music221/v4/a1/f0/36/a1f03622-c1de-9974-464b-7bc723255fd5/5063501393908_cover.jpg/600x600bb.jpg,53.1,16.9,73.5,Monochrome / Gray,#8d8777
Novox & Karaokey,Chamber of Reflection (Brazilian Funk Remix Instrumental) - Single,2024,1,Pop,https://is1-ssl.mzstatic.com/image/thumb/Music211/v4/76/f6/4e/76f64ea9-bcd0-7804-7652-4c037f7d80c4/5063473079954_cover.jpg/100x100bb.jpg,https://is1-ssl.mzstatic.com/image/thumb/Music211/v4/76/f6/4e/76f64ea9-bcd0-7804-7652-4c037f7d80c4/5063473079954_cover.jpg/600x600bb.jpg,50.4,23.1,32.5,Warm Red & Orange,#917b6e
Shanghai Rainbow Chamber Singers,彩虹 (鼓浪嶼現場) - Single,2023,1,Pop,https://is1-ssl.mzstatic.com/image/thumb/Music126/v4/a6/2c/86/a62c862b-fe1c-a395-bd6c-752e31ae3ce8/193017128345.jpg/100x100bb.jpg,https://is1-ssl.mzstatic.com/image/thumb/Music126/v4/a6/2c/86/a62c862b-fe1c-a395-bd6c-752e31ae3ce8/193017128345.jpg/600x600bb.jpg,33.1,70.5,60.1,Cool Blue,#7e367f
The Chamber Academy Orchestra,Classical Rolling Stones,2001,13,Pop,https://is1-ssl.mzstatic.com/image/thumb/Music3/v4/66/6b/6e/666b6ef3-3608-9ca8-73e0-b796d3150a08/dj.gqcxttoo.jpg/100x100bb.jpg,https://is1-ssl.mzstatic.com/image/thumb/Music3/v4/66/6b/6e/666b6ef3-3608-9ca8-73e0-b796d3150a08/dj.gqcxttoo.jpg/600x600bb.jpg,16.3,16.2,13.5,Dark & Moody,#2e2727
Ornella Vanoni,Ai miei amici cantautori no. 2,2001,12,Pop,https://is1-ssl.mzstatic.com/image/thumb/Music/c6/28/e1/mzi.tjgpqtfm.jpg/100x100bb.jpg,https://is1-ssl.mzstatic.com/image/thumb/Music/c6/28/e1/mzi.tjgpqtfm.jpg/600x600bb.jpg,13.5,24.0,14.6,Dark & Moody,#232029
LUMI & SOLAR,Chamber - Single,2025,1,Pop,https://is1-ssl.mzstatic.com/image/thumb/Music211/v4/99/3c/0c/993c0cb7-6787-25d4-aa6a-6443c09e2cac/artwork.jpg/100x100bb.jpg,https://is1-ssl.mzstatic.com/image/thumb/Music211/v4/99/3c/0c/993c0cb7-6787-25d4-aa6a-6443c09e2cac/artwork.jpg/600x600bb.jpg,38.6,45.7,42.1,Warm Red & Orange,#845352
Deep Sekhon,Chamber - Single,2026,1,Pop,https://is1-ssl.mzstatic.com/image/thumb/Music211/v4/40/6b/9b/406b9b0f-1499-ff7c-13ad-bcf0a28625fd/cover.jpg/100x100bb.jpg,https://is1-ssl.mzstatic.com/image/thumb/Music211/v4/40/6b/9b/406b9b0f-1499-ff7c-13ad-bcf0a28625fd/cover.jpg/600x600bb.jpg,26.1,28.8,49.9,Cool Blue,#404246
Tiger Lehri,Chamber - Single,2026,1,Pop,https://is1-ssl.mzstatic.com/image/thumb/Music211/v4/6d/02/2c/6d022c64-a4e5-07d6-3678-994f9159bb93/5026854622798.jpg/100x100bb.jpg,https://is1-ssl.mzstatic.com/image/thumb/Music211/v4/6d/02/2c/6d022c64-a4e5-07d6-3678-994f9159bb93/5026854622798.jpg/600x600bb.jpg,27.9,35.8,61.3,Warm Red & Orange,#4b463d
Erling Cokny,Chamber,2026,16,Pop,https://is1-ssl.mzstatic.com/image/thumb/Music211/v4/52/9a/f6/529af6f8-7f04-e2ab-225c-b36f149f1020/artwork.jpg/100x100bb.jpg,https://is1-ssl.mzstatic.com/image/thumb/Music211/v4/52/9a/f6/529af6f8-7f04-e2ab-225c-b36f149f1020/artwork.jpg/600x600bb.jpg,20.3,40.5,57.2,Dark & Moody,#2d3635
Nawab Gill & Jazz Kaur,Chamber - Single,2026,1,Pop,https://is1-ssl.mzstatic.com/image/thumb/Music221/v4/0e/30/24/0e3024a4-a97d-a05d-2423-a72cafe1871e/8902358391583_cover.jpg/100x100bb.jpg,https://is1-ssl.mzstatic.com/image/thumb/Music221/v4/0e/30/24/0e3024a4-a97d-a05d-2423-a72cafe1871e/8902358391583_cover.jpg/600x600bb.jpg,28.1,49.9,56.7,Warm Red & Orange,#5a422f
M.S. Tung & Jashanmeet,Chamber - Single,2026,1,Pop,https://is1-ssl.mzstatic.com/image/thumb/Music211/v4/ee/b1/2a/eeb12a68-101c-7d60-9be3-2437efd07b52/1200214520434.jpg/100x100bb.jpg,https://is1-ssl.mzstatic.com/image/thumb/Music211/v4/ee/b1/2a/eeb12a68-101c-7d60-9be3-2437efd07b52/1200214520434.jpg/600x600bb.jpg,22.8,63.2,47.6,Dark & Moody,#413346
Kenamin,部屋,2019,11,Pop,https://is1-ssl.mzstatic.com/image/thumb/Music113/v4/3c/f7/37/3cf7373d-cde6-c7d5-6416-67c368946759/859755396353_cover.jpg/100x100bb.jpg,https://is1-ssl.mzstatic.com/image/thumb/Music113/v4/3c/f7/37/3cf7373d-cde6-c7d5-6416-67c368946759/859755396353_cover.jpg/600x600bb.jpg,65.3,10.4,39.9,Monochrome / Gray,#b1a0a7
LIT MOON,Chamber - Single,2026,2,Pop,https://is1-ssl.mzstatic.com/image/thumb/Music211/v4/0a/e8/5e/0ae85e95-ceb2-8395-511a-4f9a51e8155b/4550756782911_cover.jpg/100x100bb.jpg,https://is1-ssl.mzstatic.com/image/thumb/Music211/v4/0a/e8/5e/0ae85e95-ceb2-8395-511a-4f9a51e8155b/4550756782911_cover.jpg/600x600bb.jpg,48.3,71.7,67.8,Warm Red & Orange,#b06657
Maria Isa,Unlock the Chamber,2024,9,Pop,https://is1-ssl.mzstatic.com/image/thumb/Music112/v4/08/4b/fd/084bfdb1-b9e0-dfcf-e8ba-83ca755da11c/artwork.jpg/100x100bb.jpg,https://is1-ssl.mzstatic.com/image/thumb/Music112/v4/08/4b/fd/084bfdb1-b9e0-dfcf-e8ba-83ca755da11c/artwork.jpg/600x600bb.jpg,82.0,8.2,79.9,Minimalist White,#d4cfd0
Pat Carroll,Candles in the Coral Chamber - EP,2026,4,Pop,https://is1-ssl.mzstatic.com/image/thumb/Music211/v4/fe/2c/36/fe2c3609-63f4-a106-3dd5-1bab1afb2dec/4070335121653.jpg/100x100bb.jpg,https://is1-ssl.mzstatic.com/image/thumb/Music211/v4/fe/2c/36/fe2c3609-63f4-a106-3dd5-1bab1afb2dec/4070335121653.jpg/600x600bb.jpg,15.2,65.2,34.9,Dark & Moody,#2b203a
Matt Parker & Rosie Riley,Female Chamber Pop,2024,8,Pop,https://is1-ssl.mzstatic.com/image/thumb/Music211/v4/cc/f4/ec/ccf4ec2e-2117-c35e-a133-ef9ffa462e2f/198846550688.jpg/100x100bb.jpg,https://is1-ssl.mzstatic.com/image/thumb/Music211/v4/cc/f4/ec/ccf4ec2e-2117-c35e-a133-ef9ffa462e2f/198846550688.jpg/600x600bb.jpg,24.3,39.7,54.6,Dark & Moody,#483b2e
AAK Music,Echo Chamber Pop Music,2025,30,Pop,https://is1-ssl.mzstatic.com/image/thumb/Music211/v4/c7/6b/bc/c76bbc41-9875-da2f-9ab7-a5c930bc6090/artwork.jpg/100x100bb.jpg,https://is1-ssl.mzstatic.com/image/thumb/Music211/v4/c7/6b/bc/c76bbc41-9875-da2f-9ab7-a5c930bc6090/artwork.jpg/600x600bb.jpg,35.5,42.0,43.0,Pink & Magenta,#655360
RUHAIN,A WINTER CHAMBER POP BALLAD,2025,9,Pop,https://is1-ssl.mzstatic.com/image/thumb/Music211/v4/e9/f7/77/e9f7773c-3a4a-3dc2-5f2f-32614d1405bc/artwork.jpg/100x100bb.jpg,https://is1-ssl.mzstatic.com/image/thumb/Music211/v4/e9/f7/77/e9f7773c-3a4a-3dc2-5f2f-32614d1405bc/artwork.jpg/600x600bb.jpg,44.8,40.7,25.8,Cool Blue,#5e778d
Orions Belte,Echo Chamber - Single,2025,3,Pop,https://is1-ssl.mzstatic.com/image/thumb/Music221/v4/dc/d7/79/dcd779ca-6cd2-b0ff-c1b0-875058632ee3/199350973468.jpg/100x100bb.jpg,https://is1-ssl.mzstatic.com/image/thumb/Music221/v4/dc/d7/79/dcd779ca-6cd2-b0ff-c1b0-875058632ee3/199350973468.jpg/600x600bb.jpg,34.9,91.7,30.7,Pink & Magenta,#fa1414
ACE OF SPADES × PKCZ feat. 登坂広臣,TIME FLIES - Single,2016,2,Pop,https://is1-ssl.mzstatic.com/image/thumb/Music62/v4/2a/8b/c5/2a8bc5d8-a1e8-5331-190f-034e347a837c/RZCD-86196.jpg/100x100bb.jpg,https://is1-ssl.mzstatic.com/image/thumb/Music62/v4/2a/8b/c5/2a8bc5d8-a1e8-5331-190f-034e347a837c/RZCD-86196.jpg/600x600bb.jpg,21.0,12.8,58.5,Dark & Moody,#363535
S.N.O.T. Chamber Orchestra,Sweet Victory (feat. Broadway Inspirational Voices) - Single,2019,1,Pop,https://is1-ssl.mzstatic.com/image/thumb/Music123/v4/2a/86/8b/2a868ba7-f0ca-9463-9e14-a33fd3d48abb/194171626227.jpg/100x100bb.jpg,https://is1-ssl.mzstatic.com/image/thumb/Music123/v4/2a/86/8b/2a868ba7-f0ca-9463-9e14-a33fd3d48abb/194171626227.jpg/600x600bb.jpg,39.8,31.3,38.3,Cool Blue,#686075
E-girls,"My Way (feat. FIRE BALL, MIGHTY CROWN & PKCZ(R)) - Single",2018,2,Pop,https://is1-ssl.mzstatic.com/image/thumb/Music128/v4/b3/f4/21/b3f42158-3ec9-bba5-4e6d-8e89f8917176/ANTCD-28772.jpg/100x100bb.jpg,https://is1-ssl.mzstatic.com/image/thumb/Music128/v4/b3/f4/21/b3f42158-3ec9-bba5-4e6d-8e89f8917176/ANTCD-28772.jpg/600x600bb.jpg,26.7,42.1,43.2,Warm Red & Orange,#504033
Empyria,Chamber of Reflection - Single,2023,1,Pop,https://is1-ssl.mzstatic.com/image/thumb/Music126/v4/0f/a6/71/0fa67121-af5f-b04f-556b-8c5ecae90e9f/artwork.jpg/100x100bb.jpg,https://is1-ssl.mzstatic.com/image/thumb/Music126/v4/0f/a6/71/0fa67121-af5f-b04f-556b-8c5ecae90e9f/artwork.jpg/600x600bb.jpg,6.4,63.3,10.7,Dark & Moody,#0e0d21
Honey Gray,Echo Chamber - Single,2025,1,Pop,https://is1-ssl.mzstatic.com/image/thumb/Music221/v4/18/9b/d0/189bd061-dbf5-9204-e514-b480c9ec489e/artwork.jpg/100x100bb.jpg,https://is1-ssl.mzstatic.com/image/thumb/Music221/v4/18/9b/d0/189bd061-dbf5-9204-e514-b480c9ec489e/artwork.jpg/600x600bb.jpg,36.6,80.4,59.6,Warm Red & Orange,#a14138
Lofitopía,Chamber of Reflection (Lofi) - Single,2024,1,Pop,https://is1-ssl.mzstatic.com/image/thumb/Music116/v4/ad/7c/73/ad7c7352-8122-d6d0-eae7-4f0edd913464/198009569298.png/100x100bb.jpg,https://is1-ssl.mzstatic.com/image/thumb/Music116/v4/ad/7c/73/ad7c7352-8122-d6d0-eae7-4f0edd913464/198009569298.png/600x600bb.jpg,76.9,22.3,18.2,Warm Red & Orange,#d0bfbc
The Bangles,Greatest Hits,1990,14,Pop,https://is1-ssl.mzstatic.com/image/thumb/Music124/v4/4c/33/3e/4c333e8d-8f6e-c661-531a-f241231074f4/mzi.ircnuisz.jpg/100x100bb.jpg,https://is1-ssl.mzstatic.com/image/thumb/Music124/v4/4c/33/3e/4c333e8d-8f6e-c661-531a-f241231074f4/mzi.ircnuisz.jpg/600x600bb.jpg,36.3,36.7,50.6,Cool Blue,#525d70
Various Artists,Power Pop,2016,18,Pop,https://is1-ssl.mzstatic.com/image/thumb/Music221/v4/eb/82/c4/eb82c4a1-1d2a-1d21-eddf-5216af4811b8/859718250906.jpg/100x100bb.jpg,https://is1-ssl.mzstatic.com/image/thumb/Music221/v4/eb/82/c4/eb82c4a1-1d2a-1d21-eddf-5216af4811b8/859718250906.jpg/600x600bb.jpg,55.5,14.5,55.8,Monochrome / Gray,#8d8d8d
The Click Five,Greetings from Imrie House,2005,11,Pop,https://is1-ssl.mzstatic.com/image/thumb/Music115/v4/47/f4/fc/47f4fc12-d0f5-97ec-0987-597865e1e819/mzi.vuttfxhr.jpg/100x100bb.jpg,https://is1-ssl.mzstatic.com/image/thumb/Music115/v4/47/f4/fc/47f4fc12-d0f5-97ec-0987-597865e1e819/mzi.vuttfxhr.jpg/600x600bb.jpg,23.7,50.1,46.9,Dark & Moody,#303e53
Rooney,Rooney,2003,11,Pop,https://is1-ssl.mzstatic.com/image/thumb/Music124/v4/d4/ed/0f/d4ed0f9e-0824-2dc8-6c3f-a5c73ca52d14/00602577027130.rgb.jpg/100x100bb.jpg,https://is1-ssl.mzstatic.com/image/thumb/Music124/v4/d4/ed/0f/d4ed0f9e-0824-2dc8-6c3f-a5c73ca52d14/00602577027130.rgb.jpg/600x600bb.jpg,62.7,34.0,53.0,Warm Red & Orange,#c19484
The Knack,Get the Knack,1979,12,Pop,https://is1-ssl.mzstatic.com/image/thumb/Music115/v4/d2/8c/a9/d28ca97f-f577-4bee-fb12-716570d076da/05099922669056.rgb.jpg/100x100bb.jpg,https://is1-ssl.mzstatic.com/image/thumb/Music115/v4/d2/8c/a9/d28ca97f-f577-4bee-fb12-716570d076da/05099922669056.rgb.jpg/600x600bb.jpg,40.2,13.2,70.9,Monochrome / Gray,#656667
The Romantics,The Romantics: Super Hits,1980,10,Pop,https://is1-ssl.mzstatic.com/image/thumb/Music/72/3c/41/mzi.ozznwxrz.jpg/100x100bb.jpg,https://is1-ssl.mzstatic.com/image/thumb/Music/72/3c/41/mzi.ozznwxrz.jpg/600x600bb.jpg,31.6,64.3,47.5,Pink & Magenta,#982f3e
West One Music Group,Power Pop,2020,11,Pop,https://is1-ssl.mzstatic.com/image/thumb/Music221/v4/ca/21/c0/ca21c0fc-d71c-bd83-c568-ecd97d2f95b5/5060710261370.png/100x100bb.jpg,https://is1-ssl.mzstatic.com/image/thumb/Music221/v4/ca/21/c0/ca21c0fc-d71c-bd83-c568-ecd97d2f95b5/5060710261370.png/600x600bb.jpg,32.6,79.5,53.6,Pink & Magenta,#932a7d
Fountains Of Wayne,Utopia Parkway,1999,14,Pop,https://is1-ssl.mzstatic.com/image/thumb/Music/67/15/69/mzi.mzhoidsj.jpg/100x100bb.jpg,https://is1-ssl.mzstatic.com/image/thumb/Music/67/15/69/mzi.mzhoidsj.jpg/600x600bb.jpg,54.8,35.6,51.2,Cool Blue,#758faf
The Go-Go's,Beauty and the Beat (30th Anniversary Deluxe Edition) [Remastered],1981,29,Pop,https://is1-ssl.mzstatic.com/image/thumb/Music123/v4/af/58/d2/af58d24e-eee9-1f0c-f8b1-a639b04f4c15/05099902702759.rgb.jpg/100x100bb.jpg,https://is1-ssl.mzstatic.com/image/thumb/Music123/v4/af/58/d2/af58d24e-eee9-1f0c-f8b1-a639b04f4c15/05099902702759.rgb.jpg/600x600bb.jpg,62.5,49.7,41.5,Cool Blue,#78acc2
The Go-Go's,Talk Show,1984,10,Pop,https://is1-ssl.mzstatic.com/image/thumb/Music125/v4/bc/09/b2/bc09b277-dbf2-0e1c-4dd7-18fb2df44b21/00606949038922.rgb.jpg/100x100bb.jpg,https://is1-ssl.mzstatic.com/image/thumb/Music125/v4/bc/09/b2/bc09b277-dbf2-0e1c-4dd7-18fb2df44b21/00606949038922.rgb.jpg/600x600bb.jpg,38.2,47.1,63.5,Warm Red & Orange,#725c4c
Squeeze,Argybargy,1981,11,Pop,https://is1-ssl.mzstatic.com/image/thumb/Music128/v4/26/c8/22/26c822c1-f41e-63fb-9978-3ee0e25ff0ac/00075021323223.rgb.jpg/100x100bb.jpg,https://is1-ssl.mzstatic.com/image/thumb/Music128/v4/26/c8/22/26c822c1-f41e-63fb-9978-3ee0e25ff0ac/00075021323223.rgb.jpg/600x600bb.jpg,42.4,60.5,53.8,Cool Blue,#676a7e
The Bangles,Different Light (Expanded Edition),1986,20,Pop,https://is1-ssl.mzstatic.com/image/thumb/Music125/v4/76/a5/64/76a56416-419e-8359-5e09-0c4210aa79b6/mzi.gimwczeb.jpg/100x100bb.jpg,https://is1-ssl.mzstatic.com/image/thumb/Music125/v4/76/a5/64/76a56416-419e-8359-5e09-0c4210aa79b6/mzi.gimwczeb.jpg/600x600bb.jpg,48.4,27.3,41.8,Warm Red & Orange,#92726d
The Romantics,The Romantics,1980,11,Pop,https://is1-ssl.mzstatic.com/image/thumb/Music115/v4/2a/dc/12/2adc126a-9423-c7b1-c688-08b5b13a1fb7/mzi.wdsyzrlg.jpg/100x100bb.jpg,https://is1-ssl.mzstatic.com/image/thumb/Music115/v4/2a/dc/12/2adc126a-9423-c7b1-c688-08b5b13a1fb7/mzi.wdsyzrlg.jpg/600x600bb.jpg,29.7,54.1,43.6,Pink & Magenta,#7a3640
Emitt Rhodes,The Emitt Rhodes Recordings (1969-1973),2009,48,Pop,https://is1-ssl.mzstatic.com/image/thumb/Music124/v4/f4/10/cf/f410cfe2-417e-2fa7-f470-d14fbc4ee300/00602577184727.rgb.jpg/100x100bb.jpg,https://is1-ssl.mzstatic.com/image/thumb/Music124/v4/f4/10/cf/f410cfe2-417e-2fa7-f470-d14fbc4ee300/00602577184727.rgb.jpg/600x600bb.jpg,46.0,6.1,70.2,Monochrome / Gray,#727675
Power Pat,Power Pop,2001,10,Pop,https://is1-ssl.mzstatic.com/image/thumb/Music221/v4/16/f7/24/16f7248c-8c1d-8301-c4b0-aaf2c9452285/888332986373.jpg/100x100bb.jpg,https://is1-ssl.mzstatic.com/image/thumb/Music221/v4/16/f7/24/16f7248c-8c1d-8301-c4b0-aaf2c9452285/888332986373.jpg/600x600bb.jpg,35.4,32.9,71.9,Pink & Magenta,#5f575c
The Itch,Power Pop,2024,12,Pop,https://is1-ssl.mzstatic.com/image/thumb/Music211/v4/9a/c5/13/9ac513ba-6469-f4a8-9cf9-ec42af4304c8/198500944693.jpg/100x100bb.jpg,https://is1-ssl.mzstatic.com/image/thumb/Music211/v4/9a/c5/13/9ac513ba-6469-f4a8-9cf9-ec42af4304c8/198500944693.jpg/600x600bb.jpg,39.2,26.9,68.7,Warm Red & Orange,#66645d
The Bangles,All Over the Place (Expanded Edition),1984,12,Pop,https://is1-ssl.mzstatic.com/image/thumb/Music/fc/47/31/mzi.nwncjqcr.jpg/100x100bb.jpg,https://is1-ssl.mzstatic.com/image/thumb/Music/fc/47/31/mzi.nwncjqcr.jpg/600x600bb.jpg,47.5,7.9,70.8,Monochrome / Gray,#7b7876
Graham Parker & The Rumour,Squeezing Out Sparks + Live Sparks,1979,22,Pop,https://is1-ssl.mzstatic.com/image/thumb/Music124/v4/a6/6e/df/a66edfe4-c901-47b0-71d2-5927920a674b/mzi.qqnavxex.jpg/100x100bb.jpg,https://is1-ssl.mzstatic.com/image/thumb/Music124/v4/a6/6e/df/a66edfe4-c901-47b0-71d2-5927920a674b/mzi.qqnavxex.jpg/600x600bb.jpg,24.6,35.1,24.7,Dark & Moody,#3f3a52
The La's,The La's (Deluxe Edition),1990,38,Pop,https://is1-ssl.mzstatic.com/image/thumb/Music115/v4/dc/78/68/dc7868a1-cac3-67ff-0b58-baa92e944be1/00600753060216.rgb.jpg/100x100bb.jpg,https://is1-ssl.mzstatic.com/image/thumb/Music115/v4/dc/78/68/dc7868a1-cac3-67ff-0b58-baa92e944be1/00600753060216.rgb.jpg/600x600bb.jpg,56.9,32.6,76.3,Green,#7b9a9a
Material Issue,International Pop Overthrow 20th Anniversary Edition,1991,22,Pop,https://is1-ssl.mzstatic.com/image/thumb/Music128/v4/5f/e7/0e/5fe70e83-e7f4-8302-784d-6c84ffafb0e5/00602527639406.rgb.jpg/100x100bb.jpg,https://is1-ssl.mzstatic.com/image/thumb/Music128/v4/5f/e7/0e/5fe70e83-e7f4-8302-784d-6c84ffafb0e5/00602527639406.rgb.jpg/600x600bb.jpg,75.2,5.6,78.7,Minimalist White,#c2bec0
Various Artists,Power Pop - EP,2024,6,Pop,https://is1-ssl.mzstatic.com/image/thumb/Music221/v4/df/0a/31/df0a313a-21e1-7c91-c9c6-7d9006c5868c/198846572987.jpg/100x100bb.jpg,https://is1-ssl.mzstatic.com/image/thumb/Music221/v4/df/0a/31/df0a313a-21e1-7c91-c9c6-7d9006c5868c/198846572987.jpg/600x600bb.jpg,48.2,55.5,53.6,Pink & Magenta,#a85f8e
McFly,Room On The 3rd Floor,2004,13,Pop,https://is1-ssl.mzstatic.com/image/thumb/Music221/v4/5f/ac/0a/5fac0af7-48fd-c608-a8e2-ce1eb211c461/06UMGIM35398.rgb.jpg/100x100bb.jpg,https://is1-ssl.mzstatic.com/image/thumb/Music221/v4/5f/ac/0a/5fac0af7-48fd-c608-a8e2-ce1eb211c461/06UMGIM35398.rgb.jpg/600x600bb.jpg,51.2,34.7,44.4,Cool Blue,#6f8994
Squeeze,Spot the Difference,2010,14,Pop,https://is1-ssl.mzstatic.com/image/thumb/Music221/v4/05/bd/5b/05bd5bb1-accc-9604-cfd7-d01819446f52/4099964203714.jpg/100x100bb.jpg,https://is1-ssl.mzstatic.com/image/thumb/Music221/v4/05/bd/5b/05bd5bb1-accc-9604-cfd7-d01819446f52/4099964203714.jpg/600x600bb.jpg,31.4,17.1,76.1,Monochrome / Gray,#5d4b44
Cheap Trick,Next Position Please (The Authorized Version),1983,16,Pop,https://is1-ssl.mzstatic.com/image/thumb/Music7/v4/2d/90/f4/2d90f429-03c8-350a-43d5-11612d1b384e/dj.itluxncw.jpg/100x100bb.jpg,https://is1-ssl.mzstatic.com/image/thumb/Music7/v4/2d/90/f4/2d90f429-03c8-350a-43d5-11612d1b384e/dj.itluxncw.jpg/600x600bb.jpg,57.8,15.7,70.8,Monochrome / Gray,#99918f
The Primitives,Lovely,1988,15,Pop,https://is1-ssl.mzstatic.com/image/thumb/Music/ac/74/28/mzi.ltxvfnfv.jpg/100x100bb.jpg,https://is1-ssl.mzstatic.com/image/thumb/Music/ac/74/28/mzi.ltxvfnfv.jpg/600x600bb.jpg,40.1,31.4,64.6,Pink & Magenta,#775c6b
Material Issue,Freak City Soundtrack,1994,11,Pop,https://is1-ssl.mzstatic.com/image/thumb/Music128/v4/f8/1d/82/f81d8205-3d5d-1bee-f7a5-6531ceeb322c/00731451889424.rgb.jpg/100x100bb.jpg,https://is1-ssl.mzstatic.com/image/thumb/Music128/v4/f8/1d/82/f81d8205-3d5d-1bee-f7a5-6531ceeb322c/00731451889424.rgb.jpg/600x600bb.jpg,44.6,36.3,45.5,Pink & Magenta,#796c77
The Rezillos,Can't Stand the Rezillos - The (Almost) Complete Rezillos,1993,28,Pop,https://is1-ssl.mzstatic.com/image/thumb/Music115/v4/a3/d8/e8/a3d8e8ac-8abc-6dfe-99fe-8ca3daee8095/mzi.jytewdyj.jpg/100x100bb.jpg,https://is1-ssl.mzstatic.com/image/thumb/Music115/v4/a3/d8/e8/a3d8e8ac-8abc-6dfe-99fe-8ca3daee8095/mzi.jytewdyj.jpg/600x600bb.jpg,56.5,40.2,38.9,Warm Red & Orange,#a98a68
The Only Ones,Special View,1979,12,Pop,https://is1-ssl.mzstatic.com/image/thumb/Music124/v4/f9/c3/da/f9c3da62-dc10-91a5-5843-09119ed44966/mzi.dnlhuvuw.jpg/100x100bb.jpg,https://is1-ssl.mzstatic.com/image/thumb/Music124/v4/f9/c3/da/f9c3da62-dc10-91a5-5843-09119ed44966/mzi.dnlhuvuw.jpg/600x600bb.jpg,73.6,9.3,74.8,Monochrome / Gray,#c1b9b8
Telegrama,Power Pop !,2005,14,Pop,https://is1-ssl.mzstatic.com/image/thumb/Music122/v4/2b/5b/44/2b5b44d0-8d07-e206-4dec-a8d2336374a9/8435015507077.jpg/100x100bb.jpg,https://is1-ssl.mzstatic.com/image/thumb/Music122/v4/2b/5b/44/2b5b44d0-8d07-e206-4dec-a8d2336374a9/8435015507077.jpg/600x600bb.jpg,35.6,17.1,67.7,Monochrome / Gray,#5b5a5d
Let's Active,Every Word Means No - Single,1983,1,Pop,https://is1-ssl.mzstatic.com/image/thumb/Music4/v4/08/bd/ba/08bdba70-f80c-6ccb-643a-106dd66afbe2/05099969628351.jpg/100x100bb.jpg,https://is1-ssl.mzstatic.com/image/thumb/Music4/v4/08/bd/ba/08bdba70-f80c-6ccb-643a-106dd66afbe2/05099969628351.jpg/600x600bb.jpg,24.7,67.0,54.1,Dark & Moody,#662e2f
Isak Danielson,Power - Single,2019,1,Pop,https://is1-ssl.mzstatic.com/image/thumb/Music114/v4/d1/0f/3c/d10f3c87-e8d2-4f5f-2f8f-68282edb5567/195497978410.jpg/100x100bb.jpg,https://is1-ssl.mzstatic.com/image/thumb/Music114/v4/d1/0f/3c/d10f3c87-e8d2-4f5f-2f8f-68282edb5567/195497978410.jpg/600x600bb.jpg,4.4,5.3,12.8,Dark & Moody,#0b0b0b
Material Issue,Destination Universe,1992,13,Pop,https://is1-ssl.mzstatic.com/image/thumb/Music118/v4/0a/6c/6c/0a6c6cd1-e049-81b6-d282-812be9d66cf6/00731451233326.rgb.jpg/100x100bb.jpg,https://is1-ssl.mzstatic.com/image/thumb/Music118/v4/0a/6c/6c/0a6c6cd1-e049-81b6-d282-812be9d66cf6/00731451233326.rgb.jpg/600x600bb.jpg,57.1,82.0,41.7,Warm Red & Orange,#da8122
Jason Falkner,Presents Author Unknown,1996,12,Pop,https://is1-ssl.mzstatic.com/image/thumb/Music124/v4/97/60/2b/97602bea-d41a-5398-5d3e-d64f6a28fa6c/mzi.chdyrqhl.jpg/100x100bb.jpg,https://is1-ssl.mzstatic.com/image/thumb/Music124/v4/97/60/2b/97602bea-d41a-5398-5d3e-d64f6a28fa6c/mzi.chdyrqhl.jpg/600x600bb.jpg,58.7,33.4,68.9,Warm Red & Orange,#a49377
Utopia,Deface the Music,1980,13,Pop,https://is1-ssl.mzstatic.com/image/thumb/Music113/v4/2a/c0/8c/2ac08c4e-2322-f786-87dc-6bba07d42200/603497850945.jpg/100x100bb.jpg,https://is1-ssl.mzstatic.com/image/thumb/Music113/v4/2a/c0/8c/2ac08c4e-2322-f786-87dc-6bba07d42200/603497850945.jpg/600x600bb.jpg,24.1,13.3,28.5,Dark & Moody,#413c38
NRBQ,At Yankee Stadium,1978,12,Pop,https://is1-ssl.mzstatic.com/image/thumb/Music124/v4/08/9d/d6/089dd67e-d1fa-36f7-bbeb-db73e9b31847/00042282446206.rgb.jpg/100x100bb.jpg,https://is1-ssl.mzstatic.com/image/thumb/Music124/v4/08/9d/d6/089dd67e-d1fa-36f7-bbeb-db73e9b31847/00042282446206.rgb.jpg/600x600bb.jpg,43.3,32.0,68.1,Green,#6a716c
The Go-Go's,Beauty and the Beat,1981,11,Pop,https://is1-ssl.mzstatic.com/image/thumb/Music112/v4/10/24/fc/1024fcc2-7cbe-fcee-90ce-f906292f9832/06UMGIM00679.rgb.jpg/100x100bb.jpg,https://is1-ssl.mzstatic.com/image/thumb/Music112/v4/10/24/fc/1024fcc2-7cbe-fcee-90ce-f906292f9832/06UMGIM00679.rgb.jpg/600x600bb.jpg,84.1,15.6,22.5,Minimalist White,#dad5cf
20/20,20/20,1979,12,Pop,https://is1-ssl.mzstatic.com/image/thumb/Music4/v4/59/0c/8b/590c8bc6-5654-caba-059b-84a7dbb68b21/886444356251.jpg/100x100bb.jpg,https://is1-ssl.mzstatic.com/image/thumb/Music4/v4/59/0c/8b/590c8bc6-5654-caba-059b-84a7dbb68b21/886444356251.jpg/600x600bb.jpg,42.5,18.1,59.5,Green,#6a6e66
G-DRAGON,POWER - Single,2024,1,Pop,https://is1-ssl.mzstatic.com/image/thumb/Music221/v4/36/fa/03/36fa0306-b040-b01b-36d3-181256366615/197342805353_cover.jpg/100x100bb.jpg,https://is1-ssl.mzstatic.com/image/thumb/Music221/v4/36/fa/03/36fa0306-b040-b01b-36d3-181256366615/197342805353_cover.jpg/600x600bb.jpg,66.2,65.9,84.6,Warm Red & Orange,#bbb04d
Raspberries,Side 3,1973,9,Pop,https://is1-ssl.mzstatic.com/image/thumb/Music6/v4/7e/c7/72/7ec772d3-1a02-4f2c-1f37-9a64c9e64218/05099922924452.jpg/100x100bb.jpg,https://is1-ssl.mzstatic.com/image/thumb/Music6/v4/7e/c7/72/7ec772d3-1a02-4f2c-1f37-9a64c9e64218/05099922924452.jpg/600x600bb.jpg,59.2,43.7,60.4,Pink & Magenta,#cd7e84
The Go-Go's,Greatest,1990,14,Pop,https://is1-ssl.mzstatic.com/image/thumb/Music112/v4/4f/5b/17/4f5b172a-0308-c593-e663-af6af0b25f8e/16UMGIM19450.rgb.jpg/100x100bb.jpg,https://is1-ssl.mzstatic.com/image/thumb/Music112/v4/4f/5b/17/4f5b172a-0308-c593-e663-af6af0b25f8e/16UMGIM19450.rgb.jpg/600x600bb.jpg,48.7,32.2,79.2,Warm Red & Orange,#89786d
Little Mix,Power (feat. Stormzy) - Single,2017,1,Pop,https://is1-ssl.mzstatic.com/image/thumb/Music117/v4/6f/13/d5/6f13d554-0ab5-546d-9620-758c64d86bb1/886446524863.jpg/100x100bb.jpg,https://is1-ssl.mzstatic.com/image/thumb/Music117/v4/6f/13/d5/6f13d554-0ab5-546d-9620-758c64d86bb1/886446524863.jpg/600x600bb.jpg,58.7,39.8,47.7,Warm Red & Orange,#a99565
Shoes,SHOES Best,1987,22,Pop,https://is1-ssl.mzstatic.com/image/thumb/Music/y2005/m05/d07/h20/s05.pivfgdqi.tif/100x100bb.jpg,https://is1-ssl.mzstatic.com/image/thumb/Music/y2005/m05/d07/h20/s05.pivfgdqi.tif/600x600bb.jpg,39.7,10.9,68.7,Monochrome / Gray,#62656a
Velvet Crush,Teenage Symphonies to God,1994,12,Pop,https://is1-ssl.mzstatic.com/image/thumb/Music/62/25/ec/mzi.hbwgosxk.jpg/100x100bb.jpg,https://is1-ssl.mzstatic.com/image/thumb/Music/62/25/ec/mzi.hbwgosxk.jpg/600x600bb.jpg,73.9,12.9,70.7,Monochrome / Gray,#bebcb9
Shoes,Present Tense,1979,12,Pop,https://is1-ssl.mzstatic.com/image/thumb/Music124/v4/f7/dd/6c/f7dd6c94-4bb4-1006-b847-0c873a286925/5059460028234.jpg/100x100bb.jpg,https://is1-ssl.mzstatic.com/image/thumb/Music124/v4/f7/dd/6c/f7dd6c94-4bb4-1006-b847-0c873a286925/5059460028234.jpg/600x600bb.jpg,42.5,12.7,45.6,Monochrome / Gray,#6f6b68
Katrina and the Waves,Anthology,1995,14,Pop,https://is1-ssl.mzstatic.com/image/thumb/Music124/v4/f6/b6/37/f6b6378c-9b34-72fb-9abe-4a6d6042ad53/13ULAIM49571.rgb.jpg/100x100bb.jpg,https://is1-ssl.mzstatic.com/image/thumb/Music124/v4/f6/b6/37/f6b6378c-9b34-72fb-9abe-4a6d6042ad53/13ULAIM49571.rgb.jpg/600x600bb.jpg,54.8,24.7,70.2,Cool Blue,#8b8b8c
Phil Seymour,Archive Series Volume 1,2012,22,Pop,https://is1-ssl.mzstatic.com/image/thumb/Music/cb/33/46/mzi.jvulqzuv.jpg/100x100bb.jpg,https://is1-ssl.mzstatic.com/image/thumb/Music/cb/33/46/mzi.jvulqzuv.jpg/600x600bb.jpg,23.6,39.1,18.6,Dark & Moody,#423453
Tommy Keene,Based On Happy Times,1989,13,Pop,https://is1-ssl.mzstatic.com/image/thumb/Music118/v4/5d/77/75/5d777578-3a67-d0ad-2fe7-ed29fc491f99/00720642422120.rgb.jpg/100x100bb.jpg,https://is1-ssl.mzstatic.com/image/thumb/Music118/v4/5d/77/75/5d777578-3a67-d0ad-2fe7-ed29fc491f99/00720642422120.rgb.jpg/600x600bb.jpg,28.3,48.2,50.9,Warm Red & Orange,#6e3932
Shoes,Black Vinyl Shoes,1977,15,Pop,https://is1-ssl.mzstatic.com/image/thumb/Music124/v4/84/b8/8a/84b88ac4-007c-f0bf-e8cb-16c129283b78/s05.rpztmnrw.tif/100x100bb.jpg,https://is1-ssl.mzstatic.com/image/thumb/Music124/v4/84/b8/8a/84b88ac4-007c-f0bf-e8cb-16c129283b78/s05.rpztmnrw.tif/600x600bb.jpg,75.5,2.3,26.2,Minimalist White,#c1bfc3
Joe Jackson,Steppin' Out: The Very Best of Joe Jackson,1990,15,Pop,https://is1-ssl.mzstatic.com/image/thumb/Music115/v4/c1/ba/76/c1ba76b6-2c6b-26a7-8392-fdaac3b2f8f4/00602567778677.rgb.jpg/100x100bb.jpg,https://is1-ssl.mzstatic.com/image/thumb/Music115/v4/c1/ba/76/c1ba76b6-2c6b-26a7-8392-fdaac3b2f8f4/00602567778677.rgb.jpg/600x600bb.jpg,53.7,10.8,87.8,Monochrome / Gray,#8d8783
Boz Scaggs,Hits!,1980,15,Pop,https://is1-ssl.mzstatic.com/image/thumb/Features124/v4/b2/3b/7d/b23b7d36-c61d-d207-a3bd-670466ed9dd1/dj.fcmnjull.jpg/100x100bb.jpg,https://is1-ssl.mzstatic.com/image/thumb/Features124/v4/b2/3b/7d/b23b7d36-c61d-d207-a3bd-670466ed9dd1/dj.fcmnjull.jpg/600x600bb.jpg,22.7,37.5,33.3,Dark & Moody,#48342c
Sam Smith & Kim Petras,Unholy - Single,2022,1,Pop,https://is1-ssl.mzstatic.com/image/thumb/Music112/v4/a4/0c/bd/a40cbd9d-bb38-8164-cd30-e107c8c7bb0e/22UMGIM83430.rgb.jpg/100x100bb.jpg,https://is1-ssl.mzstatic.com/image/thumb/Music112/v4/a4/0c/bd/a40cbd9d-bb38-8164-cd30-e107c8c7bb0e/22UMGIM83430.rgb.jpg/600x600bb.jpg,24.8,8.4,62.0,Dark & Moody,#403e3c
Various Artists,Nhạc Việt Top Hits 3 - EP,2019,6,Pop,https://is1-ssl.mzstatic.com/image/thumb/Music221/v4/c2/70/a1/c270a148-4187-2a06-3b4e-95b3eb756d3d/cover.jpg/100x100bb.jpg,https://is1-ssl.mzstatic.com/image/thumb/Music221/v4/c2/70/a1/c270a148-4187-2a06-3b4e-95b3eb756d3d/cover.jpg/600x600bb.jpg,48.7,83.3,39.2,Warm Red & Orange,#ce622a
RAYE,WHERE IS MY HUSBAND! - Single,2025,1,Pop,https://is1-ssl.mzstatic.com/image/thumb/Music211/v4/69/10/8a/69108a18-55ec-d774-a653-90b2242733db/199538765458.jpg/100x100bb.jpg,https://is1-ssl.mzstatic.com/image/thumb/Music211/v4/69/10/8a/69108a18-55ec-d774-a653-90b2242733db/199538765458.jpg/600x600bb.jpg,48.3,34.9,85.1,Warm Red & Orange,#867674
SIENNA SPIRO,Die On This Hill - Single,2025,1,Pop,https://is1-ssl.mzstatic.com/image/thumb/Music221/v4/f0/53/d1/f053d15c-e4b0-7577-dc4d-2ab7d192e1b9/25UM1IM42518.rgb.jpg/100x100bb.jpg,https://is1-ssl.mzstatic.com/image/thumb/Music221/v4/f0/53/d1/f053d15c-e4b0-7577-dc4d-2ab7d192e1b9/25UM1IM42518.rgb.jpg/600x600bb.jpg,62.2,48.6,37.4,Warm Red & Orange,#d68c68
Ed Sheeran,Afterglow - Single,2020,1,Pop,https://is1-ssl.mzstatic.com/image/thumb/Music125/v4/c7/de/9d/c7de9dd4-a44c-59a6-0c5f-ac5aba2daf9a/190295046828.jpg/100x100bb.jpg,https://is1-ssl.mzstatic.com/image/thumb/Music125/v4/c7/de/9d/c7de9dd4-a44c-59a6-0c5f-ac5aba2daf9a/190295046828.jpg/600x600bb.jpg,55.1,24.3,46.3,Warm Red & Orange,#9d867c
Sia,This Is Acting (Deluxe Version),2016,19,Pop,https://is1-ssl.mzstatic.com/image/thumb/Music115/v4/8b/81/ba/8b81ba55-0a7f-a0e5-6593-d44f1565cdd1/886446097428.jpg/100x100bb.jpg,https://is1-ssl.mzstatic.com/image/thumb/Music115/v4/8b/81/ba/8b81ba55-0a7f-a0e5-6593-d44f1565cdd1/886446097428.jpg/600x600bb.jpg,44.0,19.6,56.3,Warm Red & Orange,#7a6d61
The Kid LAROI,LOVE AGAIN - Single,2023,1,Pop,https://is1-ssl.mzstatic.com/image/thumb/Music123/v4/2d/8a/18/2d8a18a3-348d-92f3-20e2-e1a0f8307d5a/196589795168.jpg/100x100bb.jpg,https://is1-ssl.mzstatic.com/image/thumb/Music123/v4/2d/8a/18/2d8a18a3-348d-92f3-20e2-e1a0f8307d5a/196589795168.jpg/600x600bb.jpg,63.4,19.0,37.6,Cool Blue,#9fa1a5
Various Artists,80's Pop Hits,2001,40,Pop,https://is1-ssl.mzstatic.com/image/thumb/Music115/v4/c9/c0/d1/c9c0d17d-389f-50ad-0475-8ef1e70f217a/mzi.nuojehpg.jpg/100x100bb.jpg,https://is1-ssl.mzstatic.com/image/thumb/Music115/v4/c9/c0/d1/c9c0d17d-389f-50ad-0475-8ef1e70f217a/mzi.nuojehpg.jpg/600x600bb.jpg,32.4,46.5,48.9,Cool Blue,#554e60
P!nk,"Just Like Fire (From ""Alice Through the Looking Glass"") - Single",2016,1,Pop,https://is1-ssl.mzstatic.com/image/thumb/Music125/v4/75/fa/96/75fa96de-a780-4cc2-f9ee-ad1c88e3f742/886445831344.jpg/100x100bb.jpg,https://is1-ssl.mzstatic.com/image/thumb/Music125/v4/75/fa/96/75fa96de-a780-4cc2-f9ee-ad1c88e3f742/886445831344.jpg/600x600bb.jpg,35.3,38.0,61.9,Warm Red & Orange,#6a563f
Dua Lipa,Houdini - Single,2023,1,Pop,https://is1-ssl.mzstatic.com/image/thumb/Music116/v4/dd/af/ea/ddafeab5-797a-5b6f-7735-f96c537b45e0/5054197894091.jpg/100x100bb.jpg,https://is1-ssl.mzstatic.com/image/thumb/Music116/v4/dd/af/ea/ddafeab5-797a-5b6f-7735-f96c537b45e0/5054197894091.jpg/600x600bb.jpg,53.8,39.7,59.8,Warm Red & Orange,#a5806b
Mariah Carey,Greatest Hits,2001,28,Pop,https://is1-ssl.mzstatic.com/image/thumb/Music115/v4/cf/f5/19/cff5191f-a668-2c7f-f73a-fe51f519b577/dj.yrzoirxd.jpg/100x100bb.jpg,https://is1-ssl.mzstatic.com/image/thumb/Music115/v4/cf/f5/19/cff5191f-a668-2c7f-f73a-fe51f519b577/dj.yrzoirxd.jpg/600x600bb.jpg,78.9,27.5,51.9,Warm Red & Orange,#dfc3ab
PinkPantheress,Break It Off - Single,2021,1,Pop,https://is1-ssl.mzstatic.com/image/thumb/Music115/v4/20/2c/89/202c8910-4fcc-de53-5ddc-e11c1b99998a/190296648663.jpg/100x100bb.jpg,https://is1-ssl.mzstatic.com/image/thumb/Music115/v4/20/2c/89/202c8910-4fcc-de53-5ddc-e11c1b99998a/190296648663.jpg/600x600bb.jpg,27.2,20.8,48.4,Warm Red & Orange,#4c423f
Will Smith,Greatest Hits,2002,15,Pop,https://is1-ssl.mzstatic.com/image/thumb/Music125/v4/83/86/2b/83862bab-beb9-5736-509e-74eb6f261e83/dj.qtjkodwa.jpg/100x100bb.jpg,https://is1-ssl.mzstatic.com/image/thumb/Music125/v4/83/86/2b/83862bab-beb9-5736-509e-74eb6f261e83/dj.qtjkodwa.jpg/600x600bb.jpg,35.6,54.3,62.5,Warm Red & Orange,#725341
Mimi Webb,Dumb Love - Single,2021,1,Pop,https://is1-ssl.mzstatic.com/image/thumb/Music115/v4/91/32/f4/9132f407-b635-92b3-675d-6e2f24181d44/886449086894.jpg/100x100bb.jpg,https://is1-ssl.mzstatic.com/image/thumb/Music115/v4/91/32/f4/9132f407-b635-92b3-675d-6e2f24181d44/886449086894.jpg/600x600bb.jpg,29.2,30.8,54.5,Warm Red & Orange,#5e423e
Ed Sheeran,- (Deluxe),2023,19,Pop,https://is1-ssl.mzstatic.com/image/thumb/Music126/v4/c2/4c/36/c24c3631-08b8-b576-345a-259b395f8dbd/5054197591464.jpg/100x100bb.jpg,https://is1-ssl.mzstatic.com/image/thumb/Music126/v4/c2/4c/36/c24c3631-08b8-b576-345a-259b395f8dbd/5054197591464.jpg/600x600bb.jpg,76.5,86.9,12.0,Warm Red & Orange,#eacf1d
Sam Smith,To Die For - Single,2020,1,Pop,https://is1-ssl.mzstatic.com/image/thumb/Music125/v4/c6/70/fb/c670fb3e-3df2-8d12-ad1f-50c110a44c08/19UM1IM08168.rgb.jpg/100x100bb.jpg,https://is1-ssl.mzstatic.com/image/thumb/Music125/v4/c6/70/fb/c670fb3e-3df2-8d12-ad1f-50c110a44c08/19UM1IM08168.rgb.jpg/600x600bb.jpg,43.7,32.7,71.6,Pink & Magenta,#82666c
Queen,Greatest Hits,1981,17,Pop,https://is1-ssl.mzstatic.com/image/thumb/Music211/v4/b0/ca/05/b0ca05aa-29c9-4e01-5a16-f6fa06bce05c/602527594347.jpg/100x100bb.jpg,https://is1-ssl.mzstatic.com/image/thumb/Music211/v4/b0/ca/05/b0ca05aa-29c9-4e01-5a16-f6fa06bce05c/602527594347.jpg/600x600bb.jpg,18.0,21.9,33.9,Dark & Moody,#322c28
Tyla,TYLA +,2024,17,Pop,https://is1-ssl.mzstatic.com/image/thumb/Music221/v4/2a/cc/48/2acc48c7-e092-6b83-ce65-ff80ac6eb51c/196872520118.jpg/100x100bb.jpg,https://is1-ssl.mzstatic.com/image/thumb/Music221/v4/2a/cc/48/2acc48c7-e092-6b83-ce65-ff80ac6eb51c/196872520118.jpg/600x600bb.jpg,30.9,44.5,28.4,Green,#45563f
Pentatonix,"PTX Presents: Top Pop, Vol. I",2018,11,Pop,https://is1-ssl.mzstatic.com/image/thumb/Music114/v4/9d/33/af/9d33af44-4a2c-2956-f9a0-94158baf9240/886446967967.jpg/100x100bb.jpg,https://is1-ssl.mzstatic.com/image/thumb/Music114/v4/9d/33/af/9d33af44-4a2c-2956-f9a0-94158baf9240/886446967967.jpg/600x600bb.jpg,78.1,20.2,57.2,Warm Red & Orange,#d1c5b4
Various Artists,Top Pop,2017,25,Pop,https://is1-ssl.mzstatic.com/image/thumb/Music122/v4/8d/2c/38/8d2c3853-304e-ed87-5313-9bb2d161fc8f/084247962567.jpg/100x100bb.jpg,https://is1-ssl.mzstatic.com/image/thumb/Music122/v4/8d/2c/38/8d2c3853-304e-ed87-5313-9bb2d161fc8f/084247962567.jpg/600x600bb.jpg,40.2,57.5,85.0,Pink & Magenta,#736063
Various Artists,Chill Pop Top 20,2026,20,Pop,https://is1-ssl.mzstatic.com/image/thumb/Music211/v4/b7/d0/c0/b7d0c0b9-3e5a-468a-2c08-1545da3b6720/5064009100432.jpg/100x100bb.jpg,https://is1-ssl.mzstatic.com/image/thumb/Music211/v4/b7/d0/c0/b7d0c0b9-3e5a-468a-2c08-1545da3b6720/5064009100432.jpg/600x600bb.jpg,48.7,58.8,52.9,Warm Red & Orange,#a26f58
Jane & The Boy,TOP POP - EP,2025,4,Pop,https://is1-ssl.mzstatic.com/image/thumb/Music211/v4/72/e5/67/72e5675e-601e-90f6-dc5f-cb51a6aaaa25/72bae679-22aa-4d49-a692-53864ea1c8b2.jpg/100x100bb.jpg,https://is1-ssl.mzstatic.com/image/thumb/Music211/v4/72/e5/67/72e5675e-601e-90f6-dc5f-cb51a6aaaa25/72bae679-22aa-4d49-a692-53864ea1c8b2.jpg/600x600bb.jpg,37.9,58.5,37.2,Cool Blue,#675a6d
Stray Kids,TOP - Single,2020,2,Pop,https://is1-ssl.mzstatic.com/image/thumb/Music126/v4/70/74/e7/7074e7b8-030a-b417-331f-531809f363f7/738676857542_Cover.jpg/100x100bb.jpg,https://is1-ssl.mzstatic.com/image/thumb/Music126/v4/70/74/e7/7074e7b8-030a-b417-331f-531809f363f7/738676857542_Cover.jpg/600x600bb.jpg,26.0,41.2,44.0,Cool Blue,#423f51
Stray Kids,TOP (English Version) - Single,2020,2,Pop,https://is1-ssl.mzstatic.com/image/thumb/Music116/v4/de/f5/1d/def51dc3-5bbc-120a-82c2-a8a4cca56fdb/738676857559_Cover.jpg/100x100bb.jpg,https://is1-ssl.mzstatic.com/image/thumb/Music116/v4/de/f5/1d/def51dc3-5bbc-120a-82c2-a8a4cca56fdb/738676857559_Cover.jpg/600x600bb.jpg,24.2,43.4,46.2,Dark & Moody,#363c54
Shayne Orok,TOP (Tower of God: Kami No Tou) [Japanese Ver.] - Single,2020,1,Pop,https://is1-ssl.mzstatic.com/image/thumb/Music113/v4/b0/1a/6d/b01a6d5e-64c1-5d7a-1117-a86c68e9d8e8/artwork.jpg/100x100bb.jpg,https://is1-ssl.mzstatic.com/image/thumb/Music113/v4/b0/1a/6d/b01a6d5e-64c1-5d7a-1117-a86c68e9d8e8/artwork.jpg/600x600bb.jpg,29.0,25.9,88.0,Cool Blue,#484952
Zeus Ryder,Top Pop,2021,28,Pop,https://is1-ssl.mzstatic.com/image/thumb/Music221/v4/73/fa/b7/73fab780-c59c-06f5-632a-45a156779c2d/888301.jpg/100x100bb.jpg,https://is1-ssl.mzstatic.com/image/thumb/Music221/v4/73/fa/b7/73fab780-c59c-06f5-632a-45a156779c2d/888301.jpg/600x600bb.jpg,21.5,89.0,45.2,Dark & Moody,#6a2313
Various Artists,Top Pop in 2020,2020,10,Pop,https://is1-ssl.mzstatic.com/image/thumb/Music114/v4/ce/ff/ea/ceffea13-2659-df38-a499-772835bc26f4/20UMGIM65280.rgb.jpg/100x100bb.jpg,https://is1-ssl.mzstatic.com/image/thumb/Music114/v4/ce/ff/ea/ceffea13-2659-df38-a499-772835bc26f4/20UMGIM65280.rgb.jpg/600x600bb.jpg,33.1,55.0,52.8,Cool Blue,#5f4874
Chartoppers,Top Pop Hits Of 1965,2014,23,Pop,https://is1-ssl.mzstatic.com/image/thumb/Music124/v4/d9/ed/64/d9ed64ba-f566-8f33-a6e1-1dd5a3b64e1b/849988054977.jpg/100x100bb.jpg,https://is1-ssl.mzstatic.com/image/thumb/Music124/v4/d9/ed/64/d9ed64ba-f566-8f33-a6e1-1dd5a3b64e1b/849988054977.jpg/600x600bb.jpg,80.5,45.4,43.4,Warm Red & Orange,#e5d17c
Stray Kids,TOP -Japanese ver.- - EP,2020,4,Pop,https://is1-ssl.mzstatic.com/image/thumb/Music124/v4/fb/03/4a/fb034a8b-e6f7-acfc-8666-a05316a28423/jacket_ESCL05435B00Z_550.jpg/100x100bb.jpg,https://is1-ssl.mzstatic.com/image/thumb/Music124/v4/fb/03/4a/fb034a8b-e6f7-acfc-8666-a05316a28423/jacket_ESCL05435B00Z_550.jpg/600x600bb.jpg,28.4,51.3,48.2,Cool Blue,#3c486a
Crown Records Studio Group,Top Pop Hits,2006,11,Pop,https://is1-ssl.mzstatic.com/image/thumb/Music/2f/c2/ae/mzi.mfwgdwph.jpg/100x100bb.jpg,https://is1-ssl.mzstatic.com/image/thumb/Music/2f/c2/ae/mzi.mfwgdwph.jpg/600x600bb.jpg,21.5,19.4,29.8,Dark & Moody,#31383b
Chartoppers,Top Pop Hits Of 1966,2014,16,Pop,https://is1-ssl.mzstatic.com/image/thumb/Music2/v4/86/7c/9c/867c9c10-9f5f-4baa-c280-acac9c67f29f/849988054984.jpg/100x100bb.jpg,https://is1-ssl.mzstatic.com/image/thumb/Music2/v4/86/7c/9c/867c9c10-9f5f-4baa-c280-acac9c67f29f/849988054984.jpg/600x600bb.jpg,74.3,45.1,45.9,Warm Red & Orange,#e8b37d
Vinyl Sounds,Top Pop,2025,20,Pop,https://is1-ssl.mzstatic.com/image/thumb/Music221/v4/1d/11/64/1d116457-55f5-798c-00e5-dfdb98cd714a/4680961545138.jpg/100x100bb.jpg,https://is1-ssl.mzstatic.com/image/thumb/Music221/v4/1d/11/64/1d116457-55f5-798c-00e5-dfdb98cd714a/4680961545138.jpg/600x600bb.jpg,18.7,51.2,46.5,Dark & Moody,#3d2b23
Chartoppers,Top Pop Hits Of 1960 & 1961,2014,22,Pop,https://is1-ssl.mzstatic.com/image/thumb/Music/v4/a3/4b/07/a34b07a3-ff0d-0f84-68f5-f03336be0dc9/849988054946.jpg/100x100bb.jpg,https://is1-ssl.mzstatic.com/image/thumb/Music/v4/a3/4b/07/a34b07a3-ff0d-0f84-68f5-f03336be0dc9/849988054946.jpg/600x600bb.jpg,74.0,48.1,47.8,Cool Blue,#75dadf
BINI,TOP - Single,2019,1,Pop,https://is1-ssl.mzstatic.com/image/thumb/Music221/v4/f1/e6/f4/f1e6f4c8-fa46-0388-d440-cab4529d76be/199066764558.jpg/100x100bb.jpg,https://is1-ssl.mzstatic.com/image/thumb/Music221/v4/f1/e6/f4/f1e6f4c8-fa46-0388-d440-cab4529d76be/199066764558.jpg/600x600bb.jpg,68.9,46.2,42.9,Green,#94bbb9
Various Artists,British Pop Top Hits Vol. 1,2014,17,Pop,https://is1-ssl.mzstatic.com/image/thumb/Music3/v4/d8/94/37/d894377d-1004-a998-e0d1-8580268c4669/cover.jpg/100x100bb.jpg,https://is1-ssl.mzstatic.com/image/thumb/Music3/v4/d8/94/37/d894377d-1004-a998-e0d1-8580268c4669/cover.jpg/600x600bb.jpg,22.8,31.9,73.1,Dark & Moody,#453439
Benson Boone,Beautiful Things - Single,2024,1,Pop,https://is1-ssl.mzstatic.com/image/thumb/Music116/v4/54/f4/92/54f49210-e260-b519-ebbd-f4f40ee710cd/054391342751.jpg/100x100bb.jpg,https://is1-ssl.mzstatic.com/image/thumb/Music116/v4/54/f4/92/54f49210-e260-b519-ebbd-f4f40ee710cd/054391342751.jpg/600x600bb.jpg,24.5,2.3,54.1,Dark & Moody,#3f3e3d
The Jagged Edges,Top Pop Hits,2019,10,Pop,https://is1-ssl.mzstatic.com/image/thumb/Music114/v4/f5/50/a8/f550a846-9fd0-8204-c4f8-b0ebcea7842b/013178222198_cover.jpg/100x100bb.jpg,https://is1-ssl.mzstatic.com/image/thumb/Music114/v4/f5/50/a8/f550a846-9fd0-8204-c4f8-b0ebcea7842b/013178222198_cover.jpg/600x600bb.jpg,32.4,45.3,68.4,Warm Red & Orange,#6e4646
Alex Warren,Ordinary - Single,2025,1,Pop,https://is1-ssl.mzstatic.com/image/thumb/Music211/v4/46/78/fb/4678fb84-d19e-f11b-93ff-4dc17660bff8/075679619075.jpg/100x100bb.jpg,https://is1-ssl.mzstatic.com/image/thumb/Music211/v4/46/78/fb/4678fb84-d19e-f11b-93ff-4dc17660bff8/075679619075.jpg/600x600bb.jpg,32.5,31.8,78.1,Warm Red & Orange,#634d40
Various Artists,Light Pop Top 50 Tracks 2023 Part 1,2023,26,Pop,https://is1-ssl.mzstatic.com/image/thumb/Music126/v4/17/a3/a1/17a3a1c4-70d3-a414-5adf-56bac2d4139b/5063287103852.jpg/100x100bb.jpg,https://is1-ssl.mzstatic.com/image/thumb/Music126/v4/17/a3/a1/17a3a1c4-70d3-a414-5adf-56bac2d4139b/5063287103852.jpg/600x600bb.jpg,29.2,26.0,44.3,Warm Red & Orange,#564641
Carrie Underwood,Some Hearts,2005,14,Pop,https://is1-ssl.mzstatic.com/image/thumb/Music114/v4/e7/14/80/e714805d-8aff-9e66-b25f-c75e5683a130/mzi.omppwbeg.jpg/100x100bb.jpg,https://is1-ssl.mzstatic.com/image/thumb/Music114/v4/e7/14/80/e714805d-8aff-9e66-b25f-c75e5683a130/mzi.omppwbeg.jpg/600x600bb.jpg,64.5,32.0,38.5,Warm Red & Orange,#bc9f80
Toosii & YoungBoy Never Broke Again,Please Don't Go - Single,2025,1,Pop,https://is1-ssl.mzstatic.com/image/thumb/Music211/v4/88/ea/85/88ea8571-b1c4-2df6-be53-f8af657582c4/25UM1IM36799.rgb.jpg/100x100bb.jpg,https://is1-ssl.mzstatic.com/image/thumb/Music211/v4/88/ea/85/88ea8571-b1c4-2df6-be53-f8af657582c4/25UM1IM36799.rgb.jpg/600x600bb.jpg,4.7,8.1,33.4,Dark & Moody,#0b0c0b
Chappell Roan,Pink Pony Club - Single,2022,1,Pop,https://is1-ssl.mzstatic.com/image/thumb/Music126/v4/41/bc/fb/41bcfb43-91d5-931d-5747-fb381803143f/23UMGIM21715.rgb.jpg/100x100bb.jpg,https://is1-ssl.mzstatic.com/image/thumb/Music126/v4/41/bc/fb/41bcfb43-91d5-931d-5747-fb381803143f/23UMGIM21715.rgb.jpg/600x600bb.jpg,13.6,76.3,45.6,Dark & Moody,#29201a
Ed Sheeran,Perfect Duet (with Beyoncé) - Single,2017,1,Pop,https://is1-ssl.mzstatic.com/image/thumb/Music125/v4/6f/24/35/6f2435c0-bd47-5882-8211-c4bab6661841/190295694975.jpg/100x100bb.jpg,https://is1-ssl.mzstatic.com/image/thumb/Music125/v4/6f/24/35/6f2435c0-bd47-5882-8211-c4bab6661841/190295694975.jpg/600x600bb.jpg,16.7,28.3,55.1,Dark & Moody,#1b2f38
"Kane Brown, Swae Lee, Khalid",Be Like That - Single,2020,1,Pop,https://is1-ssl.mzstatic.com/image/thumb/Music115/v4/ea/69/01/ea6901a0-6c07-0626-b5da-36a314bb4c26/886448606352.jpg/100x100bb.jpg,https://is1-ssl.mzstatic.com/image/thumb/Music115/v4/ea/69/01/ea6901a0-6c07-0626-b5da-36a314bb4c26/886448606352.jpg/600x600bb.jpg,76.2,16.5,42.7,Minimalist White,#c8c3af
Frank Ocean,Moon River - Single,2018,1,Pop,https://is1-ssl.mzstatic.com/image/thumb/Music124/v4/42/62/50/426250f9-7e39-f907-687c-442caa436636/dj.nhptxziz.jpg/100x100bb.jpg,https://is1-ssl.mzstatic.com/image/thumb/Music124/v4/42/62/50/426250f9-7e39-f907-687c-442caa436636/dj.nhptxziz.jpg/600x600bb.jpg,18.0,51.9,31.4,Dark & Moody,#61132c
Luis Fonsi,Despacito (Mandarin Version) [feat. JJ Lin] - Single,2018,1,Latin,https://is1-ssl.mzstatic.com/image/thumb/Music118/v4/e7/93/2b/e7932ba8-b6c0-c197-96a9-5004b1361186/00602567340683.rgb.jpg/100x100bb.jpg,https://is1-ssl.mzstatic.com/image/thumb/Music118/v4/e7/93/2b/e7932ba8-b6c0-c197-96a9-5004b1361186/00602567340683.rgb.jpg/600x600bb.jpg,43.5,29.6,65.3,Warm Red & Orange,#7e6867
KP Pop,OPM KP-Pop 2024,2024,8,Pop,https://is1-ssl.mzstatic.com/image/thumb/Music221/v4/db/1f/03/db1f0310-2417-3024-4e84-42c7357cc202/385963.jpg/100x100bb.jpg,https://is1-ssl.mzstatic.com/image/thumb/Music221/v4/db/1f/03/db1f0310-2417-3024-4e84-42c7357cc202/385963.jpg/600x600bb.jpg,40.3,49.9,31.9,Pink & Magenta,#8d4e7e
nulled. & ciaffa,2024 - Single,2024,1,Pop,https://is1-ssl.mzstatic.com/image/thumb/Music211/v4/f0/28/7d/f0287dd6-b03d-7127-2241-6348e17598bb/1a8af685-45ef-4a79-8f5e-65954d22d24f.jpg/100x100bb.jpg,https://is1-ssl.mzstatic.com/image/thumb/Music211/v4/f0/28/7d/f0287dd6-b03d-7127-2241-6348e17598bb/1a8af685-45ef-4a79-8f5e-65954d22d24f.jpg/600x600bb.jpg,25.8,5.6,36.1,Monochrome / Gray,#414140
Will Gittens,2024 - Single,2024,1,Pop,https://is1-ssl.mzstatic.com/image/thumb/Music221/v4/05/3e/d4/053ed404-38c6-3d5d-08c0-f6e9a1eb8f65/artwork.jpg/100x100bb.jpg,https://is1-ssl.mzstatic.com/image/thumb/Music221/v4/05/3e/d4/053ed404-38c6-3d5d-08c0-f6e9a1eb8f65/artwork.jpg/600x600bb.jpg,42.1,33.8,37.7,Cool Blue,#6f6289
Nasrin Kadri,2024 - EP,2024,4,Pop,https://is1-ssl.mzstatic.com/image/thumb/Music221/v4/5b/59/c5/5b59c539-ab8d-b10b-47da-2e0b01198e9a/7290120734944.png/100x100bb.jpg,https://is1-ssl.mzstatic.com/image/thumb/Music221/v4/5b/59/c5/5b59c539-ab8d-b10b-47da-2e0b01198e9a/7290120734944.png/600x600bb.jpg,84.7,8.8,51.6,Minimalist White,#ded6cf
Neito Han,2024,2024,8,Pop,https://is1-ssl.mzstatic.com/image/thumb/Music211/v4/5d/d5/9c/5dd59cf1-bbc9-f985-81fb-bb0312ae84e7/artwork.jpg/100x100bb.jpg,https://is1-ssl.mzstatic.com/image/thumb/Music211/v4/5d/d5/9c/5dd59cf1-bbc9-f985-81fb-bb0312ae84e7/artwork.jpg/600x600bb.jpg,17.6,34.5,33.1,Dark & Moody,#3f2522
A Cappella Academy,2024,2025,10,Pop,https://is1-ssl.mzstatic.com/image/thumb/Music221/v4/cc/19/9a/cc199a48-2a25-3d7d-1c71-cb1cb4e3321d/199900448026.png/100x100bb.jpg,https://is1-ssl.mzstatic.com/image/thumb/Music221/v4/cc/19/9a/cc199a48-2a25-3d7d-1c71-cb1cb4e3321d/199900448026.png/600x600bb.jpg,58.2,17.6,58.5,Monochrome / Gray,#8c969c
Grupo Ritmo Natural,Música Pop 2024,2024,18,Pop,https://is1-ssl.mzstatic.com/image/thumb/Music211/v4/08/4d/4a/084d4a3c-9f41-4b8d-8b37-b1ece5634056/198595907375.jpg/100x100bb.jpg,https://is1-ssl.mzstatic.com/image/thumb/Music211/v4/08/4d/4a/084d4a3c-9f41-4b8d-8b37-b1ece5634056/198595907375.jpg/600x600bb.jpg,50.9,67.9,41.4,Warm Red & Orange,#d5643e
Various Artists,Ibiza Chill Pop 2024,2024,30,Pop,https://is1-ssl.mzstatic.com/image/thumb/Music116/v4/ef/14/eb/ef14ebc5-78a7-274e-ad3b-9673bb6b5a54/5063287169759.jpg/100x100bb.jpg,https://is1-ssl.mzstatic.com/image/thumb/Music116/v4/ef/14/eb/ef14ebc5-78a7-274e-ad3b-9673bb6b5a54/5063287169759.jpg/600x600bb.jpg,68.5,45.7,53.2,Cool Blue,#80c0cd
La Mejor Música Electrónica,Las Mas Bailadas Pop 2024,2024,10,Pop,https://is1-ssl.mzstatic.com/image/thumb/Music221/v4/6f/4d/78/6f4d788c-c18c-098d-b319-89faa14775f0/5063621999578_cover.jpg/100x100bb.jpg,https://is1-ssl.mzstatic.com/image/thumb/Music221/v4/6f/4d/78/6f4d788c-c18c-098d-b319-89faa14775f0/5063621999578_cover.jpg/600x600bb.jpg,42.6,44.2,64.3,Pink & Magenta,#8d5977
Noiseless World,2024,2024,12,Pop,https://is1-ssl.mzstatic.com/image/thumb/Music211/v4/3b/82/22/3b8222ed-5a72-3266-bd0c-c863f7737d47/4571640609558_cover.jpg/100x100bb.jpg,https://is1-ssl.mzstatic.com/image/thumb/Music211/v4/3b/82/22/3b8222ed-5a72-3266-bd0c-c863f7737d47/4571640609558_cover.jpg/600x600bb.jpg,75.0,22.2,35.2,Pink & Magenta,#d4b5ba
Miki Matsubara,Mayonaka No Door~stay with Me 2024 - Single,2024,1,Pop,https://is1-ssl.mzstatic.com/image/thumb/Music211/v4/62/d3/e6/62d3e69c-59a3-1a91-74cc-ddd91b43105f/PA00207507_0_234550_jacket.jpg/100x100bb.jpg,https://is1-ssl.mzstatic.com/image/thumb/Music211/v4/62/d3/e6/62d3e69c-59a3-1a91-74cc-ddd91b43105f/PA00207507_0_234550_jacket.jpg/600x600bb.jpg,49.4,26.0,79.3,Pink & Magenta,#877881
Céline Dion,Hymne à l'amour (Live aux Jeux Olympiques de Paris 2024 / Live from the Olympic Games Paris 2024) - Single,2024,1,Pop,https://is1-ssl.mzstatic.com/image/thumb/Music221/v4/bc/d7/8e/bcd78e1e-41f3-8785-8432-eb2ad5125828/196872507485.jpg/100x100bb.jpg,https://is1-ssl.mzstatic.com/image/thumb/Music221/v4/bc/d7/8e/bcd78e1e-41f3-8785-8432-eb2ad5125828/196872507485.jpg/600x600bb.jpg,33.4,36.7,74.2,Pink & Magenta,#5b5154
Scarlet Avenue,2024,2016,11,Pop,https://is1-ssl.mzstatic.com/image/thumb/Music49/v4/56/cf/cc/56cfcc38-0b04-f6dd-da0b-75413739e8d0/cover.jpg/100x100bb.jpg,https://is1-ssl.mzstatic.com/image/thumb/Music49/v4/56/cf/cc/56cfcc38-0b04-f6dd-da0b-75413739e8d0/cover.jpg/600x600bb.jpg,12.9,16.7,32.3,Dark & Moody,#211f24
Selena,Amor Prohibido (Remasterizado 2024/30th Anniversary),1994,10,Latin,https://is1-ssl.mzstatic.com/image/thumb/Music112/v4/5e/a1/8d/5ea18d36-731c-6133-4145-d04a9be1d2c8/24UMGIM26389.rgb.jpg/100x100bb.jpg,https://is1-ssl.mzstatic.com/image/thumb/Music112/v4/5e/a1/8d/5ea18d36-731c-6133-4145-d04a9be1d2c8/24UMGIM26389.rgb.jpg/600x600bb.jpg,55.2,35.8,72.0,Warm Red & Orange,#a18770
Twuhny,2024 (Throwaways),2025,20,Pop,https://is1-ssl.mzstatic.com/image/thumb/Music221/v4/f9/be/47/f9be4773-c856-c269-808d-ef495e48d4f6/artwork.jpg/100x100bb.jpg,https://is1-ssl.mzstatic.com/image/thumb/Music221/v4/f9/be/47/f9be4773-c856-c269-808d-ef495e48d4f6/artwork.jpg/600x600bb.jpg,43.7,34.2,34.4,Warm Red & Orange,#797050
Strive to Be,Festival: A Youth Concert 2024,2024,9,Pop,https://is1-ssl.mzstatic.com/image/thumb/Music221/v4/34/6a/f4/346af4c8-33bc-112c-5c01-37ef4cb683d7/6402ac61-e47e-406a-813b-797965b12892.jpg/100x100bb.jpg,https://is1-ssl.mzstatic.com/image/thumb/Music221/v4/34/6a/f4/346af4c8-33bc-112c-5c01-37ef4cb683d7/6402ac61-e47e-406a-813b-797965b12892.jpg/600x600bb.jpg,13.7,0.0,36.6,Dark & Moody,#232323
Remy Trepanier,2024 - Single,2023,1,Pop,https://is1-ssl.mzstatic.com/image/thumb/Music126/v4/bd/c0/e7/bdc0e75d-239b-d73a-fd67-f12439e965b1/artwork.jpg/100x100bb.jpg,https://is1-ssl.mzstatic.com/image/thumb/Music126/v4/bd/c0/e7/bdc0e75d-239b-d73a-fd67-f12439e965b1/artwork.jpg/600x600bb.jpg,41.7,23.8,43.5,Green,#676c68
kim taehoon,2024,2024,8,Pop,https://is1-ssl.mzstatic.com/image/thumb/Music211/v4/73/90/b9/7390b9f4-e26f-945f-4e09-f0aea84cb452/PCSP_06140.jpg/100x100bb.jpg,https://is1-ssl.mzstatic.com/image/thumb/Music211/v4/73/90/b9/7390b9f4-e26f-945f-4e09-f0aea84cb452/PCSP_06140.jpg/600x600bb.jpg,46.3,73.2,65.5,Cool Blue,#557cab
slimr3ap,2024 - Single,2024,1,Pop,https://is1-ssl.mzstatic.com/image/thumb/Music126/v4/36/d3/84/36d38432-97b6-00f9-c8d1-9825ad60cd3b/artwork.jpg/100x100bb.jpg,https://is1-ssl.mzstatic.com/image/thumb/Music126/v4/36/d3/84/36d38432-97b6-00f9-c8d1-9825ad60cd3b/artwork.jpg/600x600bb.jpg,38.2,36.2,43.1,Warm Red & Orange,#715d4b
Monster Dain.T,2024,2024,13,Pop,https://is1-ssl.mzstatic.com/image/thumb/Music116/v4/2c/8a/06/2c8a066a-de91-523e-77b5-d0e6fb61fd12/33043.jpg/100x100bb.jpg,https://is1-ssl.mzstatic.com/image/thumb/Music116/v4/2c/8a/06/2c8a066a-de91-523e-77b5-d0e6fb61fd12/33043.jpg/600x600bb.jpg,97.7,0.1,10.6,Minimalist White,#f9f9f9
Renran,飞鸟和蝉 (feat. 龙小晨合唱团) [2024合唱版] - Single,2024,1,Pop,https://is1-ssl.mzstatic.com/image/thumb/Music221/v4/cd/c6/9a/cdc69a4c-b974-88dc-99eb-899b7ad17a2d/3617387750557.png/100x100bb.jpg,https://is1-ssl.mzstatic.com/image/thumb/Music221/v4/cd/c6/9a/cdc69a4c-b974-88dc-99eb-899b7ad17a2d/3617387750557.png/600x600bb.jpg,18.9,63.0,36.4,Dark & Moody,#1b383a
Flying Superkids,2024 - EP,2024,6,Pop,https://is1-ssl.mzstatic.com/image/thumb/Music211/v4/21/b1/4d/21b14d25-e2a3-f579-584c-540aa3503c1a/198588561843.jpg/100x100bb.jpg,https://is1-ssl.mzstatic.com/image/thumb/Music211/v4/21/b1/4d/21b14d25-e2a3-f579-584c-540aa3503c1a/198588561843.jpg/600x600bb.jpg,45.4,52.6,60.3,Cool Blue,#776c8f
Chelsea Cutler,"if i could just stop the time, (may 2024-may 2025) - EP",2025,5,Pop,https://is1-ssl.mzstatic.com/image/thumb/Music221/v4/94/7c/cc/947cccdf-933b-812e-312e-f7299de0cb8e/25UMGIM62689.rgb.jpg/100x100bb.jpg,https://is1-ssl.mzstatic.com/image/thumb/Music221/v4/94/7c/cc/947cccdf-933b-812e-312e-f7299de0cb8e/25UMGIM62689.rgb.jpg/600x600bb.jpg,99.7,0.0,3.3,Minimalist White,#fefefe
F8entertainment,2024 (Upbeat Instrumental) - Single,2024,1,Pop,https://is1-ssl.mzstatic.com/image/thumb/Music126/v4/ae/8d/f8/ae8df8b1-316d-457e-dfd9-a445b4514fed/artwork.jpg/100x100bb.jpg,https://is1-ssl.mzstatic.com/image/thumb/Music126/v4/ae/8d/f8/ae8df8b1-316d-457e-dfd9-a445b4514fed/artwork.jpg/600x600bb.jpg,67.5,24.0,82.0,Green,#abaca9
Will2cold4u,2024,2024,16,Pop,https://is1-ssl.mzstatic.com/image/thumb/Music211/v4/0d/3b/90/0d3b9084-eac8-52aa-e05e-07a9db489151/artwork.jpg/100x100bb.jpg,https://is1-ssl.mzstatic.com/image/thumb/Music211/v4/0d/3b/90/0d3b9084-eac8-52aa-e05e-07a9db489151/artwork.jpg/600x600bb.jpg,48.7,0.1,68.2,Monochrome / Gray,#7c7c7c
María del Mar,2024 - Single,2024,1,Pop,https://is1-ssl.mzstatic.com/image/thumb/Music221/v4/8e/dd/2c/8edd2caf-d492-b1ab-3b7a-1be1bea38cba/artwork.jpg/100x100bb.jpg,https://is1-ssl.mzstatic.com/image/thumb/Music221/v4/8e/dd/2c/8edd2caf-d492-b1ab-3b7a-1be1bea38cba/artwork.jpg/600x600bb.jpg,46.0,69.0,52.1,Cool Blue,#3e899e
Novox & Karaokey,2024 (Instrumental) - Single,2023,1,Pop,https://is1-ssl.mzstatic.com/image/thumb/Music116/v4/2b/8b/97/2b8b972f-5f73-e54d-0a1a-29c73a9e6598/5063212338908_cover.jpg/100x100bb.jpg,https://is1-ssl.mzstatic.com/image/thumb/Music116/v4/2b/8b/97/2b8b972f-5f73-e54d-0a1a-29c73a9e6598/5063212338908_cover.jpg/600x600bb.jpg,60.3,22.3,65.0,Warm Red & Orange,#a59787
Los Musicos del Centro,2024,2024,11,Pop,https://is1-ssl.mzstatic.com/image/thumb/Music211/v4/43/4d/b0/434db01f-4daa-83f5-57c2-735f15a271ed/198999007473.jpg/100x100bb.jpg,https://is1-ssl.mzstatic.com/image/thumb/Music211/v4/43/4d/b0/434db01f-4daa-83f5-57c2-735f15a271ed/198999007473.jpg/600x600bb.jpg,23.4,42.4,65.0,Dark & Moody,#333d4a
Omer Adam,מנורה 2024 LIVE (Live),2024,9,Pop,https://is1-ssl.mzstatic.com/image/thumb/Music211/v4/bc/47/d0/bc47d00c-47cd-1267-f309-db5c0a0e0395/7290121542784.png/100x100bb.jpg,https://is1-ssl.mzstatic.com/image/thumb/Music211/v4/bc/47/d0/bc47d00c-47cd-1267-f309-db5c0a0e0395/7290121542784.png/600x600bb.jpg,51.9,23.7,73.2,Cool Blue,#7d8496
Jake Pinto,2024 - Single,2024,1,Pop,https://is1-ssl.mzstatic.com/image/thumb/Music211/v4/34/39/c0/3439c04d-a0f8-74dd-6546-d16553cac792/198846165622.jpg/100x100bb.jpg,https://is1-ssl.mzstatic.com/image/thumb/Music211/v4/34/39/c0/3439c04d-a0f8-74dd-6546-d16553cac792/198846165622.jpg/600x600bb.jpg,40.1,42.8,68.1,Green,#5d6a68
Nolo,2024 - Single,2024,3,Pop,https://is1-ssl.mzstatic.com/image/thumb/Music211/v4/89/f7/fd/89f7fd7c-c129-48d0-d8dd-6081d1829064/859799375895_cover.jpg/100x100bb.jpg,https://is1-ssl.mzstatic.com/image/thumb/Music211/v4/89/f7/fd/89f7fd7c-c129-48d0-d8dd-6081d1829064/859799375895_cover.jpg/600x600bb.jpg,10.1,71.1,39.6,Dark & Moody,#0e1b2d
Roger Wood,Here We Go! (Steeler Fight Song 2023-2024) - Single,2007,1,Pop,https://is1-ssl.mzstatic.com/image/thumb/Music116/v4/18/b8/eb/18b8ebda-5c64-a59d-624c-63a9a13b3479/artwork.jpg/100x100bb.jpg,https://is1-ssl.mzstatic.com/image/thumb/Music116/v4/18/b8/eb/18b8ebda-5c64-a59d-624c-63a9a13b3479/artwork.jpg/600x600bb.jpg,79.4,21.4,63.5,Warm Red & Orange,#d2cbb1
Dua Lipa,Training Season (Live at the BRIT Awards 2024) - Single,2024,1,Pop,https://is1-ssl.mzstatic.com/image/thumb/Music112/v4/78/4d/0d/784d0de2-ca76-dfed-8e8f-ce5b97e5e5ec/5021732250520.jpg/100x100bb.jpg,https://is1-ssl.mzstatic.com/image/thumb/Music112/v4/78/4d/0d/784d0de2-ca76-dfed-8e8f-ce5b97e5e5ec/5021732250520.jpg/600x600bb.jpg,32.8,28.7,44.8,Pink & Magenta,#624a57
Piano Dreamers,35 Pop Piano Hits 2024 (Instrumental),2025,35,Pop,https://is1-ssl.mzstatic.com/image/thumb/Music221/v4/5e/b1/6e/5eb16e1e-3fc8-39ee-a94a-b53511af78ee/26224.jpg/100x100bb.jpg,https://is1-ssl.mzstatic.com/image/thumb/Music221/v4/5e/b1/6e/5eb16e1e-3fc8-39ee-a94a-b53511af78ee/26224.jpg/600x600bb.jpg,52.3,37.1,55.5,Pink & Magenta,#947c8b
Joey Essex,Reem 2024 - Single,2024,1,Pop,https://is1-ssl.mzstatic.com/image/thumb/Music211/v4/b9/77/ec/b977ecfb-0307-9049-3a1c-7ac1ac701355/5037300076713.jpg/100x100bb.jpg,https://is1-ssl.mzstatic.com/image/thumb/Music211/v4/b9/77/ec/b977ecfb-0307-9049-3a1c-7ac1ac701355/5037300076713.jpg/600x600bb.jpg,40.9,45.6,49.5,Warm Red & Orange,#6d685b
Thompson Twins,Into the Gap (2024 Remaster),1984,9,Pop,https://is1-ssl.mzstatic.com/image/thumb/Music221/v4/41/6f/0d/416f0d35-d073-8ad9-ed7f-96c170ee6491/4099964078237.jpg/100x100bb.jpg,https://is1-ssl.mzstatic.com/image/thumb/Music221/v4/41/6f/0d/416f0d35-d073-8ad9-ed7f-96c170ee6491/4099964078237.jpg/600x600bb.jpg,28.3,64.2,43.6,Cool Blue,#324b6d
Hikaru Utada,HIKARU UTADA SCIENCE FICTION TOUR 2024,2024,24,Pop,https://is1-ssl.mzstatic.com/image/thumb/Music221/v4/1d/af/cd/1dafcd84-dc80-1808-0035-0acccbe886a0/4547366722857.jpg/100x100bb.jpg,https://is1-ssl.mzstatic.com/image/thumb/Music221/v4/1d/af/cd/1dafcd84-dc80-1808-0035-0acccbe886a0/4547366722857.jpg/600x600bb.jpg,75.4,26.3,11.6,Pink & Magenta,#dcb2bc
Eleni Foureira,Fuego (2024 Version) - Single,2024,1,Pop,https://is1-ssl.mzstatic.com/image/thumb/Music221/v4/e3/d6/66/e3d6668b-5bc6-261a-7df0-665a1a477645/169527.jpg/100x100bb.jpg,https://is1-ssl.mzstatic.com/image/thumb/Music221/v4/e3/d6/66/e3d6668b-5bc6-261a-7df0-665a1a477645/169527.jpg/600x600bb.jpg,22.8,64.3,37.3,Dark & Moody,#5e292f
Jr La Melo,Freestyle Maïmouna 2024 (feat. JD) - Single,2024,1,Pop,https://is1-ssl.mzstatic.com/image/thumb/Music112/v4/fd/71/28/fd712891-9b39-c86c-00ba-7bb40e3303a9/196871926447.jpg/100x100bb.jpg,https://is1-ssl.mzstatic.com/image/thumb/Music112/v4/fd/71/28/fd712891-9b39-c86c-00ba-7bb40e3303a9/196871926447.jpg/600x600bb.jpg,69.1,51.1,34.2,Warm Red & Orange,#e6a16f
Kurt Lanham,2024,2024,8,Pop,https://is1-ssl.mzstatic.com/image/thumb/Music116/v4/32/49/a8/3249a8cd-8127-b2f2-38a8-3c9fe1afce1f/198026878922.jpg/100x100bb.jpg,https://is1-ssl.mzstatic.com/image/thumb/Music116/v4/32/49/a8/3249a8cd-8127-b2f2-38a8-3c9fe1afce1f/198026878922.jpg/600x600bb.jpg,60.3,30.6,60.3,Warm Red & Orange,#a7987e
Collective Arts & 2024,Moon - Single,2020,1,Pop,https://is1-ssl.mzstatic.com/image/thumb/Music115/v4/c6/56/03/c656038d-be5e-53ce-56b1-339a487e46b8/190560024179.jpg/100x100bb.jpg,https://is1-ssl.mzstatic.com/image/thumb/Music115/v4/c6/56/03/c656038d-be5e-53ce-56b1-339a487e46b8/190560024179.jpg/600x600bb.jpg,35.9,59.7,36.3,Cool Blue,#475b8c
Victor Le Masne,Music from The Opening Ceremony of The Olympic Games Paris 2024,2024,18,Pop,https://is1-ssl.mzstatic.com/image/thumb/Music221/v4/c1/90/f8/c190f842-7651-4b2e-50b3-f246798a7f97/4099964145106.jpg/100x100bb.jpg,https://is1-ssl.mzstatic.com/image/thumb/Music221/v4/c1/90/f8/c190f842-7651-4b2e-50b3-f246798a7f97/4099964145106.jpg/600x600bb.jpg,19.2,41.3,56.1,Dark & Moody,#3a301b
Mackonthetrack,2024 - Single,2026,1,Pop,https://is1-ssl.mzstatic.com/image/thumb/Music221/v4/98/d6/02/98d60216-6854-73f0-e59e-54066014e4aa/artwork.jpg/100x100bb.jpg,https://is1-ssl.mzstatic.com/image/thumb/Music221/v4/98/d6/02/98d60216-6854-73f0-e59e-54066014e4aa/artwork.jpg/600x600bb.jpg,39.3,28.8,55.1,Pink & Magenta,#6b6063
Cat Stevens,Foreigner (Remastered 2024),1973,5,Pop,https://is1-ssl.mzstatic.com/image/thumb/Music221/v4/6f/0d/a7/6f0da710-bde9-0aa2-f097-ddc19852f1c4/24UMGIM04013.rgb.jpg/100x100bb.jpg,https://is1-ssl.mzstatic.com/image/thumb/Music221/v4/6f/0d/a7/6f0da710-bde9-0aa2-f097-ddc19852f1c4/24UMGIM04013.rgb.jpg/600x600bb.jpg,62.1,44.1,36.6,Cool Blue,#6db1bc
Hanan Ben Ari,לייב מופע הינדיקים 2024 (Live),2024,13,Pop,https://is1-ssl.mzstatic.com/image/thumb/Music211/v4/b9/71/d2/b971d223-4981-8a98-603d-0c9bff30755a/7290121544382.png/100x100bb.jpg,https://is1-ssl.mzstatic.com/image/thumb/Music211/v4/b9/71/d2/b971d223-4981-8a98-603d-0c9bff30755a/7290121544382.png/600x600bb.jpg,69.0,6.9,42.2,Monochrome / Gray,#aab2b1
PACIL,2024 in 24 MEMES (in 2:24) - Single,2024,1,Pop,https://is1-ssl.mzstatic.com/image/thumb/Music211/v4/e2/40/e9/e240e9cc-d6ce-dd57-1d3e-5c30f43624a0/artwork.jpg/100x100bb.jpg,https://is1-ssl.mzstatic.com/image/thumb/Music211/v4/e2/40/e9/e240e9cc-d6ce-dd57-1d3e-5c30f43624a0/artwork.jpg/600x600bb.jpg,22.9,33.1,59.6,Dark & Moody,#423635
Piano Dreamers,Top 20 Hits May 2024 (Instrumental),2024,20,Pop,https://is1-ssl.mzstatic.com/image/thumb/Music211/v4/60/f4/99/60f499d1-2017-c733-4a61-2bb8f0b4cfea/23710.jpg/100x100bb.jpg,https://is1-ssl.mzstatic.com/image/thumb/Music211/v4/60/f4/99/60f499d1-2017-c733-4a61-2bb8f0b4cfea/23710.jpg/600x600bb.jpg,60.5,21.0,43.6,Warm Red & Orange,#a69690
Osofil,Paris Olympics 2024 - Single,2024,1,Pop,https://is1-ssl.mzstatic.com/image/thumb/Music221/v4/51/3f/d5/513fd5e8-550f-164a-e8a4-23db5476b557/artwork.jpg/100x100bb.jpg,https://is1-ssl.mzstatic.com/image/thumb/Music221/v4/51/3f/d5/513fd5e8-550f-164a-e8a4-23db5476b557/artwork.jpg/600x600bb.jpg,22.7,44.8,45.0,Dark & Moody,#433632
Piano Dreamers,Top 20 Hits June 2024 (Instrumental),2024,20,Pop,https://is1-ssl.mzstatic.com/image/thumb/Music221/v4/d5/1d/49/d51d49a1-2e99-00c5-7602-03e1c6094c41/24178.jpg/100x100bb.jpg,https://is1-ssl.mzstatic.com/image/thumb/Music221/v4/d5/1d/49/d51d49a1-2e99-00c5-7602-03e1c6094c41/24178.jpg/600x600bb.jpg,35.4,55.4,47.1,Pink & Magenta,#8b4446
Lounge Chill Music,Restaurant Music: The Best Restaurant Music - Lounge Music - Jazz Music - Hotel Lounge Music - Romantic Music - Wedding Songs - Piano Covers - Lounge Piano Music - Bar Lounge Cafè,2024,24,Pop,https://is1-ssl.mzstatic.com/image/thumb/Music221/v4/38/79/fd/3879fd40-fd52-859b-6f89-c87ad0fbf884/cover.jpg/100x100bb.jpg,https://is1-ssl.mzstatic.com/image/thumb/Music221/v4/38/79/fd/3879fd40-fd52-859b-6f89-c87ad0fbf884/cover.jpg/600x600bb.jpg,23.2,39.1,53.0,Dark & Moody,#413931
Subway Surfers,Marrakesh 2024 - Single,2024,1,Pop,https://is1-ssl.mzstatic.com/image/thumb/Music221/v4/db/9c/38/db9c38b1-1820-ccc3-773b-55663edca23b/7321170736494.png/100x100bb.jpg,https://is1-ssl.mzstatic.com/image/thumb/Music221/v4/db/9c/38/db9c38b1-1820-ccc3-773b-55663edca23b/7321170736494.png/600x600bb.jpg,54.0,44.8,49.6,Warm Red & Orange,#a38076
Piano Dreamers,Top 20 Hits April 2024 (Instrumental),2024,20,Pop,https://is1-ssl.mzstatic.com/image/thumb/Music221/v4/02/b2/c6/02b2c642-6ec6-a15e-131f-fdcfc01166af/23221.jpg/100x100bb.jpg,https://is1-ssl.mzstatic.com/image/thumb/Music221/v4/02/b2/c6/02b2c642-6ec6-a15e-131f-fdcfc01166af/23221.jpg/600x600bb.jpg,45.1,47.1,48.5,Warm Red & Orange,#916a52
Piano Dreamers,Top 20 Hits March 2024 (Instrumental),2024,20,Pop,https://is1-ssl.mzstatic.com/image/thumb/Music112/v4/32/2e/c1/322ec1e1-8187-6844-b7e3-cd0213489c09/22735.jpg/100x100bb.jpg,https://is1-ssl.mzstatic.com/image/thumb/Music112/v4/32/2e/c1/322ec1e1-8187-6844-b7e3-cd0213489c09/22735.jpg/600x600bb.jpg,25.2,54.3,48.9,Green,#2e4a3a
SARATOVKING,2024 - EP,2024,4,Pop,https://is1-ssl.mzstatic.com/image/thumb/Music116/v4/c6/1e/de/c61ede8a-8b11-fffc-55f6-2509d2a6b648/859783720038_cover.jpg/100x100bb.jpg,https://is1-ssl.mzstatic.com/image/thumb/Music116/v4/c6/1e/de/c61ede8a-8b11-fffc-55f6-2509d2a6b648/859783720038_cover.jpg/600x600bb.jpg,90.4,0.5,52.9,Minimalist White,#e6e6e7
Aaron Johnson,2024,2024,14,Pop,https://is1-ssl.mzstatic.com/image/thumb/Music221/v4/b2/e9/02/b2e90294-a62a-9a1b-e8fa-849d2abc37d7/artwork.jpg/100x100bb.jpg,https://is1-ssl.mzstatic.com/image/thumb/Music221/v4/b2/e9/02/b2e90294-a62a-9a1b-e8fa-849d2abc37d7/artwork.jpg/600x600bb.jpg,82.0,8.7,59.4,Minimalist White,#d4cfce
Various Artists,Deeper Pop 2024,2024,30,Pop,https://is1-ssl.mzstatic.com/image/thumb/Music116/v4/7a/6e/bd/7a6ebde5-480e-f388-6d51-39120ba45dec/5063287162217.jpg/100x100bb.jpg,https://is1-ssl.mzstatic.com/image/thumb/Music116/v4/7a/6e/bd/7a6ebde5-480e-f388-6d51-39120ba45dec/5063287162217.jpg/600x600bb.jpg,49.4,23.2,55.7,Warm Red & Orange,#847c75
Various Artists,House of Pop 2024,2024,27,Pop,https://is1-ssl.mzstatic.com/image/thumb/Music116/v4/e1/f3/2e/e1f32ed1-5d85-a1e3-9e06-f51fe4421e7e/5063287168127.jpg/100x100bb.jpg,https://is1-ssl.mzstatic.com/image/thumb/Music116/v4/e1/f3/2e/e1f32ed1-5d85-a1e3-9e06-f51fe4421e7e/5063287168127.jpg/600x600bb.jpg,48.5,24.2,61.9,Warm Red & Orange,#827b6d
KDM Record,"""Türkçe Pop 2024 Sensiz Kaldım – Yeni Hit İlk Kez Burada!"" - Single",2024,1,Pop,https://is1-ssl.mzstatic.com/image/thumb/Music221/v4/60/66/f7/6066f730-5330-32c8-1cef-2c12a58f368f/artwork.jpg/100x100bb.jpg,https://is1-ssl.mzstatic.com/image/thumb/Music221/v4/60/66/f7/6066f730-5330-32c8-1cef-2c12a58f368f/artwork.jpg/600x600bb.jpg,31.2,35.8,45.3,Warm Red & Orange,#564f3f
Housecoffee,Latino Vocal Pop 2024,2026,8,Pop,https://is1-ssl.mzstatic.com/image/thumb/Music211/v4/46/2a/2d/462a2d53-8ab2-4ac9-e00a-9d20bb1521ae/0.jpg/100x100bb.jpg,https://is1-ssl.mzstatic.com/image/thumb/Music211/v4/46/2a/2d/462a2d53-8ab2-4ac9-e00a-9d20bb1521ae/0.jpg/600x600bb.jpg,31.4,71.5,44.6,Cool Blue,#6c3786
Eyal Golan,בלומפילד GOLD 2024 (Live),2025,15,Pop,https://is1-ssl.mzstatic.com/image/thumb/Music211/v4/a0/04/a4/a004a459-cbaf-b40c-69a2-2685db855b41/7290121548939.png/100x100bb.jpg,https://is1-ssl.mzstatic.com/image/thumb/Music211/v4/a0/04/a4/a004a459-cbaf-b40c-69a2-2685db855b41/7290121548939.png/600x600bb.jpg,16.9,43.5,70.9,Dark & Moody,#302923
Guitar Tribute Players,Top 20 Acoustic Tracks Spring 2024 (Instrumental),2024,20,Pop,https://is1-ssl.mzstatic.com/image/thumb/Music211/v4/90/eb/31/90eb317b-b24c-fa95-4b8f-59678d6955dc/23337.jpg/100x100bb.jpg,https://is1-ssl.mzstatic.com/image/thumb/Music211/v4/90/eb/31/90eb317b-b24c-fa95-4b8f-59678d6955dc/23337.jpg/600x600bb.jpg,47.6,47.9,48.0,Warm Red & Orange,#93715c
Guitar Tribute Players,Top 20 Acoustic Tracks Summer 2024 (Instrumental),2024,20,Pop,https://is1-ssl.mzstatic.com/image/thumb/Music221/v4/aa/14/ef/aa14ef63-59a9-0f41-41d8-1491808ae8d3/24617.jpg/100x100bb.jpg,https://is1-ssl.mzstatic.com/image/thumb/Music221/v4/aa/14/ef/aa14ef63-59a9-0f41-41d8-1491808ae8d3/24617.jpg/600x600bb.jpg,63.1,69.6,23.6,Cool Blue,#46c2e4
Keane,Live From Mexico City 2024,2025,13,Pop,https://is1-ssl.mzstatic.com/image/thumb/Music211/v4/4e/7e/8c/4e7e8cbc-372c-38f1-6658-e56871a03907/25UMGIM62597.rgb.jpg/100x100bb.jpg,https://is1-ssl.mzstatic.com/image/thumb/Music211/v4/4e/7e/8c/4e7e8cbc-372c-38f1-6658-e56871a03907/25UMGIM62597.rgb.jpg/600x600bb.jpg,38.2,66.6,8.4,Warm Red & Orange,#af413a
Your Mom's Band,I'm Voting for a Felon in 2024 - Single,2024,1,Pop,https://is1-ssl.mzstatic.com/image/thumb/Music221/v4/84/2c/85/842c8568-4765-735e-b06f-5de5310473fe/artwork.jpg/100x100bb.jpg,https://is1-ssl.mzstatic.com/image/thumb/Music221/v4/84/2c/85/842c8568-4765-735e-b06f-5de5310473fe/artwork.jpg/600x600bb.jpg,40.2,37.2,61.7,Pink & Magenta,#725f6b
Cher,Living Proof (Deluxe Edition) [2024 Remaster],2001,14,Pop,https://is1-ssl.mzstatic.com/image/thumb/Music221/v4/09/62/42/096242eb-4ea4-d07c-824a-1d77dc3e589a/5021732272331.jpg/100x100bb.jpg,https://is1-ssl.mzstatic.com/image/thumb/Music221/v4/09/62/42/096242eb-4ea4-d07c-824a-1d77dc3e589a/5021732272331.jpg/600x600bb.jpg,52.2,32.0,53.6,Warm Red & Orange,#928369
Moby,Feeling So Real 2024 - Single,2024,2,Pop,https://is1-ssl.mzstatic.com/image/thumb/Music221/v4/e3/7f/73/e37f7349-d646-0669-c178-affc0cab6f98/5061041450433.jpg/100x100bb.jpg,https://is1-ssl.mzstatic.com/image/thumb/Music221/v4/e3/7f/73/e37f7349-d646-0669-c178-affc0cab6f98/5061041450433.jpg/600x600bb.jpg,55.8,60.6,45.6,Warm Red & Orange,#c67a5f
Various Artists,Boca 2024: Best of College a Cappella,2024,18,Pop,https://is1-ssl.mzstatic.com/image/thumb/Music116/v4/64/57/8c/64578ca7-2cb5-1a5c-cd34-d37716e6729e/198009538027.png/100x100bb.jpg,https://is1-ssl.mzstatic.com/image/thumb/Music116/v4/64/57/8c/64578ca7-2cb5-1a5c-cd34-d37716e6729e/198009538027.png/600x600bb.jpg,73.6,25.1,30.9,Warm Red & Orange,#d8b1a6
Piano Dreamers,Top 20 Hits September 2024 (Instrumental),2024,20,Pop,https://is1-ssl.mzstatic.com/image/thumb/Music211/v4/d0/d9/5e/d0d95e85-a274-6528-6e17-4be4c8a5946b/25133.jpg/100x100bb.jpg,https://is1-ssl.mzstatic.com/image/thumb/Music211/v4/d0/d9/5e/d0d95e85-a274-6528-6e17-4be4c8a5946b/25133.jpg/600x600bb.jpg,38.3,39.5,48.3,Warm Red & Orange,#6b6148
Yoon Jong Shin,2024 Monthly Yoon Repair January - It’s been a while (with UJ) - Single,2024,1,Pop,https://is1-ssl.mzstatic.com/image/thumb/Music126/v4/3c/8e/14/3c8e14cc-9535-4388-95a9-218bbf2ec35a/191953332888.jpg/100x100bb.jpg,https://is1-ssl.mzstatic.com/image/thumb/Music126/v4/3c/8e/14/3c8e14cc-9535-4388-95a9-218bbf2ec35a/191953332888.jpg/600x600bb.jpg,24.8,50.2,42.1,Dark & Moody,#3f4132
Ado,"Ado Special Live 2024 Shinzou (Live At Japan National Stadium, 2024)",2026,26,Pop,https://is1-ssl.mzstatic.com/image/thumb/Music221/v4/1d/e4/2c/1de42ccc-b980-6cc5-662e-17d6ed58b818/26UMGIM94625.rgb.jpg/100x100bb.jpg,https://is1-ssl.mzstatic.com/image/thumb/Music221/v4/1d/e4/2c/1de42ccc-b980-6cc5-662e-17d6ed58b818/26UMGIM94625.rgb.jpg/600x600bb.jpg,18.9,33.8,27.3,Dark & Moody,#3d2a2c
"Nagarjun Sharma, Sanjith Hegde & Sonu Nigam","Mayavi (From ""Bhoomi 2024"") - Single",2024,1,Pop,https://is1-ssl.mzstatic.com/image/thumb/Music221/v4/e9/aa/b0/e9aab029-16a4-74e6-0012-b082d5e59003/5034644211114.jpg/100x100bb.jpg,https://is1-ssl.mzstatic.com/image/thumb/Music221/v4/e9/aa/b0/e9aab029-16a4-74e6-0012-b082d5e59003/5034644211114.jpg/600x600bb.jpg,32.1,67.2,61.0,Green,#565630
Daniele Adiutori,2024 - Single,2021,1,Pop,https://is1-ssl.mzstatic.com/image/thumb/Music116/v4/ba/09/1d/ba091d6c-ad43-ee85-6ec8-419b61443a0a/5059962643058_cover.jpg/100x100bb.jpg,https://is1-ssl.mzstatic.com/image/thumb/Music116/v4/ba/09/1d/ba091d6c-ad43-ee85-6ec8-419b61443a0a/5059962643058_cover.jpg/600x600bb.jpg,76.5,0.1,47.9,Minimalist White,#c3c3c3
Antoine Marsaud,2024 (Original Score),2024,9,Pop,https://is1-ssl.mzstatic.com/image/thumb/Music116/v4/bf/b2/41/bfb241b9-af2f-8cc3-ebd0-c9fada82c228/cover.jpg/100x100bb.jpg,https://is1-ssl.mzstatic.com/image/thumb/Music116/v4/bf/b2/41/bfb241b9-af2f-8cc3-ebd0-c9fada82c228/cover.jpg/600x600bb.jpg,44.1,14.6,68.7,Monochrome / Gray,#6f7072
"Big Sexy, Ingi Bauer & jónbjarni",2024 - Single,2024,1,Pop,https://is1-ssl.mzstatic.com/image/thumb/Music116/v4/66/8d/14/668d1452-a58b-404d-9408-fca35628c77f/5690452915073_Cover.jpg/100x100bb.jpg,https://is1-ssl.mzstatic.com/image/thumb/Music116/v4/66/8d/14/668d1452-a58b-404d-9408-fca35628c77f/5690452915073_Cover.jpg/600x600bb.jpg,63.2,22.5,64.8,Cool Blue,#97a3b0
Bayandalai,2024,2024,12,Pop,https://is1-ssl.mzstatic.com/image/thumb/Music211/v4/82/9b/f0/829bf001-9629-5e4b-af1a-44dc66e1d6c0/198500691184.jpg/100x100bb.jpg,https://is1-ssl.mzstatic.com/image/thumb/Music211/v4/82/9b/f0/829bf001-9629-5e4b-af1a-44dc66e1d6c0/198500691184.jpg/600x600bb.jpg,34.5,46.1,52.7,Warm Red & Orange,#7a4a43
SUR SONICO,2024,2024,7,Pop,https://is1-ssl.mzstatic.com/image/thumb/Music221/v4/2e/e8/ab/2ee8ab01-e42e-b605-c199-948b90de6aff/198595033746.jpg/100x100bb.jpg,https://is1-ssl.mzstatic.com/image/thumb/Music221/v4/2e/e8/ab/2ee8ab01-e42e-b605-c199-948b90de6aff/198595033746.jpg/600x600bb.jpg,39.0,60.7,24.0,Warm Red & Orange,#ad4343
Piano Dreamers,Top 20 Hits July 2024 (Instrumental),2024,20,Pop,https://is1-ssl.mzstatic.com/image/thumb/Music211/v4/69/06/ca/6906ca8b-2e23-f023-58ac-fcc4a4a788e8/24374.jpg/100x100bb.jpg,https://is1-ssl.mzstatic.com/image/thumb/Music211/v4/69/06/ca/6906ca8b-2e23-f023-58ac-fcc4a4a788e8/24374.jpg/600x600bb.jpg,50.4,37.4,70.2,Cool Blue,#7d808b
Yoon Jong Shin,2024 Monthly Yoon March - mm (with Jo Yeonho) - Single,2024,1,Pop,https://is1-ssl.mzstatic.com/image/thumb/Music221/v4/a1/35/b4/a135b45f-d589-8c29-a677-579e8bce868d/191953343594.jpg/100x100bb.jpg,https://is1-ssl.mzstatic.com/image/thumb/Music221/v4/a1/35/b4/a135b45f-d589-8c29-a677-579e8bce868d/191953343594.jpg/600x600bb.jpg,89.0,6.5,11.5,Minimalist White,#e9e0dd
Piano Dreamers,Top 20 Hits February 2024 (Instrumental),2024,20,Pop,https://is1-ssl.mzstatic.com/image/thumb/Music126/v4/b6/bc/b9/b6bcb966-e215-2b24-2270-1f66f079c114/21753.jpg/100x100bb.jpg,https://is1-ssl.mzstatic.com/image/thumb/Music126/v4/b6/bc/b9/b6bcb966-e215-2b24-2270-1f66f079c114/21753.jpg/600x600bb.jpg,62.3,16.9,47.4,Monochrome / Gray,#a09ba9
Tre Coast,Don't Talk To Me 2024 - Single,2024,1,Pop,https://is1-ssl.mzstatic.com/image/thumb/Music126/v4/b3/e7/b5/b3e7b515-31e8-daa4-80af-10076ff62484/24BMR0004954.rgb.jpg/100x100bb.jpg,https://is1-ssl.mzstatic.com/image/thumb/Music126/v4/b3/e7/b5/b3e7b515-31e8-daa4-80af-10076ff62484/24BMR0004954.rgb.jpg/600x600bb.jpg,23.0,54.9,60.8,Dark & Moody,#24443f
Piano Dreamers,Top 20 Hits August 2024 (Instrumental),2024,20,Pop,https://is1-ssl.mzstatic.com/image/thumb/Music211/v4/6d/bb/ae/6dbbaede-4a44-294c-43ed-cea0bdccc3e1/24865.jpg/100x100bb.jpg,https://is1-ssl.mzstatic.com/image/thumb/Music211/v4/6d/bb/ae/6dbbaede-4a44-294c-43ed-cea0bdccc3e1/24865.jpg/600x600bb.jpg,61.4,41.7,50.2,Warm Red & Orange,#b9976c
Andrea Bocelli & Brian May,"Who Wants To Live Forever (Live at “Teatro Del Silenzio” 2024, Tuscany) - Single",2025,1,Pop,https://is1-ssl.mzstatic.com/image/thumb/Music221/v4/34/d1/8d/34d18d64-231c-be12-b409-65b4bbaaa8a3/25UM1IM23669.rgb.jpg/100x100bb.jpg,https://is1-ssl.mzstatic.com/image/thumb/Music221/v4/34/d1/8d/34d18d64-231c-be12-b409-65b4bbaaa8a3/25UM1IM23669.rgb.jpg/600x600bb.jpg,26.2,45.4,54.9,Cool Blue,#443e56
Logan Pettipas,LPNC 2024,2024,36,Pop,https://is1-ssl.mzstatic.com/image/thumb/Music211/v4/27/ec/6a/27ec6aa6-4d83-97c9-485e-a8dfe16a30db/588410.jpg/100x100bb.jpg,https://is1-ssl.mzstatic.com/image/thumb/Music211/v4/27/ec/6a/27ec6aa6-4d83-97c9-485e-a8dfe16a30db/588410.jpg/600x600bb.jpg,40.3,78.4,63.3,Warm Red & Orange,#8b6319
Kate Bush,Snowflake (Radio Edit 2024) - Single,2024,1,Pop,https://is1-ssl.mzstatic.com/image/thumb/Music221/v4/2c/57/3e/2c573e6e-b101-1cb5-0bef-37852bd3da37/cover.jpg/100x100bb.jpg,https://is1-ssl.mzstatic.com/image/thumb/Music221/v4/2c/57/3e/2c573e6e-b101-1cb5-0bef-37852bd3da37/cover.jpg/600x600bb.jpg,6.6,0.0,29.3,Dark & Moody,#101010
Piano Dreamers,Top 20 Hits January 2024 (Instrumental),2024,20,Pop,https://is1-ssl.mzstatic.com/image/thumb/Music116/v4/57/78/74/577874eb-d4f8-d611-fddf-6a3a335fa381/21290.jpg/100x100bb.jpg,https://is1-ssl.mzstatic.com/image/thumb/Music116/v4/57/78/74/577874eb-d4f8-d611-fddf-6a3a335fa381/21290.jpg/600x600bb.jpg,52.8,13.8,56.3,Monochrome / Gray,#808793
Guitar Tribute Players,Top 20 Acoustic Tracks Autumn 2024 (Instrumental),2024,20,Pop,https://is1-ssl.mzstatic.com/image/thumb/Music221/v4/2b/8e/a1/2b8ea1db-bb2b-8ffe-7709-3b06a4367e40/25424.jpg/100x100bb.jpg,https://is1-ssl.mzstatic.com/image/thumb/Music221/v4/2b/8e/a1/2b8ea1db-bb2b-8ffe-7709-3b06a4367e40/25424.jpg/600x600bb.jpg,47.4,44.3,58.4,Warm Red & Orange,#91715f
Ultimo,ULTIMO LIVE STADI 2024 (Live),2025,30,Pop,https://is1-ssl.mzstatic.com/image/thumb/Music211/v4/71/1c/e7/711ce7ac-54c3-80cb-39a3-e54938fc688e/cover.jpg/100x100bb.jpg,https://is1-ssl.mzstatic.com/image/thumb/Music211/v4/71/1c/e7/711ce7ac-54c3-80cb-39a3-e54938fc688e/cover.jpg/600x600bb.jpg,49.7,67.3,72.4,Warm Red & Orange,#a67932
Elvis Costello,King Of America & Other Realms (Super Deluxe / 2024 Remaster),2024,59,Pop,https://is1-ssl.mzstatic.com/image/thumb/Music221/v4/a2/75/e1/a275e12f-e1b4-62f2-a8b8-e7a02c319537/24UMGIM93260.rgb.jpg/100x100bb.jpg,https://is1-ssl.mzstatic.com/image/thumb/Music221/v4/a2/75/e1/a275e12f-e1b4-62f2-a8b8-e7a02c319537/24UMGIM93260.rgb.jpg/600x600bb.jpg,43.0,22.1,43.3,Warm Red & Orange,#7b6960
Various Artists,Chị Đẹp Đạp Gió 2024 - Vòng Solo,2024,15,Pop,https://is1-ssl.mzstatic.com/image/thumb/Music211/v4/92/1d/5f/921d5f48-dc30-1a95-bb92-5c4909eaa315/cover.jpg/100x100bb.jpg,https://is1-ssl.mzstatic.com/image/thumb/Music211/v4/92/1d/5f/921d5f48-dc30-1a95-bb92-5c4909eaa315/cover.jpg/600x600bb.jpg,33.3,65.5,58.8,Cool Blue,#315e7f
Piano Dreamers,Top 20 Hits October 2024 (Instrumental),2024,20,Pop,https://is1-ssl.mzstatic.com/image/thumb/Music211/v4/8d/2a/aa/8d2aaa58-32b6-981b-6850-2320b1086b71/25423.jpg/100x100bb.jpg,https://is1-ssl.mzstatic.com/image/thumb/Music211/v4/8d/2a/aa/8d2aaa58-32b6-981b-6850-2320b1086b71/25423.jpg/600x600bb.jpg,36.9,49.4,58.5,Warm Red & Orange,#725843
VuSe,SunRisers Hyderabad Anthem - 2024 - Single,2024,1,Pop,https://is1-ssl.mzstatic.com/image/thumb/Music211/v4/4a/51/36/4a513654-27ae-857e-2b82-314bc70f5f60/198391578328.jpg/100x100bb.jpg,https://is1-ssl.mzstatic.com/image/thumb/Music211/v4/4a/51/36/4a513654-27ae-857e-2b82-314bc70f5f60/198391578328.jpg/600x600bb.jpg,79.0,37.2,53.4,Warm Red & Orange,#f0be9a
Various Artists,Chị Đẹp Đạp Gió 2024 - Công Diễn 3 - EP,2024,4,Pop,https://is1-ssl.mzstatic.com/image/thumb/Music211/v4/4d/d2/8d/4dd28db3-f884-b539-7d83-c56a2c87d174/cover.jpg/100x100bb.jpg,https://is1-ssl.mzstatic.com/image/thumb/Music211/v4/4d/d2/8d/4dd28db3-f884-b539-7d83-c56a2c87d174/cover.jpg/600x600bb.jpg,73.0,22.6,39.3,Warm Red & Orange,#c7b8a1
Ciara & Dipha Barus,Goodies 2024 - Single,2024,1,Pop,https://is1-ssl.mzstatic.com/image/thumb/Music211/v4/7b/3d/26/7b3d264f-4e97-995b-121b-80d27d747ca1/196872456387.jpg/100x100bb.jpg,https://is1-ssl.mzstatic.com/image/thumb/Music211/v4/7b/3d/26/7b3d264f-4e97-995b-121b-80d27d747ca1/196872456387.jpg/600x600bb.jpg,85.4,22.0,47.3,Pink & Magenta,#f3ccdb
Guitar Tribute Players,Top 20 Acoustic Tracks Winter 2024 (Instrumental),2024,20,Pop,https://is1-ssl.mzstatic.com/image/thumb/Music122/v4/4c/95/96/4c9596a7-e20d-3a54-6679-037460e29b87/22623.jpg/100x100bb.jpg,https://is1-ssl.mzstatic.com/image/thumb/Music122/v4/4c/95/96/4c9596a7-e20d-3a54-6679-037460e29b87/22623.jpg/600x600bb.jpg,50.7,23.9,65.1,Cool Blue,#7c818e
"Salim-Sulaiman, Sonu Nigam & Vishal Dadlani","Jaan Le Gayi (From ""Bhoomi 2024"") - Single",2024,1,Pop,https://is1-ssl.mzstatic.com/image/thumb/Music221/v4/f1/3c/13/f13c1397-92d2-6e96-7176-d8bce9db1470/5034644331867.jpg/100x100bb.jpg,https://is1-ssl.mzstatic.com/image/thumb/Music221/v4/f1/3c/13/f13c1397-92d2-6e96-7176-d8bce9db1470/5034644331867.jpg/600x600bb.jpg,30.0,49.9,57.8,Cool Blue,#544366
Dreamcatcher,(Luck Inside 7 Doors) [2024 Concert Version] - Single,2024,2,Pop,https://is1-ssl.mzstatic.com/image/thumb/Music221/v4/8c/94/95/8c9495b1-b582-0b5b-549c-82aebc8042f3/191953338934_Cover.jpg/100x100bb.jpg,https://is1-ssl.mzstatic.com/image/thumb/Music221/v4/8c/94/95/8c9495b1-b582-0b5b-549c-82aebc8042f3/191953338934_Cover.jpg/600x600bb.jpg,15.3,53.3,39.3,Dark & Moody,#302518
Hindley Street Country Club,April to June 2024,2024,12,Pop,https://is1-ssl.mzstatic.com/image/thumb/Music221/v4/98/c1/fa/98c1faf2-8921-9f73-f78c-c4d3cb35db7f/0.jpg/100x100bb.jpg,https://is1-ssl.mzstatic.com/image/thumb/Music221/v4/98/c1/fa/98c1faf2-8921-9f73-f78c-c4d3cb35db7f/0.jpg/600x600bb.jpg,34.6,48.4,49.8,Green,#535c4c
Naser Razzazi & CHAMOS,Berzî Berzî 2024 - Single,2024,1,Pop,https://is1-ssl.mzstatic.com/image/thumb/Music211/v4/cb/c8/89/cbc8898c-77ae-15c8-055f-19b65af86cc5/859798358943_cover.jpg/100x100bb.jpg,https://is1-ssl.mzstatic.com/image/thumb/Music211/v4/cb/c8/89/cbc8898c-77ae-15c8-055f-19b65af86cc5/859798358943_cover.jpg/600x600bb.jpg,74.3,34.1,39.2,Warm Red & Orange,#d5bb87
Felippinho21,Pop 2023 - Single,2023,1,Pop,https://is1-ssl.mzstatic.com/image/thumb/Music221/v4/8c/05/b1/8c05b1c3-b83b-2c65-2110-8a95fadce1b4/228586.jpg/100x100bb.jpg,https://is1-ssl.mzstatic.com/image/thumb/Music221/v4/8c/05/b1/8c05b1c3-b83b-2c65-2110-8a95fadce1b4/228586.jpg/600x600bb.jpg,39.7,30.7,37.4,Cool Blue,#5d647e
Eyal Golan,2023,2023,19,Pop,https://is1-ssl.mzstatic.com/image/thumb/Music221/v4/9e/d3/4e/9ed34ef6-9f06-8f8b-6c85-029ff69df726/3617057928248.png/100x100bb.jpg,https://is1-ssl.mzstatic.com/image/thumb/Music221/v4/9e/d3/4e/9ed34ef6-9f06-8f8b-6c85-029ff69df726/3617057928248.png/600x600bb.jpg,13.5,17.3,38.6,Dark & Moody,#28201b
Chris Wauben,Pop (2023 Remastered) - EP,2023,4,Pop,https://is1-ssl.mzstatic.com/image/thumb/Music116/v4/16/7b/3f/167b3f0b-08b1-09a8-53de-c35a97a8fee3/859776478175_cover.jpg/100x100bb.jpg,https://is1-ssl.mzstatic.com/image/thumb/Music116/v4/16/7b/3f/167b3f0b-08b1-09a8-53de-c35a97a8fee3/859776478175_cover.jpg/600x600bb.jpg,75.8,26.7,60.0,Cool Blue,#aac5e5
Alex Warren & Luke Combs,Ordinary (Live from Lollapalooza) - Single,2025,1,Pop,https://is1-ssl.mzstatic.com/image/thumb/Music211/v4/cf/f6/d9/cff6d9c7-5544-0265-7db8-c2c9d7932b51/075679601025.jpg/100x100bb.jpg,https://is1-ssl.mzstatic.com/image/thumb/Music211/v4/cf/f6/d9/cff6d9c7-5544-0265-7db8-c2c9d7932b51/075679601025.jpg/600x600bb.jpg,32.7,54.2,46.9,Pink & Magenta,#833d48
Adele,Skyfall - Single,2012,1,Pop,https://is1-ssl.mzstatic.com/image/thumb/Music125/v4/b3/fe/cf/b3fecf76-0359-8e14-0651-4b101fc68a3f/886443673632.jpg/100x100bb.jpg,https://is1-ssl.mzstatic.com/image/thumb/Music125/v4/b3/fe/cf/b3fecf76-0359-8e14-0651-4b101fc68a3f/886443673632.jpg/600x600bb.jpg,8.7,55.6,15.0,Dark & Moody,#081b1c
Ariana Grande,Yours Truly,2013,13,Pop,https://is1-ssl.mzstatic.com/image/thumb/Music124/v4/0a/19/23/0a19235d-8bcc-76d4-58ca-61a65d928587/13UAAIM68293.rgb.jpg/100x100bb.jpg,https://is1-ssl.mzstatic.com/image/thumb/Music124/v4/0a/19/23/0a19235d-8bcc-76d4-58ca-61a65d928587/13UAAIM68293.rgb.jpg/600x600bb.jpg,18.2,0.2,40.0,Dark & Moody,#2e2e2e
Subway Surfers,2023,2024,22,Pop,https://is1-ssl.mzstatic.com/image/thumb/Music126/v4/a6/11/47/a6114799-0f87-f0fd-4858-1b1d51ceb4f7/7321170720172.png/100x100bb.jpg,https://is1-ssl.mzstatic.com/image/thumb/Music126/v4/a6/11/47/a6114799-0f87-f0fd-4858-1b1d51ceb4f7/7321170720172.png/600x600bb.jpg,39.1,55.4,47.7,Pink & Magenta,#6c5e68
Miley Cyrus,Endless Summer Vacation,2023,13,Pop,https://is1-ssl.mzstatic.com/image/thumb/Music126/v4/8c/67/ff/8c67ff91-31c3-3fef-1884-ce3ec89f3af4/196589946874.jpg/100x100bb.jpg,https://is1-ssl.mzstatic.com/image/thumb/Music126/v4/8c/67/ff/8c67ff91-31c3-3fef-1884-ce3ec89f3af4/196589946874.jpg/600x600bb.jpg,36.5,62.6,45.9,Cool Blue,#3b6587
Sebastian Llosa,2023 - Single,2026,1,Pop,https://is1-ssl.mzstatic.com/image/thumb/Music221/v4/92/8b/e4/928be42f-a06b-cdae-e0ec-0ef37948b777/artwork.jpg/100x100bb.jpg,https://is1-ssl.mzstatic.com/image/thumb/Music221/v4/92/8b/e4/928be42f-a06b-cdae-e0ec-0ef37948b777/artwork.jpg/600x600bb.jpg,50.4,12.0,32.7,Monochrome / Gray,#818179
Pentatonix,That's Christmas To Me (Deluxe Edition),2014,16,Pop,https://is1-ssl.mzstatic.com/image/thumb/Music115/v4/44/85/cc/4485cc53-2ad8-c1cd-c6bc-d3e302e964ca/886445528350.jpg/100x100bb.jpg,https://is1-ssl.mzstatic.com/image/thumb/Music115/v4/44/85/cc/4485cc53-2ad8-c1cd-c6bc-d3e302e964ca/886445528350.jpg/600x600bb.jpg,50.8,10.3,57.1,Monochrome / Gray,#828084
Taylor Swift,Bad Blood (feat. Kendrick Lamar) - Single,2015,1,Pop,https://is1-ssl.mzstatic.com/image/thumb/Music124/v4/16/ac/6f/16ac6fdc-f3cd-6588-bd58-163cf41f7e58/00843930018314.rgb.jpg/100x100bb.jpg,https://is1-ssl.mzstatic.com/image/thumb/Music124/v4/16/ac/6f/16ac6fdc-f3cd-6588-bd58-163cf41f7e58/00843930018314.rgb.jpg/600x600bb.jpg,11.0,20.0,34.3,Dark & Moody,#261717
Adam Levine,Good Mood (Original Song From Paw Patrol: The Movie) - Single,2021,1,Pop,https://is1-ssl.mzstatic.com/image/thumb/Music125/v4/74/61/11/74611127-f78d-f011-efdd-7e51c9db265f/21UMGIM70654.rgb.jpg/100x100bb.jpg,https://is1-ssl.mzstatic.com/image/thumb/Music125/v4/74/61/11/74611127-f78d-f011-efdd-7e51c9db265f/21UMGIM70654.rgb.jpg/600x600bb.jpg,57.4,47.3,40.0,Cool Blue,#8e8faa
AYANE,2023 - Single,2023,1,Pop,https://is1-ssl.mzstatic.com/image/thumb/Music122/v4/6e/eb/38/6eeb38d8-8ee6-e752-b56a-aad7623ac669/bigup13501725.jpg/100x100bb.jpg,https://is1-ssl.mzstatic.com/image/thumb/Music122/v4/6e/eb/38/6eeb38d8-8ee6-e752-b56a-aad7623ac669/bigup13501725.jpg/600x600bb.jpg,79.5,23.5,17.6,Pink & Magenta,#e5bbd6
Highwind,2023 - Single,2019,1,Pop,https://is1-ssl.mzstatic.com/image/thumb/Music123/v4/97/7b/66/977b666e-616e-a746-311a-9f4e29293217/artwork.jpg/100x100bb.jpg,https://is1-ssl.mzstatic.com/image/thumb/Music123/v4/97/7b/66/977b666e-616e-a746-311a-9f4e29293217/artwork.jpg/600x600bb.jpg,34.5,25.4,45.8,Warm Red & Orange,#615549
Elvis Presley,Elvis' Christmas Album,1957,12,Pop,https://is1-ssl.mzstatic.com/image/thumb/Music115/v4/e0/04/02/e0040287-bd23-a030-693b-c48d146de930/886444095303.jpg/100x100bb.jpg,https://is1-ssl.mzstatic.com/image/thumb/Music115/v4/e0/04/02/e0040287-bd23-a030-693b-c48d146de930/886444095303.jpg/600x600bb.jpg,42.8,58.0,34.4,Warm Red & Orange,#b34f4d
Róisín O,2023 - Single,2021,1,Pop,https://is1-ssl.mzstatic.com/image/thumb/Music125/v4/83/c6/9c/83c69c60-09e0-e457-a5e3-6daa98f94dde/190296776977.jpg/100x100bb.jpg,https://is1-ssl.mzstatic.com/image/thumb/Music125/v4/83/c6/9c/83c69c60-09e0-e457-a5e3-6daa98f94dde/190296776977.jpg/600x600bb.jpg,41.5,69.6,41.9,Warm Red & Orange,#6d6961
Glee Cast,"Glee: The Music, The Christmas Album",2010,12,Pop,https://is1-ssl.mzstatic.com/image/thumb/Music221/v4/3f/ce/2e/3fce2efb-0569-6e8d-0769-96b090d5e4e3/884977799484.jpg/100x100bb.jpg,https://is1-ssl.mzstatic.com/image/thumb/Music221/v4/3f/ce/2e/3fce2efb-0569-6e8d-0769-96b090d5e4e3/884977799484.jpg/600x600bb.jpg,50.7,52.0,21.5,Green,#74914f
Maroon 5,Hands All Over (Deluxe Edition),2010,20,Pop,https://is1-ssl.mzstatic.com/image/thumb/Music122/v4/61/53/15/61531592-3e8b-1e85-b434-73a991d8143c/14UMGIM27067.rgb.jpg/100x100bb.jpg,https://is1-ssl.mzstatic.com/image/thumb/Music122/v4/61/53/15/61531592-3e8b-1e85-b434-73a991d8143c/14UMGIM27067.rgb.jpg/600x600bb.jpg,70.4,18.0,58.4,Monochrome / Gray,#c3ada6
"AP Dhillon, Shinda Kahlon, Gurinder Gill & Gminxr",Insane - Single,2021,1,Pop,https://is1-ssl.mzstatic.com/image/thumb/Music115/v4/16/d6/94/16d6949f-6072-0b42-f88b-a61ffb129952/859747110851_cover.jpg/100x100bb.jpg,https://is1-ssl.mzstatic.com/image/thumb/Music115/v4/16/d6/94/16d6949f-6072-0b42-f88b-a61ffb129952/859747110851_cover.jpg/600x600bb.jpg,11.9,17.6,32.8,Dark & Moody,#231c1b
Ed Sheeran,Bad Habits (feat. Bring Me The Horizon) - Single,2022,1,Pop,https://is1-ssl.mzstatic.com/image/thumb/Music116/v4/d0/7e/1c/d07e1ceb-e2ce-c544-cb7d-506f3f58f0d7/190296216657.jpg/100x100bb.jpg,https://is1-ssl.mzstatic.com/image/thumb/Music116/v4/d0/7e/1c/d07e1ceb-e2ce-c544-cb7d-506f3f58f0d7/190296216657.jpg/600x600bb.jpg,21.0,54.7,34.1,Dark & Moody,#2e3932
JoJo Siwa,Bop! - Single,2019,1,Pop,https://is1-ssl.mzstatic.com/image/thumb/Music112/v4/21/1e/b6/211eb69a-b63a-2de5-6fd1-015354e16ac1/22UMGIM93162.rgb.jpg/100x100bb.jpg,https://is1-ssl.mzstatic.com/image/thumb/Music112/v4/21/1e/b6/211eb69a-b63a-2de5-6fd1-015354e16ac1/22UMGIM93162.rgb.jpg/600x600bb.jpg,73.4,30.2,40.6,Cool Blue,#cdaae2
IShowSpeed,World Cup - Single,2022,1,Pop,https://is1-ssl.mzstatic.com/image/thumb/Music112/v4/a0/11/11/a011112f-cdac-9cd2-8015-77d3991a4d12/054391728722.jpg/100x100bb.jpg,https://is1-ssl.mzstatic.com/image/thumb/Music112/v4/a0/11/11/a011112f-cdac-9cd2-8015-77d3991a4d12/054391728722.jpg/600x600bb.jpg,56.5,28.9,53.5,Warm Red & Orange,#9e8d78
Manuel Turizo,2000,2023,15,Latin,https://is1-ssl.mzstatic.com/image/thumb/Music126/v4/07/1a/d6/071ad6bd-8cac-adfb-94e4-e7c2c525a216/196589867988.jpg/100x100bb.jpg,https://is1-ssl.mzstatic.com/image/thumb/Music126/v4/07/1a/d6/071ad6bd-8cac-adfb-94e4-e7c2c525a216/196589867988.jpg/600x600bb.jpg,52.4,27.7,37.9,Warm Red & Orange,#8b8381
Bruno Mars,Lo Arriesgo Todo - Single,2026,1,Pop,https://is1-ssl.mzstatic.com/image/thumb/Music211/v4/27/d0/0f/27d00f10-12bf-9ac8-9042-43f0783ede67/075679583659.jpg/100x100bb.jpg,https://is1-ssl.mzstatic.com/image/thumb/Music211/v4/27/d0/0f/27d00f10-12bf-9ac8-9042-43f0783ede67/075679583659.jpg/600x600bb.jpg,62.1,28.4,34.9,Green,#98a09f
Pitbull,We Are One (Ole Ola) [The Official 2014 FIFA World Cup Song] [feat. Jennifer Lopez & Cláudia Leitte] [Olodum Mix] - Single,2014,1,Pop,https://is1-ssl.mzstatic.com/image/thumb/Music4/v4/9d/30/bd/9d30bdd8-fa07-5193-3163-804fb2ae5305/886444556958.jpg/100x100bb.jpg,https://is1-ssl.mzstatic.com/image/thumb/Music4/v4/9d/30/bd/9d30bdd8-fa07-5193-3163-804fb2ae5305/886444556958.jpg/600x600bb.jpg,70.1,29.7,64.4,Warm Red & Orange,#c7ad95
Jeremy Weinglass,Rock Classics (Solo Piano),2008,11,Rock,https://is1-ssl.mzstatic.com/image/thumb/Music124/v4/55/b3/ac/55b3ac56-50c9-27fd-be05-093c048ffb3a/634479952395.png/100x100bb.jpg,https://is1-ssl.mzstatic.com/image/thumb/Music124/v4/55/b3/ac/55b3ac56-50c9-27fd-be05-093c048ffb3a/634479952395.png/600x600bb.jpg,55.0,52.4,58.6,Warm Red & Orange,#aa8a47
Various Artists,Rock Classics,2014,16,Rock,https://is1-ssl.mzstatic.com/image/thumb/Music/v4/f6/2c/e4/f62ce4e6-0ec6-8708-f9f7-fe1c74b1e500/cover.jpg/100x100bb.jpg,https://is1-ssl.mzstatic.com/image/thumb/Music/v4/f6/2c/e4/f62ce4e6-0ec6-8708-f9f7-fe1c74b1e500/cover.jpg/600x600bb.jpg,26.0,14.3,60.8,Monochrome / Gray,#3f4344
250 kg kärlek,Rock Classics (feat. Henry Smith),2020,10,Rock,https://is1-ssl.mzstatic.com/image/thumb/Music113/v4/75/59/f5/7559f579-b895-5931-96ec-caa118c5886b/195081451015.jpg/100x100bb.jpg,https://is1-ssl.mzstatic.com/image/thumb/Music113/v4/75/59/f5/7559f579-b895-5931-96ec-caa118c5886b/195081451015.jpg/600x600bb.jpg,64.5,7.6,85.5,Monochrome / Gray,#a5a4a3
Celso Celli,Rock Classics (Acústico),2017,16,Rock,https://is1-ssl.mzstatic.com/image/thumb/Music124/v4/bb/9a/e1/bb9ae1fe-8362-78d1-0c6e-deeb19a425c5/6553455_cover.jpg/100x100bb.jpg,https://is1-ssl.mzstatic.com/image/thumb/Music124/v4/bb/9a/e1/bb9ae1fe-8362-78d1-0c6e-deeb19a425c5/6553455_cover.jpg/600x600bb.jpg,56.3,21.7,37.3,Pink & Magenta,#938d8f
Acoustix,Rock Classics - EP,2024,5,Rock,https://is1-ssl.mzstatic.com/image/thumb/Music221/v4/61/c2/21/61c221d2-d09e-c566-cfc3-3388f76f1511/8721093683612.png/100x100bb.jpg,https://is1-ssl.mzstatic.com/image/thumb/Music221/v4/61/c2/21/61c221d2-d09e-c566-cfc3-3388f76f1511/8721093683612.png/600x600bb.jpg,12.6,79.2,26.0,Dark & Moody,#331a0c
Acoustix,Rock Classics,2024,10,Rock,https://is1-ssl.mzstatic.com/image/thumb/Music211/v4/bd/d1/e0/bdd1e082-aa22-52c4-17a9-6b3bba5cce20/8721093988052.png/100x100bb.jpg,https://is1-ssl.mzstatic.com/image/thumb/Music211/v4/bd/d1/e0/bdd1e082-aa22-52c4-17a9-6b3bba5cce20/8721093988052.png/600x600bb.jpg,12.6,79.2,26.0,Dark & Moody,#331a0c
Various Artists,Rock Classics (Slowed + Reverb),2025,15,Rock,https://is1-ssl.mzstatic.com/image/thumb/Music221/v4/ce/c8/14/cec814b2-60a8-e7ee-8407-063a34685364/741869412442.jpg/100x100bb.jpg,https://is1-ssl.mzstatic.com/image/thumb/Music221/v4/ce/c8/14/cec814b2-60a8-e7ee-8407-063a34685364/741869412442.jpg/600x600bb.jpg,45.7,52.7,69.7,Warm Red & Orange,#8c6a66
Peter Hofmann,Rock Classics - Your Songs,1996,15,Rock,https://is1-ssl.mzstatic.com/image/thumb/Music/ff/32/36/mzi.gdckzuap.jpg/100x100bb.jpg,https://is1-ssl.mzstatic.com/image/thumb/Music/ff/32/36/mzi.gdckzuap.jpg/600x600bb.jpg,36.9,61.2,37.1,Pink & Magenta,#7f4c5f
Ratatat,Classics,2006,11,Rock,https://is1-ssl.mzstatic.com/image/thumb/Music116/v4/b8/49/69/b84969fc-a475-ebc2-6496-274eb0771360/634904219888.png/100x100bb.jpg,https://is1-ssl.mzstatic.com/image/thumb/Music116/v4/b8/49/69/b84969fc-a475-ebc2-6496-274eb0771360/634904219888.png/600x600bb.jpg,17.3,42.8,68.8,Dark & Moody,#322c1b
"Andreas Lonardoni, Bodo Schopf, Grahame Maclean & Barry Ryder",Rock Classics,1995,9,Rock,https://is1-ssl.mzstatic.com/image/thumb/Music112/v4/2e/84/81/2e8481e2-210c-b5b8-395f-7537018db545/cover.jpg/100x100bb.jpg,https://is1-ssl.mzstatic.com/image/thumb/Music112/v4/2e/84/81/2e8481e2-210c-b5b8-395f-7537018db545/cover.jpg/600x600bb.jpg,59.7,21.8,50.4,Warm Red & Orange,#a1958e
Lucid,Rock Classics,2011,10,Rock,https://is1-ssl.mzstatic.com/image/thumb/Music/cc/d3/84/mzi.ychgcatd.tif/100x100bb.jpg,https://is1-ssl.mzstatic.com/image/thumb/Music/cc/d3/84/mzi.ychgcatd.tif/600x600bb.jpg,26.6,47.3,52.4,Warm Red & Orange,#613735
Rod Stewart,Still the Same... Great Rock Classics of Our Time,2006,13,Rock,https://is1-ssl.mzstatic.com/image/thumb/Music114/v4/d1/02/3c/d1023ca0-f4db-6cc7-db3b-d6fef5293da2/mzi.progimfg.jpg/100x100bb.jpg,https://is1-ssl.mzstatic.com/image/thumb/Music114/v4/d1/02/3c/d1023ca0-f4db-6cc7-db3b-d6fef5293da2/mzi.progimfg.jpg/600x600bb.jpg,40.9,41.6,64.3,Cool Blue,#5d697e
Sarah Brightman,Classics,2001,15,Rock,https://is1-ssl.mzstatic.com/image/thumb/Music118/v4/c1/ec/64/c1ec648a-dc73-b616-f6fc-2bbf3bf5e342/00724353325756.rgb.jpg/100x100bb.jpg,https://is1-ssl.mzstatic.com/image/thumb/Music118/v4/c1/ec/64/c1ec648a-dc73-b616-f6fc-2bbf3bf5e342/00724353325756.rgb.jpg/600x600bb.jpg,79.1,17.1,40.1,Minimalist White,#d6c6b8
Triumph,Classics,1989,11,Rock,https://is1-ssl.mzstatic.com/image/thumb/Music211/v4/3b/25/30/3b253016-2ec9-6745-bfa7-4054be3d8045/24CRGIM42054.rgb.jpg/100x100bb.jpg,https://is1-ssl.mzstatic.com/image/thumb/Music211/v4/3b/25/30/3b253016-2ec9-6745-bfa7-4054be3d8045/24CRGIM42054.rgb.jpg/600x600bb.jpg,18.8,13.0,31.9,Dark & Moody,#322e33
She & Him,Classics,2015,14,Rock,https://is1-ssl.mzstatic.com/image/thumb/Music124/v4/3a/b4/62/3ab46218-be3b-7d56-bf5c-3d9b33ccc162/886445068948.jpg/100x100bb.jpg,https://is1-ssl.mzstatic.com/image/thumb/Music124/v4/3a/b4/62/3ab46218-be3b-7d56-bf5c-3d9b33ccc162/886445068948.jpg/600x600bb.jpg,56.8,22.9,60.1,Warm Red & Orange,#a58a7e
Various Artists,Rock Classics of the 70's,1989,13,Rock,https://is1-ssl.mzstatic.com/image/thumb/Music/92/5e/d3/mzi.okyumwks.jpg/100x100bb.jpg,https://is1-ssl.mzstatic.com/image/thumb/Music/92/5e/d3/mzi.okyumwks.jpg/600x600bb.jpg,48.3,27.2,42.8,Cool Blue,#7a7a7c
John Conlee,Classics,2003,22,Rock,https://is1-ssl.mzstatic.com/image/thumb/Music124/v4/c6/e3/aa/c6e3aa0e-2340-8708-761e-443e979e9de0/mzm.ovrtksrx.jpg/100x100bb.jpg,https://is1-ssl.mzstatic.com/image/thumb/Music124/v4/c6/e3/aa/c6e3aa0e-2340-8708-761e-443e979e9de0/mzm.ovrtksrx.jpg/600x600bb.jpg,27.6,45.7,43.4,Warm Red & Orange,#5d3d36
Don Mclean,Classics,1992,10,Rock,https://is1-ssl.mzstatic.com/image/thumb/Music211/v4/3d/ac/6a/3dac6a5f-d4be-32c6-6e4a-c7a79fe5bfd9/715187754720.png/100x100bb.jpg,https://is1-ssl.mzstatic.com/image/thumb/Music211/v4/3d/ac/6a/3dac6a5f-d4be-32c6-6e4a-c7a79fe5bfd9/715187754720.png/600x600bb.jpg,17.6,18.6,50.9,Dark & Moody,#2f2b2c
Joe Cocker,Classics (Vol.4),1987,13,Rock,https://is1-ssl.mzstatic.com/image/thumb/Music126/v4/5b/ea/d1/5bead12e-ca98-112f-025e-e0c9a23bde9c/07UMGIM02208.rgb.jpg/100x100bb.jpg,https://is1-ssl.mzstatic.com/image/thumb/Music126/v4/5b/ea/d1/5bead12e-ca98-112f-025e-e0c9a23bde9c/07UMGIM02208.rgb.jpg/600x600bb.jpg,19.8,35.7,33.7,Dark & Moody,#402a37
Rockabye Baby!,Lullaby Renditions of Christmas Rock Classics,2007,13,Rock,https://is1-ssl.mzstatic.com/image/thumb/Music5/v4/03/1d/2d/031d2d6d-70a9-7a2a-2999-60e4f0f2b00c/9637_300dpi.jpg/100x100bb.jpg,https://is1-ssl.mzstatic.com/image/thumb/Music5/v4/03/1d/2d/031d2d6d-70a9-7a2a-2999-60e4f0f2b00c/9637_300dpi.jpg/600x600bb.jpg,41.0,66.1,48.7,Warm Red & Orange,#b24a41
Various Artists,Rock Classics: Black Sheep R.I.P (Original),2006,8,Rock,https://is1-ssl.mzstatic.com/image/thumb/Music/03/54/fb/mzi.ghxzjsts.jpg/100x100bb.jpg,https://is1-ssl.mzstatic.com/image/thumb/Music/03/54/fb/mzi.ghxzjsts.jpg/600x600bb.jpg,43.3,50.3,88.6,Warm Red & Orange,#8a6455
practicealong,Rock Classics,2023,10,Rock,https://is1-ssl.mzstatic.com/image/thumb/Music113/v4/bb/80/bf/bb80bf5c-1625-6d92-4572-03b10c123f58/artwork.jpg/100x100bb.jpg,https://is1-ssl.mzstatic.com/image/thumb/Music113/v4/bb/80/bf/bb80bf5c-1625-6d92-4572-03b10c123f58/artwork.jpg/600x600bb.jpg,26.9,20.8,42.8,Cool Blue,#3e464c
RiO,Rock Classics,2023,11,Rock,https://is1-ssl.mzstatic.com/image/thumb/Music116/v4/7e/d6/79/7ed6794a-99c4-cb27-edf3-b552d07fa48a/Rock_Classics_Cover.jpg/100x100bb.jpg,https://is1-ssl.mzstatic.com/image/thumb/Music116/v4/7e/d6/79/7ed6794a-99c4-cb27-edf3-b552d07fa48a/Rock_Classics_Cover.jpg/600x600bb.jpg,20.2,89.5,26.8,Dark & Moody,#123290
1981 Rock Classics,Just Like a White Winged Dove - Single,2011,1,Rock,https://is1-ssl.mzstatic.com/image/thumb/Music124/v4/ff/66/f2/ff66f2b8-4f27-910f-2884-e97e07c2187a/mzi.rpyhczat.jpg/100x100bb.jpg,https://is1-ssl.mzstatic.com/image/thumb/Music124/v4/ff/66/f2/ff66f2b8-4f27-910f-2884-e97e07c2187a/mzi.rpyhczat.jpg/600x600bb.jpg,28.3,2.9,76.8,Monochrome / Gray,#484847
The Techniques,Classics,1995,18,Rock,https://is1-ssl.mzstatic.com/image/thumb/Music221/v4/8b/d6/99/8bd69993-b1d5-53d5-27cb-d14b268f6be8/5005.jpg/100x100bb.jpg,https://is1-ssl.mzstatic.com/image/thumb/Music221/v4/8b/d6/99/8bd69993-b1d5-53d5-27cb-d14b268f6be8/5005.jpg/600x600bb.jpg,68.3,89.7,47.7,Warm Red & Orange,#d7b712
L.A. Guns,Space Truckin' - Single,2026,1,Rock,https://is1-ssl.mzstatic.com/image/thumb/Music221/v4/12/d0/23/12d023cc-4a38-db61-333e-6c964dd621d3/889466761096.jpg/100x100bb.jpg,https://is1-ssl.mzstatic.com/image/thumb/Music221/v4/12/d0/23/12d023cc-4a38-db61-333e-6c964dd621d3/889466761096.jpg/600x600bb.jpg,29.2,27.0,43.0,Warm Red & Orange,#524746
Fuel,Hard - Single,2021,1,Rock,https://is1-ssl.mzstatic.com/image/thumb/Music125/v4/3f/35/37/3f35373b-1dad-83b3-56a3-c466b370e5b5/0.jpg/100x100bb.jpg,https://is1-ssl.mzstatic.com/image/thumb/Music125/v4/3f/35/37/3f35373b-1dad-83b3-56a3-c466b370e5b5/0.jpg/600x600bb.jpg,38.9,12.6,43.7,Monochrome / Gray,#63645b
AC/DC,Back In Black,1980,11,Rock,https://is1-ssl.mzstatic.com/image/thumb/Music115/v4/1e/14/58/1e145814-281a-58e0-3ab1-145f5d1af421/886443673441.jpg/100x100bb.jpg,https://is1-ssl.mzstatic.com/image/thumb/Music115/v4/1e/14/58/1e145814-281a-58e0-3ab1-145f5d1af421/886443673441.jpg/600x600bb.jpg,7.6,22.4,5.9,Dark & Moody,#121317
Sleep Token,Take Me Back To Eden,2023,12,Rock,https://is1-ssl.mzstatic.com/image/thumb/Music116/v4/e2/c6/0f/e2c60f68-7cec-fa08-6dd3-891aa72c247e/5401148000849_cover.jpg/100x100bb.jpg,https://is1-ssl.mzstatic.com/image/thumb/Music116/v4/e2/c6/0f/e2c60f68-7cec-fa08-6dd3-891aa72c247e/5401148000849_cover.jpg/600x600bb.jpg,79.6,7.1,38.8,Minimalist White,#cecbc0
Nickelback,All the Right Reasons,2005,11,Rock,https://is1-ssl.mzstatic.com/image/thumb/Music114/v4/f8/e0/db/f8e0db52-f6e5-5d85-6e0a-ae73e5caab11/mzi.qohxegpg.jpg/100x100bb.jpg,https://is1-ssl.mzstatic.com/image/thumb/Music114/v4/f8/e0/db/f8e0db52-f6e5-5d85-6e0a-ae73e5caab11/mzi.qohxegpg.jpg/600x600bb.jpg,45.0,26.5,64.2,Cool Blue,#747078
Bad Wolves,Zombie - Single,2018,1,Rock,https://is1-ssl.mzstatic.com/image/thumb/Music221/v4/eb/db/9a/ebdb9ad3-4151-d117-6dcb-9e67ca7a2f0d/849320030102.png/100x100bb.jpg,https://is1-ssl.mzstatic.com/image/thumb/Music221/v4/eb/db/9a/ebdb9ad3-4151-d117-6dcb-9e67ca7a2f0d/849320030102.png/600x600bb.jpg,79.6,13.1,52.7,Minimalist White,#bdd0d2
Chris Stapleton,Starting Over,2020,14,Rock,https://is1-ssl.mzstatic.com/image/thumb/Music115/v4/34/12/78/34127801-ad2b-4469-4916-d661bba34a94/20UMGIM71875.rgb.jpg/100x100bb.jpg,https://is1-ssl.mzstatic.com/image/thumb/Music115/v4/34/12/78/34127801-ad2b-4469-4916-d661bba34a94/20UMGIM71875.rgb.jpg/600x600bb.jpg,95.0,0.0,2.5,Minimalist White,#f2f2f2
Metallica,Metallica (Remastered),1991,12,Rock,https://is1-ssl.mzstatic.com/image/thumb/Music125/v4/9e/80/1b/9e801b06-67fa-0990-2d15-85480ad3cd46/850007452025.png/100x100bb.jpg,https://is1-ssl.mzstatic.com/image/thumb/Music125/v4/9e/80/1b/9e801b06-67fa-0990-2d15-85480ad3cd46/850007452025.png/600x600bb.jpg,0.9,10.6,6.0,Dark & Moody,#020202
Journey,Greatest Hits (2024 Remaster),1988,16,Rock,https://is1-ssl.mzstatic.com/image/thumb/Music116/v4/71/2d/61/712d617d-f4a4-5904-1b11-d4b4b45c47c5/828768588925.jpg/100x100bb.jpg,https://is1-ssl.mzstatic.com/image/thumb/Music116/v4/71/2d/61/712d617d-f4a4-5904-1b11-d4b4b45c47c5/828768588925.jpg/600x600bb.jpg,49.6,52.5,27.6,Pink & Magenta,#be6266
Pink Floyd,The Wall,1979,27,Rock,https://is1-ssl.mzstatic.com/image/thumb/Music221/v4/3e/17/ec/3e17ec6d-f980-c64f-19e0-a6fd8bbf0c10/886445635850.jpg/100x100bb.jpg,https://is1-ssl.mzstatic.com/image/thumb/Music221/v4/3e/17/ec/3e17ec6d-f980-c64f-19e0-a6fd8bbf0c10/886445635850.jpg/600x600bb.jpg,96.1,2.8,14.0,Minimalist White,#f7f3f5
twenty one pilots,Blurryface,2015,14,Rock,https://is1-ssl.mzstatic.com/image/thumb/Music211/v4/8e/e2/89/8ee28904-0821-610d-5011-a61845f62756/075679926951.jpg/100x100bb.jpg,https://is1-ssl.mzstatic.com/image/thumb/Music211/v4/8e/e2/89/8ee28904-0821-610d-5011-a61845f62756/075679926951.jpg/600x600bb.jpg,9.1,9.9,32.3,Dark & Moody,#181616
LINKIN PARK,Hybrid Theory (Deluxe Edition),2000,16,Rock,https://is1-ssl.mzstatic.com/image/thumb/Music115/v4/53/a7/7f/53a77fab-c54c-a57b-8130-248fc12d0c80/093624948995.jpg/100x100bb.jpg,https://is1-ssl.mzstatic.com/image/thumb/Music115/v4/53/a7/7f/53a77fab-c54c-a57b-8130-248fc12d0c80/093624948995.jpg/600x600bb.jpg,48.7,15.7,53.0,Monochrome / Gray,#837a74
Dexter and The Moonrocks,Freakin’ Out - Single,2026,1,Rock,https://is1-ssl.mzstatic.com/image/thumb/Music221/v4/fd/e7/ef/fde7efaf-0a34-1c0d-a8aa-a0c297916aba/26UMGIM21566.rgb.jpg/100x100bb.jpg,https://is1-ssl.mzstatic.com/image/thumb/Music221/v4/fd/e7/ef/fde7efaf-0a34-1c0d-a8aa-a0c297916aba/26UMGIM21566.rgb.jpg/600x600bb.jpg,34.4,49.6,64.7,Cool Blue,#475b6b
LINKIN PARK,Meteora (Deluxe Edition),2003,15,Rock,https://is1-ssl.mzstatic.com/image/thumb/Music115/v4/13/44/05/134405bd-9e27-a678-8953-b5f724201f95/093624948988.jpg/100x100bb.jpg,https://is1-ssl.mzstatic.com/image/thumb/Music115/v4/13/44/05/134405bd-9e27-a678-8953-b5f724201f95/093624948988.jpg/600x600bb.jpg,24.8,56.9,59.2,Dark & Moody,#473d30
Chevelle,Wonder What's Next (Expanded Edition),2002,15,Rock,https://is1-ssl.mzstatic.com/image/thumb/Music124/v4/5e/a4/00/5ea400c9-fba3-f453-c6b0-8572752263f8/mzi.jubchflz.jpg/100x100bb.jpg,https://is1-ssl.mzstatic.com/image/thumb/Music124/v4/5e/a4/00/5ea400c9-fba3-f453-c6b0-8572752263f8/mzi.jubchflz.jpg/600x600bb.jpg,29.4,32.2,77.3,Warm Red & Orange,#5a453b
Creed,Greatest Hits,2004,13,Rock,https://is1-ssl.mzstatic.com/image/thumb/Music115/v4/d5/b4/ef/d5b4ef8a-a68f-223b-df91-16294395ffce/00601501410321.rgb.jpg/100x100bb.jpg,https://is1-ssl.mzstatic.com/image/thumb/Music115/v4/d5/b4/ef/d5b4ef8a-a68f-223b-df91-16294395ffce/00601501410321.rgb.jpg/600x600bb.jpg,41.7,3.1,29.2,Monochrome / Gray,#6a696c
Various Artists,TROLLS World Tour (Original Motion Picture Soundtrack),2020,20,Rock,https://is1-ssl.mzstatic.com/image/thumb/Music124/v4/c2/51/84/c2518439-d810-7f1f-c9ff-396c9fa7d266/886448132882.jpg/100x100bb.jpg,https://is1-ssl.mzstatic.com/image/thumb/Music124/v4/c2/51/84/c2518439-d810-7f1f-c9ff-396c9fa7d266/886448132882.jpg/600x600bb.jpg,18.7,30.5,49.3,Dark & Moody,#352b34
Metallica,Ride the Lightning (Remastered) [2016 Remastered Version],1984,9,Rock,https://is1-ssl.mzstatic.com/image/thumb/Features125/v4/0f/7a/74/0f7a7472-92fa-e77d-384a-1e4304705e83/dj.jbiruenb.png/100x100bb.jpg,https://is1-ssl.mzstatic.com/image/thumb/Features125/v4/0f/7a/74/0f7a7472-92fa-e77d-384a-1e4304705e83/dj.jbiruenb.png/600x600bb.jpg,33.8,43.0,43.4,Cool Blue,#4c5283
"Wiz Khalifa, Ty Dolla $ign, Sueco & Lil Yachty",Speed Me Up (From “Sonic the Hedgehog”) - Single,2020,1,Rock,https://is1-ssl.mzstatic.com/image/thumb/Music124/v4/c8/f3/fd/c8f3fdfa-0816-b8fe-de15-02abd278d88c/075679826053.jpg/100x100bb.jpg,https://is1-ssl.mzstatic.com/image/thumb/Music124/v4/c8/f3/fd/c8f3fdfa-0816-b8fe-de15-02abd278d88c/075679826053.jpg/600x600bb.jpg,30.4,77.4,60.6,Cool Blue,#2c5095
Greta Van Fleet,From the Fires,2017,8,Rock,https://is1-ssl.mzstatic.com/image/thumb/Music115/v4/85/9d/8f/859d8fac-3b6e-763c-aff6-e50ad51547e8/17UM1IM39373.rgb.jpg/100x100bb.jpg,https://is1-ssl.mzstatic.com/image/thumb/Music115/v4/85/9d/8f/859d8fac-3b6e-763c-aff6-e50ad51547e8/17UM1IM39373.rgb.jpg/600x600bb.jpg,9.1,40.1,24.6,Dark & Moody,#191615
Sueco,Paralyzed (Acoustic) - Single,2021,1,Rock,https://is1-ssl.mzstatic.com/image/thumb/Music125/v4/cf/4c/31/cf4c316f-9ee5-fcc1-7cfb-224d54241a2f/075679769381.jpg/100x100bb.jpg,https://is1-ssl.mzstatic.com/image/thumb/Music125/v4/cf/4c/31/cf4c316f-9ee5-fcc1-7cfb-224d54241a2f/075679769381.jpg/600x600bb.jpg,33.1,0.0,44.3,Monochrome / Gray,#545454
Radiohead,In Rainbows,2007,10,Rock,https://is1-ssl.mzstatic.com/image/thumb/Music126/v4/dd/50/c7/dd50c790-99ac-d3d0-5ab8-e3891fb8fd52/634904032463.png/100x100bb.jpg,https://is1-ssl.mzstatic.com/image/thumb/Music126/v4/dd/50/c7/dd50c790-99ac-d3d0-5ab8-e3891fb8fd52/634904032463.png/600x600bb.jpg,32.5,59.4,49.0,Warm Red & Orange,#6d4b34
Alice In Chains,Jar of Flies - EP,1994,7,Rock,https://is1-ssl.mzstatic.com/image/thumb/Music126/v4/bd/d6/37/bdd6373e-dc26-e86e-1d31-9bb1f7656968/5099747485527.jpg/100x100bb.jpg,https://is1-ssl.mzstatic.com/image/thumb/Music126/v4/bd/d6/37/bdd6373e-dc26-e86e-1d31-9bb1f7656968/5099747485527.jpg/600x600bb.jpg,40.3,59.0,43.1,Warm Red & Orange,#aa4b43
The Beatles,Abbey Road (2019 Mix),1969,17,Rock,https://is1-ssl.mzstatic.com/image/thumb/Music211/v4/48/53/43/485343e3-dd6a-0034-faec-f4b6403f8108/13UMGIM63890.rgb.jpg/100x100bb.jpg,https://is1-ssl.mzstatic.com/image/thumb/Music211/v4/48/53/43/485343e3-dd6a-0034-faec-f4b6403f8108/13UMGIM63890.rgb.jpg/600x600bb.jpg,40.6,26.9,62.7,Green,#5c6c6b
Black Sabbath,Paranoid,1970,8,Rock,https://is1-ssl.mzstatic.com/image/thumb/Music125/v4/be/27/91/be279120-2285-16c6-c7ba-9d6643d4a948/075992732727.jpg/100x100bb.jpg,https://is1-ssl.mzstatic.com/image/thumb/Music125/v4/be/27/91/be279120-2285-16c6-c7ba-9d6643d4a948/075992732727.jpg/600x600bb.jpg,16.1,38.0,51.9,Dark & Moody,#32232b
The Beatles,The Beatles (The White Album),1968,32,Rock,https://is1-ssl.mzstatic.com/image/thumb/Music115/v4/fa/5b/89/fa5b898d-bad6-e053-4195-260e5c74f2bb/00602567725466.rgb.jpg/100x100bb.jpg,https://is1-ssl.mzstatic.com/image/thumb/Music115/v4/fa/5b/89/fa5b898d-bad6-e053-4195-260e5c74f2bb/00602567725466.rgb.jpg/600x600bb.jpg,99.8,0.0,3.7,Minimalist White,#fefefe
Nickelback,Dark Horse,2008,11,Rock,https://is1-ssl.mzstatic.com/image/thumb/Music115/v4/ba/e4/40/bae44075-8cd6-ca2e-7f90-845983f30a70/mzi.tprsucpv.jpg/100x100bb.jpg,https://is1-ssl.mzstatic.com/image/thumb/Music115/v4/ba/e4/40/bae44075-8cd6-ca2e-7f90-845983f30a70/mzi.tprsucpv.jpg/600x600bb.jpg,15.8,29.5,40.9,Dark & Moody,#25282e
TOOL,Lateralus,2001,13,Rock,https://is1-ssl.mzstatic.com/image/thumb/Music113/v4/fb/99/8c/fb998c1e-1a11-2434-0fa7-0d90beba5d2b/886447824764.jpg/100x100bb.jpg,https://is1-ssl.mzstatic.com/image/thumb/Music113/v4/fb/99/8c/fb998c1e-1a11-2434-0fa7-0d90beba5d2b/886447824764.jpg/600x600bb.jpg,30.0,30.3,43.6,Pink & Magenta,#5b4547
Beastie Boys,Licensed to Ill,1986,13,Rock,https://is1-ssl.mzstatic.com/image/thumb/Music114/v4/e4/d7/81/e4d781e8-bd3f-486a-cd18-e9b3a7d12b34/00731452735126.rgb.jpg/100x100bb.jpg,https://is1-ssl.mzstatic.com/image/thumb/Music114/v4/e4/d7/81/e4d781e8-bd3f-486a-cd18-e9b3a7d12b34/00731452735126.rgb.jpg/600x600bb.jpg,76.2,15.5,44.0,Minimalist White,#cbc1ac
Nirvana,In Utero (20th Anniversary Edition),1993,12,Rock,https://is1-ssl.mzstatic.com/image/thumb/Music125/v4/e3/20/03/e32003a4-99bc-1c70-40ba-001882f35dba/00602537526840.rgb.jpg/100x100bb.jpg,https://is1-ssl.mzstatic.com/image/thumb/Music125/v4/e3/20/03/e32003a4-99bc-1c70-40ba-001882f35dba/00602537526840.rgb.jpg/600x600bb.jpg,85.7,25.5,30.8,Warm Red & Orange,#e7dcad
Fall Out Boy,American Beauty / American Psycho,2015,11,Rock,https://is1-ssl.mzstatic.com/image/thumb/Music124/v4/ea/5f/87/ea5f87ea-4bc3-0e01-456c-37401a4268f2/14UMGIM60337.rgb.jpg/100x100bb.jpg,https://is1-ssl.mzstatic.com/image/thumb/Music124/v4/ea/5f/87/ea5f87ea-4bc3-0e01-456c-37401a4268f2/14UMGIM60337.rgb.jpg/600x600bb.jpg,49.2,38.0,77.3,Warm Red & Orange,#817e6a
Coldplay,A Head Full of Dreams,2015,12,Rock,https://is1-ssl.mzstatic.com/image/thumb/Music115/v4/c8/0a/6d/c80a6df9-e55a-fb83-0311-f4776984ac67/mzm.lasidxkv.jpg/100x100bb.jpg,https://is1-ssl.mzstatic.com/image/thumb/Music115/v4/c8/0a/6d/c80a6df9-e55a-fb83-0311-f4776984ac67/mzm.lasidxkv.jpg/600x600bb.jpg,41.4,30.3,55.6,Green,#696968
Coldplay,A Rush of Blood to the Head,2002,11,Rock,https://is1-ssl.mzstatic.com/image/thumb/Music115/v4/b9/b4/2a/b9b42ad1-1e25-5096-da43-497a247e69a3/190295978051.jpg/100x100bb.jpg,https://is1-ssl.mzstatic.com/image/thumb/Music115/v4/b9/b4/2a/b9b42ad1-1e25-5096-da43-497a247e69a3/190295978051.jpg/600x600bb.jpg,94.1,0.5,34.4,Minimalist White,#f0efef
Imagine Dragons,Evolve,2017,12,Rock,https://is1-ssl.mzstatic.com/image/thumb/Music126/v4/11/7a/b8/117ab805-6811-8929-18b9-0fad7baf0c25/17UMGIM98210.rgb.jpg/100x100bb.jpg,https://is1-ssl.mzstatic.com/image/thumb/Music126/v4/11/7a/b8/117ab805-6811-8929-18b9-0fad7baf0c25/17UMGIM98210.rgb.jpg/600x600bb.jpg,20.5,54.9,50.2,Dark & Moody,#293839
Gorillaz,Demon Days,2005,15,Rock,https://is1-ssl.mzstatic.com/image/thumb/Music125/v4/1c/0f/81/1c0f818a-e458-dd84-6f1b-ccbdf5fe14d6/825646291045.jpg/100x100bb.jpg,https://is1-ssl.mzstatic.com/image/thumb/Music125/v4/1c/0f/81/1c0f818a-e458-dd84-6f1b-ccbdf5fe14d6/825646291045.jpg/600x600bb.jpg,47.7,34.4,89.8,Cool Blue,#79797c
Coldplay,Parachutes,2000,10,Rock,https://is1-ssl.mzstatic.com/image/thumb/Music221/v4/f5/93/8c/f5938c49-964c-31d1-4b33-78b634f71fb7/190295978075.jpg/100x100bb.jpg,https://is1-ssl.mzstatic.com/image/thumb/Music221/v4/f5/93/8c/f5938c49-964c-31d1-4b33-78b634f71fb7/190295978075.jpg/600x600bb.jpg,9.7,35.7,47.7,Dark & Moody,#261504
Billie Eilish,"WHEN WE ALL FALL ASLEEP, WHERE DO WE GO?",2019,14,Rock,https://is1-ssl.mzstatic.com/image/thumb/Music115/v4/1a/37/d1/1a37d1b1-8508-54f2-f541-bf4e437dda76/19UMGIM05028.rgb.jpg/100x100bb.jpg,https://is1-ssl.mzstatic.com/image/thumb/Music115/v4/1a/37/d1/1a37d1b1-8508-54f2-f541-bf4e437dda76/19UMGIM05028.rgb.jpg/600x600bb.jpg,11.5,12.8,54.2,Dark & Moody,#1f1d1a
Arctic Monkeys,AM,2013,12,Rock,https://is1-ssl.mzstatic.com/image/thumb/Music211/v4/69/9c/b5/699cb5d6-115c-ff73-9d26-e57ea4350d72/887828031795.png/100x100bb.jpg,https://is1-ssl.mzstatic.com/image/thumb/Music211/v4/69/9c/b5/699cb5d6-115c-ff73-9d26-e57ea4350d72/887828031795.png/600x600bb.jpg,14.1,40.5,39.9,Dark & Moody,#1e2527
Radiohead,OK Computer,1997,12,Rock,https://is1-ssl.mzstatic.com/image/thumb/Music116/v4/07/60/ba/0760ba0f-148c-b18f-d0ff-169ee96f3af5/634904078164.png/100x100bb.jpg,https://is1-ssl.mzstatic.com/image/thumb/Music116/v4/07/60/ba/0760ba0f-148c-b18f-d0ff-169ee96f3af5/634904078164.png/600x600bb.jpg,85.7,10.7,45.2,Minimalist White,#d1dde4
Kings of Leon,Only By the Night,2008,11,Rock,https://is1-ssl.mzstatic.com/image/thumb/Features125/v4/74/25/4c/74254c8b-e03d-44e8-304d-4cde508b8cfb/dj.swemfdrr.jpg/100x100bb.jpg,https://is1-ssl.mzstatic.com/image/thumb/Features125/v4/74/25/4c/74254c8b-e03d-44e8-304d-4cde508b8cfb/dj.swemfdrr.jpg/600x600bb.jpg,77.9,13.6,87.2,Minimalist White,#d0c2c1
sombr,Homewrecker - Single,2026,1,Rock,https://is1-ssl.mzstatic.com/image/thumb/Music221/v4/84/bf/fb/84bffb0a-023f-419f-d5f7-6636f4e5d970/054391221933.jpg/100x100bb.jpg,https://is1-ssl.mzstatic.com/image/thumb/Music221/v4/84/bf/fb/84bffb0a-023f-419f-d5f7-6636f4e5d970/054391221933.jpg/600x600bb.jpg,38.5,5.3,59.2,Monochrome / Gray,#636162
Radiohead,Kid A,2000,11,Rock,https://is1-ssl.mzstatic.com/image/thumb/Music122/v4/bd/8e/13/bd8e1358-b367-a689-cb84-cebd0b067dc4/634904078263.png/100x100bb.jpg,https://is1-ssl.mzstatic.com/image/thumb/Music122/v4/bd/8e/13/bd8e1358-b367-a689-cb84-cebd0b067dc4/634904078263.png/600x600bb.jpg,48.9,16.8,80.6,Monochrome / Gray,#7b7c7d
Paramore,Riot!,2007,11,Rock,https://is1-ssl.mzstatic.com/image/thumb/Music125/v4/9a/3a/26/9a3a2608-29a7-5585-f990-cdfeb10b7394/075679955005.jpg/100x100bb.jpg,https://is1-ssl.mzstatic.com/image/thumb/Music125/v4/9a/3a/26/9a3a2608-29a7-5585-f990-cdfeb10b7394/075679955005.jpg/600x600bb.jpg,70.9,3.8,25.7,Monochrome / Gray,#b8b3b0
Radiohead,The Bends,1995,12,Rock,https://is1-ssl.mzstatic.com/image/thumb/Music126/v4/1b/a9/5c/1ba95cac-b245-d386-63fb-6b857aa9dce8/634904078065.png/100x100bb.jpg,https://is1-ssl.mzstatic.com/image/thumb/Music126/v4/1b/a9/5c/1ba95cac-b245-d386-63fb-6b857aa9dce8/634904078065.png/600x600bb.jpg,50.6,48.6,92.0,Warm Red & Orange,#9e7763
Oasis,(What's The Story) Morning Glory? [Deluxe Remastered Edition],1995,40,Rock,https://is1-ssl.mzstatic.com/image/thumb/Music125/v4/34/2e/cb/342ecb17-ef19-816a-4ce5-e60b9ceec161/5051961073164.jpg/100x100bb.jpg,https://is1-ssl.mzstatic.com/image/thumb/Music125/v4/34/2e/cb/342ecb17-ef19-816a-4ce5-e60b9ceec161/5051961073164.jpg/600x600bb.jpg,55.4,11.9,60.8,Monochrome / Gray,#8e8d89
Weezer,Weezer (2024 Remaster),1994,10,Rock,https://is1-ssl.mzstatic.com/image/thumb/Music211/v4/98/f8/ab/98f8ab48-2bb6-ef63-4061-404459b02202/16UMGIM52971.rgb.jpg/100x100bb.jpg,https://is1-ssl.mzstatic.com/image/thumb/Music211/v4/98/f8/ab/98f8ab48-2bb6-ef63-4061-404459b02202/16UMGIM52971.rgb.jpg/600x600bb.jpg,40.8,73.2,39.1,Cool Blue,#2a7c9e
twenty one pilots,Scaled And Icy,2021,11,Rock,https://is1-ssl.mzstatic.com/image/thumb/Music211/v4/24/f2/15/24f215e3-52cc-078b-d799-d58d606feddd/075679786210.jpg/100x100bb.jpg,https://is1-ssl.mzstatic.com/image/thumb/Music211/v4/24/f2/15/24f215e3-52cc-078b-d799-d58d606feddd/075679786210.jpg/600x600bb.jpg,57.9,27.4,21.6,Green,#8c9794
Coldplay,Ghost Stories,2014,10,Rock,https://is1-ssl.mzstatic.com/image/thumb/Features125/v4/60/90/ad/6090adc3-8863-861d-afcc-23c55c6fe5da/dj.vmtulfyu.jpg/100x100bb.jpg,https://is1-ssl.mzstatic.com/image/thumb/Features125/v4/60/90/ad/6090adc3-8863-861d-afcc-23c55c6fe5da/dj.vmtulfyu.jpg/600x600bb.jpg,23.3,55.6,38.5,Dark & Moody,#2b3e56
Coldplay,X&Y,2005,14,Rock,https://is1-ssl.mzstatic.com/image/thumb/Music115/v4/0c/82/48/0c8248a8-4a5b-d30d-8056-f32d650d2fc9/190295978068.jpg/100x100bb.jpg,https://is1-ssl.mzstatic.com/image/thumb/Music115/v4/0c/82/48/0c8248a8-4a5b-d30d-8056-f32d650d2fc9/190295978068.jpg/600x600bb.jpg,13.4,94.8,16.2,Dark & Moody,#062a3e
Fall Out Boy,From Under the Cork Tree,2005,13,Rock,https://is1-ssl.mzstatic.com/image/thumb/Music211/v4/ea/ff/60/eaff603f-d108-2815-3dce-db39b990635f/06UMGIM11830.rgb.jpg/100x100bb.jpg,https://is1-ssl.mzstatic.com/image/thumb/Music211/v4/ea/ff/60/eaff603f-d108-2815-3dce-db39b990635f/06UMGIM11830.rgb.jpg/600x600bb.jpg,20.7,35.0,54.0,Dark & Moody,#3a3231
The Black Keys,El Camino,2011,12,Rock,https://is1-ssl.mzstatic.com/image/thumb/Music115/v4/55/39/ca/5539caf8-333e-5ad2-06ca-eaf5d84cd264/mzm.nmxwulyo.jpg/100x100bb.jpg,https://is1-ssl.mzstatic.com/image/thumb/Music115/v4/55/39/ca/5539caf8-333e-5ad2-06ca-eaf5d84cd264/mzm.nmxwulyo.jpg/600x600bb.jpg,46.7,17.4,53.8,Monochrome / Gray,#7c766a
twenty one pilots,Drag Path - Single,2026,1,Rock,https://is1-ssl.mzstatic.com/image/thumb/Music221/v4/b7/d0/6d/b7d06d2d-2083-f417-b18d-f8ac862547b0/075679588968.jpg/100x100bb.jpg,https://is1-ssl.mzstatic.com/image/thumb/Music221/v4/b7/d0/6d/b7d06d2d-2083-f417-b18d-f8ac862547b0/075679588968.jpg/600x600bb.jpg,32.8,81.3,10.7,Warm Red & Orange,#b22e1d
The Killers,Hot Fuss,2004,12,Rock,https://is1-ssl.mzstatic.com/image/thumb/Music116/v4/07/1a/5a/071a5aee-6e42-060c-35b9-6a6e45b9ea59/06UMGIM10441.rgb.jpg/100x100bb.jpg,https://is1-ssl.mzstatic.com/image/thumb/Music116/v4/07/1a/5a/071a5aee-6e42-060c-35b9-6a6e45b9ea59/06UMGIM10441.rgb.jpg/600x600bb.jpg,69.4,31.7,35.7,Cool Blue,#98b5d9
Jimmy Eat World,Bleed American,2001,11,Rock,https://is1-ssl.mzstatic.com/image/thumb/Music125/v4/8c/28/1b/8c281bbb-daad-c473-6adb-1b4ca33a5a44/00602577027420.rgb.jpg/100x100bb.jpg,https://is1-ssl.mzstatic.com/image/thumb/Music125/v4/8c/28/1b/8c281bbb-daad-c473-6adb-1b4ca33a5a44/00602577027420.rgb.jpg/600x600bb.jpg,54.4,22.4,36.7,Cool Blue,#8a8893
Bush,Sixteen Stone (Remastered),1994,12,Rock,https://is1-ssl.mzstatic.com/image/thumb/Music221/v4/ad/10/83/ad1083d4-6a79-8f5e-aad5-665a58df2615/17UMGIM79375.rgb.jpg/100x100bb.jpg,https://is1-ssl.mzstatic.com/image/thumb/Music221/v4/ad/10/83/ad1083d4-6a79-8f5e-aad5-665a58df2615/17UMGIM79375.rgb.jpg/600x600bb.jpg,54.0,50.3,35.3,Warm Red & Orange,#c07562
sombr,back to friends - Single,2024,1,Rock,https://is1-ssl.mzstatic.com/image/thumb/Music221/v4/5d/d5/ad/5dd5ad1b-fabf-9218-77f0-3adbfd5328ac/054391237118.jpg/100x100bb.jpg,https://is1-ssl.mzstatic.com/image/thumb/Music221/v4/5d/d5/ad/5dd5ad1b-fabf-9218-77f0-3adbfd5328ac/054391237118.jpg/600x600bb.jpg,34.8,0.0,42.0,Monochrome / Gray,#585858
sombr,I Barely Know Her,2025,10,Rock,https://is1-ssl.mzstatic.com/image/thumb/Music221/v4/79/87/33/798733c3-e926-b1ef-435b-6a2dd7993171/093624827795.jpg/100x100bb.jpg,https://is1-ssl.mzstatic.com/image/thumb/Music221/v4/79/87/33/798733c3-e926-b1ef-435b-6a2dd7993171/093624827795.jpg/600x600bb.jpg,70.0,17.8,74.0,Monochrome / Gray,#baafab
M83,Junk,2016,16,Rock,https://is1-ssl.mzstatic.com/image/thumb/Music211/v4/0d/fb/b2/0dfbb24c-06bd-e014-7c07-1c53695570ad/cover.jpg/100x100bb.jpg,https://is1-ssl.mzstatic.com/image/thumb/Music211/v4/0d/fb/b2/0dfbb24c-06bd-e014-7c07-1c53695570ad/cover.jpg/600x600bb.jpg,7.3,69.7,29.7,Dark & Moody,#131019
M83,"Do It, Try It (Remixes) - EP",2016,4,Rock,https://is1-ssl.mzstatic.com/image/thumb/Music62/v4/e1/a8/24/e1a824ad-3dab-98d8-b5c5-eb58c832a2dc/cover.jpg/100x100bb.jpg,https://is1-ssl.mzstatic.com/image/thumb/Music62/v4/e1/a8/24/e1a824ad-3dab-98d8-b5c5-eb58c832a2dc/cover.jpg/600x600bb.jpg,12.7,42.8,48.6,Dark & Moody,#1f1f25
M83,"Digital Shades, Vol. 1",2007,10,Rock,https://is1-ssl.mzstatic.com/image/thumb/Music221/v4/a0/1f/23/a01f2342-af60-1da4-dedc-b939459c16b3/cover.jpg/100x100bb.jpg,https://is1-ssl.mzstatic.com/image/thumb/Music221/v4/a0/1f/23/a01f2342-af60-1da4-dedc-b939459c16b3/cover.jpg/600x600bb.jpg,38.5,48.7,31.2,Cool Blue,#6f538b
M83,Saturdays = Youth Remixes & B-Sides,2008,7,Rock,https://is1-ssl.mzstatic.com/image/thumb/Music71/v4/00/3f/ac/003fac1d-562e-d22c-9f8e-d44887d3bb90/cover.jpg/100x100bb.jpg,https://is1-ssl.mzstatic.com/image/thumb/Music71/v4/00/3f/ac/003fac1d-562e-d22c-9f8e-d44887d3bb90/cover.jpg/600x600bb.jpg,60.6,45.9,48.6,Warm Red & Orange,#ba9469
Boy & Bear,Tripping Over Time (Deluxe Edition),2026,14,Rock,https://is1-ssl.mzstatic.com/image/thumb/Music211/v4/b4/ff/d4/b4ffd438-c0df-16ad-c942-d34c7b13c267/463313.jpg/100x100bb.jpg,https://is1-ssl.mzstatic.com/image/thumb/Music211/v4/b4/ff/d4/b4ffd438-c0df-16ad-c942-d34c7b13c267/463313.jpg/600x600bb.jpg,42.5,18.7,61.5,Cool Blue,#686c74
LOBODA,Indie Rock (Vogue UA) - Single,2021,1,Rock,https://is1-ssl.mzstatic.com/image/thumb/Music112/v4/e9/cd/67/e9cd6706-53de-06bd-f604-e6076a6ca6e6/cover.jpg/100x100bb.jpg,https://is1-ssl.mzstatic.com/image/thumb/Music112/v4/e9/cd/67/e9cd6706-53de-06bd-f604-e6076a6ca6e6/cover.jpg/600x600bb.jpg,35.5,85.3,22.2,Cool Blue,#1868c1
sombr,12 to 12 - Single,2025,1,Rock,https://is1-ssl.mzstatic.com/image/thumb/Music211/v4/19/e4/44/19e44489-7f7b-3ca7-660f-98d44664bc3f/054391229144.jpg/100x100bb.jpg,https://is1-ssl.mzstatic.com/image/thumb/Music211/v4/19/e4/44/19e44489-7f7b-3ca7-660f-98d44664bc3f/054391229144.jpg/600x600bb.jpg,51.8,3.0,75.8,Monochrome / Gray,#848384
sombr,undressed - Single,2025,1,Rock,https://is1-ssl.mzstatic.com/image/thumb/Music211/v4/2a/98/7d/2a987dd6-2961-b988-d7f1-e7a59f990dce/054391234278.jpg/100x100bb.jpg,https://is1-ssl.mzstatic.com/image/thumb/Music211/v4/2a/98/7d/2a987dd6-2961-b988-d7f1-e7a59f990dce/054391234278.jpg/600x600bb.jpg,47.3,0.0,51.1,Monochrome / Gray,#787878
twenty one pilots,Vessel,2013,12,Rock,https://is1-ssl.mzstatic.com/image/thumb/Music211/v4/73/a7/23/73a7230c-19df-02a4-ff4e-53944024f63d/075679957924.jpg/100x100bb.jpg,https://is1-ssl.mzstatic.com/image/thumb/Music211/v4/73/a7/23/73a7230c-19df-02a4-ff4e-53944024f63d/075679957924.jpg/600x600bb.jpg,67.7,12.1,72.5,Monochrome / Gray,#a9acb3
BØRNS,Dopamine,2015,11,Rock,https://is1-ssl.mzstatic.com/image/thumb/Music125/v4/07/37/8e/07378ef3-7950-ba76-4280-9acb0e5d032a/15UMGIM42534.rgb.jpg/100x100bb.jpg,https://is1-ssl.mzstatic.com/image/thumb/Music125/v4/07/37/8e/07378ef3-7950-ba76-4280-9acb0e5d032a/15UMGIM42534.rgb.jpg/600x600bb.jpg,24.8,44.4,31.2,Dark & Moody,#4c3b2d
League of Legends Music & Against The Current,Legends Never Die - Single,2017,1,Rock,https://is1-ssl.mzstatic.com/image/thumb/Music221/v4/c0/04/09/c00409fd-96b3-6819-be08-86e97d35ed85/00198704669651_Cover.jpg/100x100bb.jpg,https://is1-ssl.mzstatic.com/image/thumb/Music221/v4/c0/04/09/c00409fd-96b3-6819-be08-86e97d35ed85/00198704669651_Cover.jpg/600x600bb.jpg,76.0,13.3,88.1,Minimalist White,#c0c1c7
Chance Peña,In My Room - Single,2022,1,Rock,https://is1-ssl.mzstatic.com/image/thumb/Music113/v4/31/45/da/3145da5c-1c25-39d5-dff2-ac5e992d6650/0.jpg/100x100bb.jpg,https://is1-ssl.mzstatic.com/image/thumb/Music113/v4/31/45/da/3145da5c-1c25-39d5-dff2-ac5e992d6650/0.jpg/600x600bb.jpg,18.4,38.7,16.5,Dark & Moody,#2f2c3b
Tame Impala,Lonerism,2012,14,Rock,https://is1-ssl.mzstatic.com/image/thumb/Music115/v4/b7/40/9b/b7409bc6-24fa-b956-5613-4be8dc62be06/12UMGIM64219.rgb.jpg/100x100bb.jpg,https://is1-ssl.mzstatic.com/image/thumb/Music115/v4/b7/40/9b/b7409bc6-24fa-b956-5613-4be8dc62be06/12UMGIM64219.rgb.jpg/600x600bb.jpg,51.8,34.0,63.3,Green,#7d8880
Cage the Elephant,Social Cues,2019,13,Rock,https://is1-ssl.mzstatic.com/image/thumb/Music115/v4/e9/31/cc/e931cc5a-e541-5348-b601-1a3053474acb/886447488812.jpg/100x100bb.jpg,https://is1-ssl.mzstatic.com/image/thumb/Music115/v4/e9/31/cc/e931cc5a-e541-5348-b601-1a3053474acb/886447488812.jpg/600x600bb.jpg,46.5,55.7,57.5,Green,#6d7a79
KALEO,A / B,2016,10,Rock,https://is1-ssl.mzstatic.com/image/thumb/Music125/v4/74/fb/5e/74fb5e22-3a1b-4468-dc14-e097dc635e44/075679911506.jpg/100x100bb.jpg,https://is1-ssl.mzstatic.com/image/thumb/Music125/v4/74/fb/5e/74fb5e22-3a1b-4468-dc14-e097dc635e44/075679911506.jpg/600x600bb.jpg,90.4,0.6,47.4,Minimalist White,#e6e6e6
Of Monsters and Men,My Head Is an Animal,2011,15,Rock,https://is1-ssl.mzstatic.com/image/thumb/Music112/v4/a3/a8/c2/a3a8c2ee-79ca-f4f0-8adb-0060e04432fd/12UMGIM10062.rgb.jpg/100x100bb.jpg,https://is1-ssl.mzstatic.com/image/thumb/Music112/v4/a3/a8/c2/a3a8c2ee-79ca-f4f0-8adb-0060e04432fd/12UMGIM10062.rgb.jpg/600x600bb.jpg,59.5,13.1,48.0,Monochrome / Gray,#959a92
Lonely God,Marlboro Nights - Single,2018,1,Rock,https://is1-ssl.mzstatic.com/image/thumb/Music211/v4/89/c0/42/89c04212-6283-7827-2cfc-9fd4e3d7c4cf/1014.jpg/100x100bb.jpg,https://is1-ssl.mzstatic.com/image/thumb/Music211/v4/89/c0/42/89c04212-6283-7827-2cfc-9fd4e3d7c4cf/1014.jpg/600x600bb.jpg,49.7,40.6,61.6,Warm Red & Orange,#937c54
Cage the Elephant,Tell Me I'm Pretty,2015,10,Rock,https://is1-ssl.mzstatic.com/image/thumb/Music124/v4/24/12/c0/2412c0e6-4ba6-5f95-12f6-c932daeb6773/886445478310.jpg/100x100bb.jpg,https://is1-ssl.mzstatic.com/image/thumb/Music124/v4/24/12/c0/2412c0e6-4ba6-5f95-12f6-c932daeb6773/886445478310.jpg/600x600bb.jpg,79.4,8.2,50.5,Minimalist White,#cec9c7
Kings of Leon,Walls,2016,10,Rock,https://is1-ssl.mzstatic.com/image/thumb/Music124/v4/e0/f8/fd/e0f8fda0-a669-4b92-2d65-875d66d82ddc/886446009971.jpg/100x100bb.jpg,https://is1-ssl.mzstatic.com/image/thumb/Music124/v4/e0/f8/fd/e0f8fda0-a669-4b92-2d65-875d66d82ddc/886446009971.jpg/600x600bb.jpg,92.1,3.3,19.8,Minimalist White,#ebe9ed
Brand New,Deja Entendu,2003,11,Rock,https://is1-ssl.mzstatic.com/image/thumb/Music221/v4/55/66/86/5566866b-0c84-3f85-136f-16d2f402f5be/16CRGIM00067.rgb.jpg/100x100bb.jpg,https://is1-ssl.mzstatic.com/image/thumb/Music221/v4/55/66/86/5566866b-0c84-3f85-136f-16d2f402f5be/16CRGIM00067.rgb.jpg/600x600bb.jpg,30.6,73.3,53.3,Warm Red & Orange,#74412c
Oasis,(What's the Story) Morning Glory?,1995,12,Rock,https://is1-ssl.mzstatic.com/image/thumb/Music113/v4/04/92/e0/0492e08b-cbcc-9969-9ad6-8f5a0888068c/5051961007107.jpg/100x100bb.jpg,https://is1-ssl.mzstatic.com/image/thumb/Music113/v4/04/92/e0/0492e08b-cbcc-9969-9ad6-8f5a0888068c/5051961007107.jpg/600x600bb.jpg,55.2,12.0,61.0,Monochrome / Gray,#8d8c89
Various Artists,Classic Rock,2008,25,Rock,https://is1-ssl.mzstatic.com/image/thumb/Music122/v4/66/ec/08/66ec081b-9230-b696-4ab8-32575a82031c/13UADIM60833.rgb.jpg/100x100bb.jpg,https://is1-ssl.mzstatic.com/image/thumb/Music122/v4/66/ec/08/66ec081b-9230-b696-4ab8-32575a82031c/13UADIM60833.rgb.jpg/600x600bb.jpg,29.6,76.6,52.4,Warm Red & Orange,#773d1f
Steve Miller Band,Greatest Hits 1974-78,1978,14,Rock,https://is1-ssl.mzstatic.com/image/thumb/Music112/v4/78/f8/cd/78f8cdac-35ff-34ee-4303-f447ef3a2c3f/13UAAIM00691.rgb.jpg/100x100bb.jpg,https://is1-ssl.mzstatic.com/image/thumb/Music112/v4/78/f8/cd/78f8cdac-35ff-34ee-4303-f447ef3a2c3f/13UAAIM00691.rgb.jpg/600x600bb.jpg,34.9,60.5,33.7,Cool Blue,#445894
Fleetwood Mac,Greatest Hits,1988,16,Rock,https://is1-ssl.mzstatic.com/image/thumb/Music115/v4/d2/48/f4/d248f4ae-a7e4-a48e-1588-6617de3e8d76/mzi.izeorbmm.jpg/100x100bb.jpg,https://is1-ssl.mzstatic.com/image/thumb/Music115/v4/d2/48/f4/d248f4ae-a7e4-a48e-1588-6617de3e8d76/mzi.izeorbmm.jpg/600x600bb.jpg,31.1,35.5,56.8,Warm Red & Orange,#53513a
Tom Petty & The Heartbreakers,Greatest Hits,1993,18,Rock,https://is1-ssl.mzstatic.com/image/thumb/Music112/v4/78/61/dd/7861dd44-f796-08ea-c8ff-7f8a12a86db1/15UMGIM69649.rgb.jpg/100x100bb.jpg,https://is1-ssl.mzstatic.com/image/thumb/Music112/v4/78/61/dd/7861dd44-f796-08ea-c8ff-7f8a12a86db1/15UMGIM69649.rgb.jpg/600x600bb.jpg,36.5,37.4,58.5,Warm Red & Orange,#625b53
Led Zeppelin,Led Zeppelin II (Remastered),1969,9,Rock,https://is1-ssl.mzstatic.com/image/thumb/Music125/v4/1a/3d/bb/1a3dbb86-c1f8-737e-571f-d6b647a230be/dj.rhubuvkd.jpg/100x100bb.jpg,https://is1-ssl.mzstatic.com/image/thumb/Music125/v4/1a/3d/bb/1a3dbb86-c1f8-737e-571f-d6b647a230be/dj.rhubuvkd.jpg/600x600bb.jpg,65.9,22.2,49.6,Warm Red & Orange,#baa294
Lynyrd Skynyrd,All Time Greatest Hits,2000,14,Rock,https://is1-ssl.mzstatic.com/image/thumb/Music221/v4/cc/ff/39/ccff392e-ec9d-1ffd-6c1b-d21978bca939/06UMGIM02061.rgb.jpg/100x100bb.jpg,https://is1-ssl.mzstatic.com/image/thumb/Music221/v4/cc/ff/39/ccff392e-ec9d-1ffd-6c1b-d21978bca939/06UMGIM02061.rgb.jpg/600x600bb.jpg,42.5,41.1,38.9,Warm Red & Orange,#866451
America,America's Greatest Hits: History,1975,12,Rock,https://is1-ssl.mzstatic.com/image/thumb/Music114/v4/ad/d9/22/add9226e-9c33-246b-e528-a1a96d05df48/mzi.onpokbmx.jpg/100x100bb.jpg,https://is1-ssl.mzstatic.com/image/thumb/Music114/v4/ad/d9/22/add9226e-9c33-246b-e528-a1a96d05df48/mzi.onpokbmx.jpg/600x600bb.jpg,73.8,16.2,82.1,Monochrome / Gray,#c1bab6
Neil Young,Greatest Hits,2004,16,Rock,https://is1-ssl.mzstatic.com/image/thumb/Music124/v4/4d/45/41/4d45414c-6364-51cf-2874-7c8aa755caaa/mzi.oetoyyot.jpg/100x100bb.jpg,https://is1-ssl.mzstatic.com/image/thumb/Music124/v4/4d/45/41/4d45414c-6364-51cf-2874-7c8aa755caaa/mzi.oetoyyot.jpg/600x600bb.jpg,23.6,14.2,48.9,Dark & Moody,#3a3d3a
Creedence Clearwater Revival,Chronicle: The 20 Greatest Hits,1976,20,Rock,https://is1-ssl.mzstatic.com/image/thumb/Music116/v4/a1/47/ba/a147ba91-31cd-ef4d-d785-040036d14598/12CMGIM34362.rgb.jpg/100x100bb.jpg,https://is1-ssl.mzstatic.com/image/thumb/Music116/v4/a1/47/ba/a147ba91-31cd-ef4d-d785-040036d14598/12CMGIM34362.rgb.jpg/600x600bb.jpg,27.1,35.8,53.5,Warm Red & Orange,#504139
Eagles,Their Greatest Hits 1971-1975,1976,10,Rock,https://is1-ssl.mzstatic.com/image/thumb/Music125/v4/f0/c7/c8/f0c7c8f4-4319-d357-ddaf-566ef8e2194e/081227979379.jpg/100x100bb.jpg,https://is1-ssl.mzstatic.com/image/thumb/Music125/v4/f0/c7/c8/f0c7c8f4-4319-d357-ddaf-566ef8e2194e/081227979379.jpg/600x600bb.jpg,48.5,39.5,24.6,Cool Blue,#6181a3
Queen,The Platinum Collection,2000,51,Rock,https://is1-ssl.mzstatic.com/image/thumb/Music221/v4/15/c7/55/15c755bc-7603-3ce3-e243-e59f1f9863ea/602527724171.jpg/100x100bb.jpg,https://is1-ssl.mzstatic.com/image/thumb/Music221/v4/15/c7/55/15c755bc-7603-3ce3-e243-e59f1f9863ea/602527724171.jpg/600x600bb.jpg,48.0,4.6,34.8,Monochrome / Gray,#7a797e
AC/DC,Highway to Hell,1979,11,Rock,https://is1-ssl.mzstatic.com/image/thumb/Music126/v4/b9/c8/ef/b9c8ef42-bbc9-64df-11f8-717571f6730f/886443673458.jpg/100x100bb.jpg,https://is1-ssl.mzstatic.com/image/thumb/Music126/v4/b9/c8/ef/b9c8ef42-bbc9-64df-11f8-717571f6730f/886443673458.jpg/600x600bb.jpg,27.5,34.2,58.8,Warm Red & Orange,#504435
The Beatles,Help!,1965,16,Rock,https://is1-ssl.mzstatic.com/image/thumb/Music122/v4/1a/19/db/1a19db26-17ad-b986-11a9-f72ac7a6194b/18UMGIM31214.rgb.jpg/100x100bb.jpg,https://is1-ssl.mzstatic.com/image/thumb/Music122/v4/1a/19/db/1a19db26-17ad-b986-11a9-f72ac7a6194b/18UMGIM31214.rgb.jpg/600x600bb.jpg,88.1,9.8,55.5,Minimalist White,#d9e2e7
REO Speedwagon,The Hits,1988,14,Rock,https://is1-ssl.mzstatic.com/image/thumb/Music125/v4/d2/1a/6b/d21a6b6c-75e9-1110-31b4-dc1ee14a1580/dj.yiiutvjh.jpg/100x100bb.jpg,https://is1-ssl.mzstatic.com/image/thumb/Music125/v4/d2/1a/6b/d21a6b6c-75e9-1110-31b4-dc1ee14a1580/dj.yiiutvjh.jpg/600x600bb.jpg,34.5,24.1,82.3,Cool Blue,#57575d
The Beatles,A Hard Day's Night,1964,15,Rock,https://is1-ssl.mzstatic.com/image/thumb/Music124/v4/db/a2/7a/dba27a46-3685-508d-d32e-a0e73cc82251/00602567713296.rgb.jpg/100x100bb.jpg,https://is1-ssl.mzstatic.com/image/thumb/Music124/v4/db/a2/7a/dba27a46-3685-508d-d32e-a0e73cc82251/00602567713296.rgb.jpg/600x600bb.jpg,46.6,25.7,57.4,Cool Blue,#6b788b
The Beatles,Please Please Me,1963,16,Rock,https://is1-ssl.mzstatic.com/image/thumb/Music125/v4/9c/ff/b5/9cffb5a6-a37f-c84a-7240-0333a071bc92/00602567725275.rgb.jpg/100x100bb.jpg,https://is1-ssl.mzstatic.com/image/thumb/Music125/v4/9c/ff/b5/9cffb5a6-a37f-c84a-7240-0333a071bc92/00602567725275.rgb.jpg/600x600bb.jpg,61.5,22.6,57.2,Warm Red & Orange,#a59c8a
The Allman Brothers Band,A Decade of Hits 1969-1979,1991,16,Rock,https://is1-ssl.mzstatic.com/image/thumb/Music122/v4/a2/47/27/a247271b-f95a-cd15-ab0c-855b233f9b39/06UMGIM07761.rgb.jpg/100x100bb.jpg,https://is1-ssl.mzstatic.com/image/thumb/Music122/v4/a2/47/27/a247271b-f95a-cd15-ab0c-855b233f9b39/06UMGIM07761.rgb.jpg/600x600bb.jpg,15.0,75.4,38.6,Dark & Moody,#1c273b
The Rolling Stones,Let It Bleed (Remastered 2019),1969,9,Rock,https://is1-ssl.mzstatic.com/image/thumb/Music115/v4/69/64/67/696467fe-9ed1-b65e-1016-a10d07e6464d/20UMGIM14087.rgb.jpg/100x100bb.jpg,https://is1-ssl.mzstatic.com/image/thumb/Music115/v4/69/64/67/696467fe-9ed1-b65e-1016-a10d07e6464d/20UMGIM14087.rgb.jpg/600x600bb.jpg,65.8,23.6,63.0,Warm Red & Orange,#b9a38e
Janis Joplin,Janis Joplin's Greatest Hits,1973,12,Rock,https://is1-ssl.mzstatic.com/image/thumb/Music125/v4/6e/5c/8e/6e5c8e88-9a43-991c-6795-dc249941b1b6/886447856208.jpg/100x100bb.jpg,https://is1-ssl.mzstatic.com/image/thumb/Music125/v4/6e/5c/8e/6e5c8e88-9a43-991c-6795-dc249941b1b6/886447856208.jpg/600x600bb.jpg,32.8,38.2,38.8,Warm Red & Orange,#5f523a
Fleetwood Mac,Rumours,1977,11,Rock,https://is1-ssl.mzstatic.com/image/thumb/Music124/v4/4d/13/ba/4d13bac3-d3d5-7581-2c74-034219eadf2b/081227970949.jpg/100x100bb.jpg,https://is1-ssl.mzstatic.com/image/thumb/Music124/v4/4d/13/ba/4d13bac3-d3d5-7581-2c74-034219eadf2b/081227970949.jpg/600x600bb.jpg,80.0,8.7,75.8,Minimalist White,#cecdc1
AC/DC,High Voltage,1976,10,Rock,https://is1-ssl.mzstatic.com/image/thumb/Features125/v4/2d/a8/b5/2da8b582-64aa-d25f-2cdf-ad63a3e04920/dj.jnlhrcpf.jpg/100x100bb.jpg,https://is1-ssl.mzstatic.com/image/thumb/Features125/v4/2d/a8/b5/2da8b582-64aa-d25f-2cdf-ad63a3e04920/dj.jnlhrcpf.jpg/600x600bb.jpg,74.1,24.4,39.7,Warm Red & Orange,#cbbc9b
INXS,Kick (2017 Remaster),1987,12,Rock,https://is1-ssl.mzstatic.com/image/thumb/Music116/v4/04/ca/65/04ca65d0-c796-3f9b-0446-f013dfc1a8d9/603497838899.jpg/100x100bb.jpg,https://is1-ssl.mzstatic.com/image/thumb/Music116/v4/04/ca/65/04ca65d0-c796-3f9b-0446-f013dfc1a8d9/603497838899.jpg/600x600bb.jpg,56.4,24.5,87.4,Warm Red & Orange,#9d8a85
Led Zeppelin,Led Zeppelin (Remastered),1969,9,Rock,https://is1-ssl.mzstatic.com/image/thumb/Music114/v4/4c/7b/80/4c7b80b4-ed35-4e06-ec80-2f7aaaabb5c5/dj.pjjmtwdc.jpg/100x100bb.jpg,https://is1-ssl.mzstatic.com/image/thumb/Music114/v4/4c/7b/80/4c7b80b4-ed35-4e06-ec80-2f7aaaabb5c5/dj.pjjmtwdc.jpg/600x600bb.jpg,63.9,20.8,96.9,Warm Red & Orange,#a7a298
Led Zeppelin,Led Zeppelin IV (Remastered),1971,8,Rock,https://is1-ssl.mzstatic.com/image/thumb/Music115/v4/5c/15/9b/5c159b27-95ca-b9a7-84e3-28e795fffd39/dj.kvkrpptq.jpg/100x100bb.jpg,https://is1-ssl.mzstatic.com/image/thumb/Music115/v4/5c/15/9b/5c159b27-95ca-b9a7-84e3-28e795fffd39/dj.kvkrpptq.jpg/600x600bb.jpg,59.8,9.7,40.3,Monochrome / Gray,#9e9690
The Band,Greatest Hits (Remastered),2000,18,Rock,https://is1-ssl.mzstatic.com/image/thumb/Music126/v4/6a/8f/b6/6a8fb697-b7d1-8528-85e3-9de20f340c64/15UMGIM06561.rgb.jpg/100x100bb.jpg,https://is1-ssl.mzstatic.com/image/thumb/Music126/v4/6a/8f/b6/6a8fb697-b7d1-8528-85e3-9de20f340c64/15UMGIM06561.rgb.jpg/600x600bb.jpg,71.7,6.5,58.3,Monochrome / Gray,#bab5b3
Jammy Jams,Once Upon a Rhyme: Lullaby Renditions of Hip​​-​​Hop Classics,2011,10,Hip-Hop,https://is1-ssl.mzstatic.com/image/thumb/Music125/v4/3f/e9/d4/3fe9d450-09f1-b476-4bb3-fe0d0eacf247/889290000477_cover.tif/100x100bb.jpg,https://is1-ssl.mzstatic.com/image/thumb/Music125/v4/3f/e9/d4/3fe9d450-09f1-b476-4bb3-fe0d0eacf247/889290000477_cover.tif/600x600bb.jpg,53.7,34.4,51.3,Warm Red & Orange,#928774
CJ,Whoopty (Instrumental) - Single,2021,1,Hip-Hop,https://is1-ssl.mzstatic.com/image/thumb/Music124/v4/e2/6e/a2/e26ea254-25f2-cfe7-54fe-0cca6d08a8c4/054391924308.jpg/100x100bb.jpg,https://is1-ssl.mzstatic.com/image/thumb/Music124/v4/e2/6e/a2/e26ea254-25f2-cfe7-54fe-0cca6d08a8c4/054391924308.jpg/600x600bb.jpg,36.0,56.0,77.0,Warm Red & Orange,#6c5a38
Various Artists,Hip Hop Classics: Connect Tha Dot,2006,12,Hip-Hop,https://is1-ssl.mzstatic.com/image/thumb/Music/ba/3d/ac/mzi.mtvppthl.jpg/100x100bb.jpg,https://is1-ssl.mzstatic.com/image/thumb/Music/ba/3d/ac/mzi.mtvppthl.jpg/600x600bb.jpg,58.3,31.6,68.1,Warm Red & Orange,#a68e83
Regard,Ride It - Single,2019,1,Hip-Hop,https://is1-ssl.mzstatic.com/image/thumb/Music125/v4/d1/ff/95/d1ff954f-9662-4b35-b4d6-c4349ccfb6dc/886447846674.jpg/100x100bb.jpg,https://is1-ssl.mzstatic.com/image/thumb/Music125/v4/d1/ff/95/d1ff954f-9662-4b35-b4d6-c4349ccfb6dc/886447846674.jpg/600x600bb.jpg,57.7,16.5,58.8,Monochrome / Gray,#9b8c9d
"Ozuna, Mambo Kingz & DJ Luian","Solita (feat. Bad Bunny, Wisin & Almighty) - Single",2018,1,Hip-Hop,https://is1-ssl.mzstatic.com/image/thumb/Music115/v4/8e/2e/fa/8e2efa19-b0c2-fe40-6a4e-563505f4d652/192562129890.jpg/100x100bb.jpg,https://is1-ssl.mzstatic.com/image/thumb/Music115/v4/8e/2e/fa/8e2efa19-b0c2-fe40-6a4e-563505f4d652/192562129890.jpg/600x600bb.jpg,64.6,43.0,55.5,Green,#78b8b4
"Chris Jedi, J Balvin & Ozuna",Ahora Dice (feat. Arcángel) - Single,2017,1,Hip-Hop,https://is1-ssl.mzstatic.com/image/thumb/Music125/v4/43/0c/f0/430cf013-fd74-5e47-0b40-ec5115d424cb/21UMGIM02229.rgb.jpg/100x100bb.jpg,https://is1-ssl.mzstatic.com/image/thumb/Music125/v4/43/0c/f0/430cf013-fd74-5e47-0b40-ec5115d424cb/21UMGIM02229.rgb.jpg/600x600bb.jpg,26.8,8.6,30.1,Monochrome / Gray,#434448
J Balvin & Bad Bunny,OASIS,2019,8,Hip-Hop,https://is1-ssl.mzstatic.com/image/thumb/Music211/v4/77/32/74/7732746d-25e5-baae-b921-bad4a07d87b1/19UMGIM55524.rgb.jpg/100x100bb.jpg,https://is1-ssl.mzstatic.com/image/thumb/Music211/v4/77/32/74/7732746d-25e5-baae-b921-bad4a07d87b1/19UMGIM55524.rgb.jpg/600x600bb.jpg,22.2,50.7,61.4,Dark & Moody,#353b34
"DJ Luian, Mambo Kingz & Anuel AA",Bubalu (feat. Becky G & Prince Royce) - Single,2018,1,Hip-Hop,https://is1-ssl.mzstatic.com/image/thumb/Music125/v4/fa/96/f7/fa96f7ba-b403-f14f-842f-74726146a5f2/193483090245.jpg/100x100bb.jpg,https://is1-ssl.mzstatic.com/image/thumb/Music125/v4/fa/96/f7/fa96f7ba-b403-f14f-842f-74726146a5f2/193483090245.jpg/600x600bb.jpg,56.4,22.7,64.3,Pink & Magenta,#958c93
Kanye West,808s & Heartbreak,2008,15,Hip-Hop,https://is1-ssl.mzstatic.com/image/thumb/Music125/v4/4d/75/2d/4d752db1-022d-f65d-40a1-a2390f01427a/13UAEIM26465.rgb.jpg/100x100bb.jpg,https://is1-ssl.mzstatic.com/image/thumb/Music125/v4/4d/75/2d/4d752db1-022d-f65d-40a1-a2390f01427a/13UAEIM26465.rgb.jpg/600x600bb.jpg,80.2,9.8,34.0,Minimalist White,#d4cac3
Oxlade,KU LO SA - A COLORS SHOW - Single,2022,1,Hip-Hop,https://is1-ssl.mzstatic.com/image/thumb/Music211/v4/22/5c/fc/225cfcdb-3107-87d1-02b4-8d58ebe19e57/196589232137.jpg/100x100bb.jpg,https://is1-ssl.mzstatic.com/image/thumb/Music211/v4/22/5c/fc/225cfcdb-3107-87d1-02b4-8d58ebe19e57/196589232137.jpg/600x600bb.jpg,42.5,69.3,50.0,Green,#468161
Migos,Culture II,2018,24,Hip-Hop,https://is1-ssl.mzstatic.com/image/thumb/Music122/v4/ef/3a/a7/ef3aa7ad-cd69-2bb4-ce18-6c4de937a5e3/17UM1IM64709.rgb.jpg/100x100bb.jpg,https://is1-ssl.mzstatic.com/image/thumb/Music122/v4/ef/3a/a7/ef3aa7ad-cd69-2bb4-ce18-6c4de937a5e3/17UM1IM64709.rgb.jpg/600x600bb.jpg,33.6,47.3,30.8,Pink & Magenta,#8d3d3f
Lil Durk,Broadway Girls (feat. Morgan Wallen) - Single,2021,1,Hip-Hop,https://is1-ssl.mzstatic.com/image/thumb/Music116/v4/6f/73/de/6f73de5d-9bd5-05f1-ebbc-0e053afea88d/886449812868.jpg/100x100bb.jpg,https://is1-ssl.mzstatic.com/image/thumb/Music116/v4/6f/73/de/6f73de5d-9bd5-05f1-ebbc-0e053afea88d/886449812868.jpg/600x600bb.jpg,14.9,73.9,30.8,Dark & Moody,#461234
Post Malone,Stoney (Deluxe),2016,18,Hip-Hop,https://is1-ssl.mzstatic.com/image/thumb/Music126/v4/31/57/de/3157dec9-5e26-40d1-d61c-bce30558752d/16UMGIM76041.rgb.jpg/100x100bb.jpg,https://is1-ssl.mzstatic.com/image/thumb/Music126/v4/31/57/de/3157dec9-5e26-40d1-d61c-bce30558752d/16UMGIM76041.rgb.jpg/600x600bb.jpg,26.6,54.3,38.2,Warm Red & Orange,#603a28
Mariah the Scientist,Burning Blue - Single,2025,1,Hip-Hop,https://is1-ssl.mzstatic.com/image/thumb/Music211/v4/44/0b/b4/440bb4fb-9717-f27d-4486-9e31718fffa4/196873070889.jpg/100x100bb.jpg,https://is1-ssl.mzstatic.com/image/thumb/Music211/v4/44/0b/b4/440bb4fb-9717-f27d-4486-9e31718fffa4/196873070889.jpg/600x600bb.jpg,5.6,38.7,41.5,Dark & Moody,#0c0e12
"Alex Rose, Rauw Alejandro & Lenny Tavárez",Toda (Remix) [feat. Lyanno & Cazzu] - Single,2018,1,Hip-Hop,https://is1-ssl.mzstatic.com/image/thumb/Music221/v4/be/69/e6/be69e6a9-2b75-0994-9dfd-bc71fe839bf6/0.jpg/100x100bb.jpg,https://is1-ssl.mzstatic.com/image/thumb/Music221/v4/be/69/e6/be69e6a9-2b75-0994-9dfd-bc71fe839bf6/0.jpg/600x600bb.jpg,55.5,54.0,29.9,Pink & Magenta,#df677a
Lil Uzi Vert,Just Wanna Rock - Single,2022,1,Hip-Hop,https://is1-ssl.mzstatic.com/image/thumb/Music112/v4/e8/f3/b9/e8f3b9fd-979c-7def-e314-13a021dea301/075679711694.jpg/100x100bb.jpg,https://is1-ssl.mzstatic.com/image/thumb/Music112/v4/e8/f3/b9/e8f3b9fd-979c-7def-e314-13a021dea301/075679711694.jpg/600x600bb.jpg,35.6,13.0,44.7,Monochrome / Gray,#5a5962
Joey Beltram,Classics,1996,13,Hip-Hop,https://is1-ssl.mzstatic.com/image/thumb/Music211/v4/75/37/95/7537959b-5188-f8e2-aaf1-463b19f17dca/cover.jpg/100x100bb.jpg,https://is1-ssl.mzstatic.com/image/thumb/Music211/v4/75/37/95/7537959b-5188-f8e2-aaf1-463b19f17dca/cover.jpg/600x600bb.jpg,55.8,40.9,2.9,Pink & Magenta,#c6757d
Daddy Yankee,Con Calma (feat. Snow) - Single,2019,1,Hip-Hop,https://is1-ssl.mzstatic.com/image/thumb/Music122/v4/89/4e/ad/894eade7-f1d8-37bf-72f9-88c496eedfdd/19UMGIM00637.rgb.jpg/100x100bb.jpg,https://is1-ssl.mzstatic.com/image/thumb/Music122/v4/89/4e/ad/894eade7-f1d8-37bf-72f9-88c496eedfdd/19UMGIM00637.rgb.jpg/600x600bb.jpg,42.2,66.0,38.6,Pink & Magenta,#cf3b5d
Kanye West,ye,2018,7,Hip-Hop,https://is1-ssl.mzstatic.com/image/thumb/Music125/v4/f8/92/62/f892628e-bfd5-2437-c1f5-0ebbd366de09/00602577303098.rgb.jpg/100x100bb.jpg,https://is1-ssl.mzstatic.com/image/thumb/Music125/v4/f8/92/62/f892628e-bfd5-2437-c1f5-0ebbd366de09/00602577303098.rgb.jpg/600x600bb.jpg,35.3,42.8,70.3,Cool Blue,#4e5c6b
Drake,Take Care (Deluxe Version),2011,21,Hip-Hop,https://is1-ssl.mzstatic.com/image/thumb/Music124/v4/d2/53/62/d2536245-b94c-b3fd-7168-9512f655f6d4/00602527899091.rgb.jpg/100x100bb.jpg,https://is1-ssl.mzstatic.com/image/thumb/Music124/v4/d2/53/62/d2536245-b94c-b3fd-7168-9512f655f6d4/00602527899091.rgb.jpg/600x600bb.jpg,21.9,43.4,47.6,Dark & Moody,#453427
Daft Punk,Discovery,2001,14,Hip-Hop,https://is1-ssl.mzstatic.com/image/thumb/Music221/v4/fd/4a/77/fd4a77db-0ebc-d043-41a2-f32fa1bb0fb4/dj.qrikkdwj.jpg/100x100bb.jpg,https://is1-ssl.mzstatic.com/image/thumb/Music221/v4/fd/4a/77/fd4a77db-0ebc-d043-41a2-f32fa1bb0fb4/dj.qrikkdwj.jpg/600x600bb.jpg,11.2,46.2,49.5,Dark & Moody,#1b1c1d
Gera MX & Christian Nodal,Botella Tras Botella - Single,2021,1,Hip-Hop,https://is1-ssl.mzstatic.com/image/thumb/Music221/v4/3f/d4/7c/3fd47cca-c704-7c5b-dba0-deebb606ef6f/00602438235018_Cover.jpg/100x100bb.jpg,https://is1-ssl.mzstatic.com/image/thumb/Music221/v4/3f/d4/7c/3fd47cca-c704-7c5b-dba0-deebb606ef6f/00602438235018_Cover.jpg/600x600bb.jpg,38.7,42.9,69.4,Warm Red & Orange,#65625d
Kanye West,808s & Heartbreak (Exclusive Edition),2008,15,Hip-Hop,https://is1-ssl.mzstatic.com/image/thumb/Music116/v4/f3/61/19/f36119b9-4d88-05eb-4306-2ae0e7decf88/08UMGIM26559.rgb.jpg/100x100bb.jpg,https://is1-ssl.mzstatic.com/image/thumb/Music116/v4/f3/61/19/f36119b9-4d88-05eb-4306-2ae0e7decf88/08UMGIM26559.rgb.jpg/600x600bb.jpg,80.9,10.3,31.8,Minimalist White,#d0cdcc
JAŸ-Z,4:44,2017,10,Hip-Hop,https://is1-ssl.mzstatic.com/image/thumb/Music128/v4/ee/d1/da/eed1da86-9e2f-a19b-498a-f03622b183b2/00854242007569.rgb.jpg/100x100bb.jpg,https://is1-ssl.mzstatic.com/image/thumb/Music128/v4/ee/d1/da/eed1da86-9e2f-a19b-498a-f03622b183b2/00854242007569.rgb.jpg/600x600bb.jpg,74.3,35.4,52.0,Warm Red & Orange,#deb591
Beyoncé,The Lion King: The Gift,2019,27,Hip-Hop,https://is1-ssl.mzstatic.com/image/thumb/Music125/v4/aa/20/73/aa207387-444f-b04d-9b7e-7ea6c687c15e/886447863329.jpg/100x100bb.jpg,https://is1-ssl.mzstatic.com/image/thumb/Music125/v4/aa/20/73/aa207387-444f-b04d-9b7e-7ea6c687c15e/886447863329.jpg/600x600bb.jpg,13.3,37.2,45.3,Dark & Moody,#2f1f0c
USHER,Confessions (Expanded Edition),2004,21,Hip-Hop,https://is1-ssl.mzstatic.com/image/thumb/Music125/v4/02/c6/e1/02c6e1cd-8d57-97b4-6ef1-77d2be004509/mzi.sjrqsmrq.jpg/100x100bb.jpg,https://is1-ssl.mzstatic.com/image/thumb/Music125/v4/02/c6/e1/02c6e1cd-8d57-97b4-6ef1-77d2be004509/mzi.sjrqsmrq.jpg/600x600bb.jpg,17.3,41.6,45.3,Dark & Moody,#362821
"Earth, Wind & Fire",Greatest Hits,1998,17,Hip-Hop,https://is1-ssl.mzstatic.com/image/thumb/Music211/v4/5d/66/3b/5d663b1f-dcc9-030d-0cf1-fc5d344d391d/886447618448.jpg/100x100bb.jpg,https://is1-ssl.mzstatic.com/image/thumb/Music211/v4/5d/66/3b/5d663b1f-dcc9-030d-0cf1-fc5d344d391d/886447618448.jpg/600x600bb.jpg,48.6,47.0,35.1,Warm Red & Orange,#847972
Bob Seger & The Silver Bullet Band,Greatest Hits,1994,14,Hip-Hop,https://is1-ssl.mzstatic.com/image/thumb/Music125/v4/84/45/e9/8445e9f8-e151-82e3-de80-89fe96356103/17UM1IM03512.rgb.jpg/100x100bb.jpg,https://is1-ssl.mzstatic.com/image/thumb/Music125/v4/84/45/e9/8445e9f8-e151-82e3-de80-89fe96356103/17UM1IM03512.rgb.jpg/600x600bb.jpg,36.8,17.8,41.3,Monochrome / Gray,#655b54
Tim McGraw,Greatest Hits,2000,15,Hip-Hop,https://is1-ssl.mzstatic.com/image/thumb/Music115/v4/20/fc/a7/20fca733-8677-ba96-05bf-7f3bc2b805de/mzi.ckseeycn.tif/100x100bb.jpg,https://is1-ssl.mzstatic.com/image/thumb/Music115/v4/20/fc/a7/20fca733-8677-ba96-05bf-7f3bc2b805de/mzi.ckseeycn.tif/600x600bb.jpg,21.8,57.4,49.6,Dark & Moody,#5c2921
The Notorious B.I.G.,Greatest Hits,2007,17,Hip-Hop,https://is1-ssl.mzstatic.com/image/thumb/Features115/v4/08/66/e3/0866e3ef-c111-c0a2-f18e-a10035a5bb07/dj.hpsoegav.jpg/100x100bb.jpg,https://is1-ssl.mzstatic.com/image/thumb/Features115/v4/08/66/e3/0866e3ef-c111-c0a2-f18e-a10035a5bb07/dj.hpsoegav.jpg/600x600bb.jpg,59.8,19.6,106.0,Pink & Magenta,#9b9699
2Pac,Greatest Hits,1998,25,Hip-Hop,https://is1-ssl.mzstatic.com/image/thumb/Music124/v4/72/00/89/720089d8-c063-a323-e0cc-de921e50b968/00602527051789.rgb.jpg/100x100bb.jpg,https://is1-ssl.mzstatic.com/image/thumb/Music124/v4/72/00/89/720089d8-c063-a323-e0cc-de921e50b968/00602527051789.rgb.jpg/600x600bb.jpg,42.3,42.1,86.9,Warm Red & Orange,#80664e
Run-DMC,Greatest Hits,2002,18,Hip-Hop,https://is1-ssl.mzstatic.com/image/thumb/Music221/v4/a0/0f/58/a00f586d-2146-fde9-a252-b6871e53e1fb/886448245346.jpg/100x100bb.jpg,https://is1-ssl.mzstatic.com/image/thumb/Music221/v4/a0/0f/58/a00f586d-2146-fde9-a252-b6871e53e1fb/886448245346.jpg/600x600bb.jpg,41.3,27.7,97.2,Pink & Magenta,#726567
Jon B.,Greatest Hits - Are U Still Down?,2002,14,Hip-Hop,https://is1-ssl.mzstatic.com/image/thumb/Music124/v4/58/44/75/584475fe-0944-3894-9611-4c60358efcb4/mzi.irnwhehy.jpg/100x100bb.jpg,https://is1-ssl.mzstatic.com/image/thumb/Music124/v4/58/44/75/584475fe-0944-3894-9611-4c60358efcb4/mzi.irnwhehy.jpg/600x600bb.jpg,39.8,36.3,86.9,Cool Blue,#5d6771
Willie Nelson,Greatest Hits (& Some That Will Be),1981,23,Hip-Hop,https://is1-ssl.mzstatic.com/image/thumb/Music/83/7e/92/mzi.updmxtpb.jpg/100x100bb.jpg,https://is1-ssl.mzstatic.com/image/thumb/Music/83/7e/92/mzi.updmxtpb.jpg/600x600bb.jpg,56.0,41.2,42.2,Pink & Magenta,#978a8d
Pitbull,Greatest Hits,2017,13,Hip-Hop,https://is1-ssl.mzstatic.com/image/thumb/Music124/v4/75/81/4c/75814c15-a8a3-a505-4771-675410d26c9f/886446781617.jpg/100x100bb.jpg,https://is1-ssl.mzstatic.com/image/thumb/Music124/v4/75/81/4c/75814c15-a8a3-a505-4771-675410d26c9f/886446781617.jpg/600x600bb.jpg,62.4,0.0,104.5,Monochrome / Gray,#9f9f9f
Al Green,Greatest Hits,1975,10,Hip-Hop,https://is1-ssl.mzstatic.com/image/thumb/Music116/v4/c0/90/63/c0906357-b17c-bfcc-30c8-0532c52d8d0d/886446283692.jpg/100x100bb.jpg,https://is1-ssl.mzstatic.com/image/thumb/Music116/v4/c0/90/63/c0906357-b17c-bfcc-30c8-0532c52d8d0d/886446283692.jpg/600x600bb.jpg,26.6,77.5,46.6,Warm Red & Orange,#703320
NB Ridaz,Greatest Hits,2008,11,Hip-Hop,https://is1-ssl.mzstatic.com/image/thumb/Music126/v4/3a/39/3e/3a393e49-78f0-1779-f81e-266ce222f8df/00718797104329_Cover.jpg/100x100bb.jpg,https://is1-ssl.mzstatic.com/image/thumb/Music126/v4/3a/39/3e/3a393e49-78f0-1779-f81e-266ce222f8df/00718797104329_Cover.jpg/600x600bb.jpg,43.7,59.7,61.8,Green,#67794f
Steve Wariner,Steve Wariner: Greatest Hits,1982,10,Hip-Hop,https://is1-ssl.mzstatic.com/image/thumb/Music125/v4/ba/2c/d7/ba2cd7d8-f5c6-bd80-08b5-8b2758c6ab66/00076744203229.rgb.jpg/100x100bb.jpg,https://is1-ssl.mzstatic.com/image/thumb/Music125/v4/ba/2c/d7/ba2cd7d8-f5c6-bd80-08b5-8b2758c6ab66/00076744203229.rgb.jpg/600x600bb.jpg,25.2,27.2,80.7,Pink & Magenta,#433e3f
Ice Cube,Greatest Hits,2001,17,Hip-Hop,https://is1-ssl.mzstatic.com/image/thumb/Music211/v4/16/f2/86/16f286ee-2b0b-1b06-6a55-fa4862c677a7/14ULAIM00128.rgb.jpg/100x100bb.jpg,https://is1-ssl.mzstatic.com/image/thumb/Music211/v4/16/f2/86/16f286ee-2b0b-1b06-6a55-fa4862c677a7/14ULAIM00128.rgb.jpg/600x600bb.jpg,42.3,22.2,66.9,Cool Blue,#646c78
MC Hammer,Greatest Hits,1996,12,Hip-Hop,https://is1-ssl.mzstatic.com/image/thumb/Music122/v4/0c/a5/7c/0ca57c94-601d-f973-eb79-3941573aac7c/13UABIM74018.rgb.jpg/100x100bb.jpg,https://is1-ssl.mzstatic.com/image/thumb/Music122/v4/0c/a5/7c/0ca57c94-601d-f973-eb79-3941573aac7c/13UABIM74018.rgb.jpg/600x600bb.jpg,76.3,7.8,72.3,Minimalist White,#c6c1be
John Anderson,Greatest Hits,1984,10,Hip-Hop,https://is1-ssl.mzstatic.com/image/thumb/Music115/v4/ca/a7/6d/caa76d8b-67e7-a4be-4fb1-f1bc3e447168/mzi.fhgrpnqy.jpg/100x100bb.jpg,https://is1-ssl.mzstatic.com/image/thumb/Music115/v4/ca/a7/6d/caa76d8b-67e7-a4be-4fb1-f1bc3e447168/mzi.fhgrpnqy.jpg/600x600bb.jpg,24.2,39.9,56.1,Dark & Moody,#334145
Whodini,Greatest Hits,1990,14,Hip-Hop,https://is1-ssl.mzstatic.com/image/thumb/Music/f7/4f/19/mzi.ruhpqltb.jpg/100x100bb.jpg,https://is1-ssl.mzstatic.com/image/thumb/Music/f7/4f/19/mzi.ruhpqltb.jpg/600x600bb.jpg,38.7,36.3,29.4,Cool Blue,#526679
Arrested Development,Greatest Hits,2001,18,Hip-Hop,https://is1-ssl.mzstatic.com/image/thumb/Music115/v4/75/08/c2/7508c256-e5b4-a9f4-901f-cf689d43848e/00724353295851.rgb.jpg/100x100bb.jpg,https://is1-ssl.mzstatic.com/image/thumb/Music115/v4/75/08/c2/7508c256-e5b4-a9f4-901f-cf689d43848e/00724353295851.rgb.jpg/600x600bb.jpg,41.1,56.8,69.2,Warm Red & Orange,#74655a
Wyclef Jean,Greatest Hits,2003,13,Hip-Hop,https://is1-ssl.mzstatic.com/image/thumb/Music124/v4/a6/d2/6d/a6d26d51-b4c1-e7e5-a037-e7594d62c2f0/mzi.tgjaqbrv.jpg/100x100bb.jpg,https://is1-ssl.mzstatic.com/image/thumb/Music124/v4/a6/d2/6d/a6d26d51-b4c1-e7e5-a037-e7594d62c2f0/mzi.tgjaqbrv.jpg/600x600bb.jpg,67.1,2.2,71.4,Monochrome / Gray,#aaabab
Billy Idol,Greatest Hits,2001,16,Hip-Hop,https://is1-ssl.mzstatic.com/image/thumb/Music221/v4/d0/8f/53/d08f535b-f04d-e683-476a-835efc05bf74/13UABIM74016.rgb.jpg/100x100bb.jpg,https://is1-ssl.mzstatic.com/image/thumb/Music221/v4/d0/8f/53/d08f535b-f04d-e683-476a-835efc05bf74/13UABIM74016.rgb.jpg/600x600bb.jpg,32.9,21.6,88.7,Warm Red & Orange,#58524e
Styx,Greatest Hits,1995,16,Hip-Hop,https://is1-ssl.mzstatic.com/image/thumb/Music112/v4/7e/5a/96/7e5a96a1-fa11-20be-fee4-23907b7e2632/06UMGIM18639.rgb.jpg/100x100bb.jpg,https://is1-ssl.mzstatic.com/image/thumb/Music112/v4/7e/5a/96/7e5a96a1-fa11-20be-fee4-23907b7e2632/06UMGIM18639.rgb.jpg/600x600bb.jpg,17.3,53.9,23.3,Dark & Moody,#1a3041
Kenny Chesney,Greatest Hits,2000,17,Hip-Hop,https://is1-ssl.mzstatic.com/image/thumb/Music115/v4/01/4f/8e/014f8e7c-6d79-0454-c682-a902ffcc3eec/dj.nfqpmwev.jpg/100x100bb.jpg,https://is1-ssl.mzstatic.com/image/thumb/Music115/v4/01/4f/8e/014f8e7c-6d79-0454-c682-a902ffcc3eec/dj.nfqpmwev.jpg/600x600bb.jpg,31.1,51.5,50.9,Cool Blue,#3d5465
"Crosby, Stills & Nash",Greatest Hits,2005,19,Hip-Hop,https://is1-ssl.mzstatic.com/image/thumb/Music125/v4/2e/94/48/2e94483a-cfac-1b06-e2bd-0f01a9341d1e/081227653767.jpg/100x100bb.jpg,https://is1-ssl.mzstatic.com/image/thumb/Music125/v4/2e/94/48/2e94483a-cfac-1b06-e2bd-0f01a9341d1e/081227653767.jpg/600x600bb.jpg,33.9,34.7,54.4,Warm Red & Orange,#69523d
"Bass Boosted Beats, Car Music & Instrumental Rap Hip Hop",Trap Music - Car Bass Boosted,2021,20,Hip-Hop,https://is1-ssl.mzstatic.com/image/thumb/Music114/v4/9f/10/dd/9f10ddae-fda3-90ef-1dbb-46b025d6509f/17724.jpg/100x100bb.jpg,https://is1-ssl.mzstatic.com/image/thumb/Music114/v4/9f/10/dd/9f10ddae-fda3-90ef-1dbb-46b025d6509f/17724.jpg/600x600bb.jpg,30.0,0.1,43.8,Monochrome / Gray,#4c4c4c
Various Artists,Trap Music,2013,12,Hip-Hop,https://is1-ssl.mzstatic.com/image/thumb/Music112/v4/dd/7a/1a/dd7a1a70-fca3-6538-9500-726ad22b1134/cover.jpg/100x100bb.jpg,https://is1-ssl.mzstatic.com/image/thumb/Music112/v4/dd/7a/1a/dd7a1a70-fca3-6538-9500-726ad22b1134/cover.jpg/600x600bb.jpg,39.5,33.2,49.8,Pink & Magenta,#775c5d
DJ R9,Trap Music - Single,2013,1,Hip-Hop,https://is1-ssl.mzstatic.com/image/thumb/Music/v4/aa/db/54/aadb5470-8a6c-d5b7-98d5-4f660bed2d78/5051813696022_cover.jpg/100x100bb.jpg,https://is1-ssl.mzstatic.com/image/thumb/Music/v4/aa/db/54/aadb5470-8a6c-d5b7-98d5-4f660bed2d78/5051813696022_cover.jpg/600x600bb.jpg,28.4,1.5,51.0,Monochrome / Gray,#484848
2 Chainz,COLLEGROVE,2016,13,Hip-Hop,https://is1-ssl.mzstatic.com/image/thumb/Music116/v4/aa/21/4d/aa214d60-a0de-4bee-6530-534d9b81c23b/15UMGIM40088.rgb.jpg/100x100bb.jpg,https://is1-ssl.mzstatic.com/image/thumb/Music116/v4/aa/21/4d/aa214d60-a0de-4bee-6530-534d9b81c23b/15UMGIM40088.rgb.jpg/600x600bb.jpg,15.8,69.0,45.9,Dark & Moody,#3e2015
Drake & Future,What a Time To Be Alive,2015,11,Hip-Hop,https://is1-ssl.mzstatic.com/image/thumb/Music118/v4/d3/74/1d/d3741d09-5c9a-461b-aba3-fa345d306d5a/00602547616678.rgb.jpg/100x100bb.jpg,https://is1-ssl.mzstatic.com/image/thumb/Music118/v4/d3/74/1d/d3741d09-5c9a-461b-aba3-fa345d306d5a/00602547616678.rgb.jpg/600x600bb.jpg,73.5,2.8,27.8,Monochrome / Gray,#bababf
Post Malone,beerbongs & bentleys,2018,18,Hip-Hop,https://is1-ssl.mzstatic.com/image/thumb/Music124/v4/55/9f/fb/559ffb75-3c00-abd6-7b1f-8b6b1518b173/18UMGIM22101.rgb.jpg/100x100bb.jpg,https://is1-ssl.mzstatic.com/image/thumb/Music124/v4/55/9f/fb/559ffb75-3c00-abd6-7b1f-8b6b1518b173/18UMGIM22101.rgb.jpg/600x600bb.jpg,64.9,56.9,53.9,Warm Red & Orange,#b4ae50
Migos,Bad and Boujee (feat. Lil Uzi Vert) - Single,2016,1,Hip-Hop,https://is1-ssl.mzstatic.com/image/thumb/Music126/v4/bb/e4/9d/bbe49de2-c275-5590-4de3-279a94be1410/22UMGIM27537.rgb.jpg/100x100bb.jpg,https://is1-ssl.mzstatic.com/image/thumb/Music126/v4/bb/e4/9d/bbe49de2-c275-5590-4de3-279a94be1410/22UMGIM27537.rgb.jpg/600x600bb.jpg,24.2,23.5,37.7,Dark & Moody,#4d3732
Kanye West,My Beautiful Dark Twisted Fantasy (Deluxe Edition),2010,16,Hip-Hop,https://is1-ssl.mzstatic.com/image/thumb/Music124/v4/37/da/7c/37da7cc5-2b6f-9bb8-30ba-8a8c3be3e16a/00602527584973.rgb.jpg/100x100bb.jpg,https://is1-ssl.mzstatic.com/image/thumb/Music124/v4/37/da/7c/37da7cc5-2b6f-9bb8-30ba-8a8c3be3e16a/00602527584973.rgb.jpg/600x600bb.jpg,40.5,77.3,16.0,Pink & Magenta,#de3146
"Nicki Minaj, Drake & Lil Wayne",No Frauds - Single,2017,1,Hip-Hop,https://is1-ssl.mzstatic.com/image/thumb/Music126/v4/15/7d/40/157d405c-9a46-1594-e435-a83eff1e9712/17UMGIM83408.rgb.jpg/100x100bb.jpg,https://is1-ssl.mzstatic.com/image/thumb/Music126/v4/15/7d/40/157d405c-9a46-1594-e435-a83eff1e9712/17UMGIM83408.rgb.jpg/600x600bb.jpg,74.2,5.5,65.6,Monochrome / Gray,#c0bcbb
Drake,More Life,2017,22,Hip-Hop,https://is1-ssl.mzstatic.com/image/thumb/Music124/v4/18/9d/b8/189db80b-bfa8-89d1-1514-5fcb7e5cf8f4/00602557611526.rgb.jpg/100x100bb.jpg,https://is1-ssl.mzstatic.com/image/thumb/Music124/v4/18/9d/b8/189db80b-bfa8-89d1-1514-5fcb7e5cf8f4/00602557611526.rgb.jpg/600x600bb.jpg,12.4,31.3,52.1,Dark & Moody,#241e1b
Travis Scott,Rodeo,2015,16,Hip-Hop,https://is1-ssl.mzstatic.com/image/thumb/Music221/v4/6d/fb/f1/6dfbf17d-4032-f585-35ad-f3f9b6859cd9/886445460421.jpg/100x100bb.jpg,https://is1-ssl.mzstatic.com/image/thumb/Music221/v4/6d/fb/f1/6dfbf17d-4032-f585-35ad-f3f9b6859cd9/886445460421.jpg/600x600bb.jpg,21.9,23.1,44.5,Dark & Moody,#3b3734
Kendrick Lamar,DAMN. COLLECTORS EDITION.,2017,15,Hip-Hop,https://is1-ssl.mzstatic.com/image/thumb/Music124/v4/94/28/36/94283609-93bb-db1c-e997-44e82c157e90/00602567261216.rgb.jpg/100x100bb.jpg,https://is1-ssl.mzstatic.com/image/thumb/Music124/v4/94/28/36/94283609-93bb-db1c-e997-44e82c157e90/00602567261216.rgb.jpg/600x600bb.jpg,49.2,0.0,84.2,Monochrome / Gray,#7d7d7d
2 Chainz,Pretty Girls Like Trap Music,2017,16,Hip-Hop,https://is1-ssl.mzstatic.com/image/thumb/Music126/v4/2e/38/e0/2e38e0bc-de70-2ae3-e630-dbf10534314c/17UM1IM02191.rgb.jpg/100x100bb.jpg,https://is1-ssl.mzstatic.com/image/thumb/Music126/v4/2e/38/e0/2e38e0bc-de70-2ae3-e630-dbf10534314c/17UM1IM02191.rgb.jpg/600x600bb.jpg,61.6,20.1,57.1,Pink & Magenta,#b0929e
AXS Music,Trap Music,2018,18,Hip-Hop,https://is1-ssl.mzstatic.com/image/thumb/Music114/v4/22/5c/d6/225cd67d-6579-f90a-31c3-ba8efffdf74e/024543431718_cover.jpg/100x100bb.jpg,https://is1-ssl.mzstatic.com/image/thumb/Music114/v4/22/5c/d6/225cd67d-6579-f90a-31c3-ba8efffdf74e/024543431718_cover.jpg/600x600bb.jpg,13.5,30.5,47.6,Dark & Moody,#232221
Moneybagg Yo,Time Served,2020,15,Hip-Hop,https://is1-ssl.mzstatic.com/image/thumb/Music124/v4/3b/ba/a1/3bbaa17d-f31a-e123-fff3-f9385cabcbff/20UMGIM00344.rgb.jpg/100x100bb.jpg,https://is1-ssl.mzstatic.com/image/thumb/Music124/v4/3b/ba/a1/3bbaa17d-f31a-e123-fff3-f9385cabcbff/20UMGIM00344.rgb.jpg/600x600bb.jpg,62.5,24.6,63.7,Warm Red & Orange,#ae9b8c
ScHoolboy Q,Blank Face LP,2016,18,Hip-Hop,https://is1-ssl.mzstatic.com/image/thumb/Music112/v4/1b/3c/bf/1b3cbf98-3e71-0127-de6b-1ddc4da4e15e/16UMGIM46916.rgb.jpg/100x100bb.jpg,https://is1-ssl.mzstatic.com/image/thumb/Music112/v4/1b/3c/bf/1b3cbf98-3e71-0127-de6b-1ddc4da4e15e/16UMGIM46916.rgb.jpg/600x600bb.jpg,37.4,61.4,28.3,Warm Red & Orange,#9f453d
Lil Uzi Vert,Luv Is Rage 2,2017,16,Hip-Hop,https://is1-ssl.mzstatic.com/image/thumb/Music211/v4/02/ed/6f/02ed6f77-7e89-ca9c-4d5a-83088113cbe8/075679887955.jpg/100x100bb.jpg,https://is1-ssl.mzstatic.com/image/thumb/Music211/v4/02/ed/6f/02ed6f77-7e89-ca9c-4d5a-83088113cbe8/075679887955.jpg/600x600bb.jpg,54.2,5.7,65.4,Monochrome / Gray,#868a90
Meek Mill,Championships,2018,19,Hip-Hop,https://is1-ssl.mzstatic.com/image/thumb/Music114/v4/f0/ba/cb/f0bacb31-0194-83c1-a97c-90b5b5639f75/075679862464.jpg/100x100bb.jpg,https://is1-ssl.mzstatic.com/image/thumb/Music114/v4/f0/ba/cb/f0bacb31-0194-83c1-a97c-90b5b5639f75/075679862464.jpg/600x600bb.jpg,31.9,36.2,49.7,Green,#435853
DJ Gial,Trap Music - Single,2016,1,Hip-Hop,https://is1-ssl.mzstatic.com/image/thumb/Music20/v4/ec/66/64/ec6664c1-bcd2-d43a-73ae-b2774e333819/YvEPH.png/100x100bb.jpg,https://is1-ssl.mzstatic.com/image/thumb/Music20/v4/ec/66/64/ec6664c1-bcd2-d43a-73ae-b2774e333819/YvEPH.png/600x600bb.jpg,72.2,0.7,100.3,Monochrome / Gray,#b8b7b8
Rich Gang,Lifestyle (feat. Young Thug & Rich Homie Quan) - Single,2014,1,Hip-Hop,https://is1-ssl.mzstatic.com/image/thumb/Music118/v4/4e/73/43/4e734359-728b-74d2-83c7-059b667b96ae/00602537917297.rgb.jpg/100x100bb.jpg,https://is1-ssl.mzstatic.com/image/thumb/Music118/v4/4e/73/43/4e734359-728b-74d2-83c7-059b667b96ae/00602537917297.rgb.jpg/600x600bb.jpg,15.3,26.2,40.9,Dark & Moody,#2e241f
42 Dugg,"Young & Turnt, Vol. 2",2020,14,Hip-Hop,https://is1-ssl.mzstatic.com/image/thumb/Music124/v4/b6/38/72/b638721a-1491-cbb7-cf87-c47b8b63245d/194690159084_cover.jpg/100x100bb.jpg,https://is1-ssl.mzstatic.com/image/thumb/Music124/v4/b6/38/72/b638721a-1491-cbb7-cf87-c47b8b63245d/194690159084_cover.jpg/600x600bb.jpg,53.9,36.7,55.2,Cool Blue,#728eac
Drake & 21 Savage,Her Loss,2022,16,Hip-Hop,https://is1-ssl.mzstatic.com/image/thumb/Music112/v4/e1/6e/6a/e16e6a89-3e6d-1936-1a9c-b51680bcd4c1/22UM1IM29132.rgb.jpg/100x100bb.jpg,https://is1-ssl.mzstatic.com/image/thumb/Music112/v4/e1/6e/6a/e16e6a89-3e6d-1936-1a9c-b51680bcd4c1/22UM1IM29132.rgb.jpg/600x600bb.jpg,53.7,27.3,57.2,Pink & Magenta,#a07e83
21 Savage & Metro Boomin,SAVAGE MODE II,2020,15,Hip-Hop,https://is1-ssl.mzstatic.com/image/thumb/Music114/v4/53/ed/40/53ed4078-7d2a-076e-f9b9-ffb29e776c42/886448747703.jpg/100x100bb.jpg,https://is1-ssl.mzstatic.com/image/thumb/Music114/v4/53/ed/40/53ed4078-7d2a-076e-f9b9-ffb29e776c42/886448747703.jpg/600x600bb.jpg,29.7,57.4,45.7,Warm Red & Orange,#6c402f
Travis Scott,ASTROWORLD,2018,17,Hip-Hop,https://is1-ssl.mzstatic.com/image/thumb/Music125/v4/e7/49/8f/e7498f65-df8f-bead-d6e3-2a8d4d642a79/886447235317.jpg/100x100bb.jpg,https://is1-ssl.mzstatic.com/image/thumb/Music125/v4/e7/49/8f/e7498f65-df8f-bead-d6e3-2a8d4d642a79/886447235317.jpg/600x600bb.jpg,54.1,44.2,45.9,Warm Red & Orange,#92887a
Rick Ross,Teflon Don (Exclusive Edition),2010,13,Hip-Hop,https://is1-ssl.mzstatic.com/image/thumb/Music221/v4/dd/39/24/dd392436-5c94-d209-da6c-64e7a9077dd9/10UMGIM17553.rgb.jpg/100x100bb.jpg,https://is1-ssl.mzstatic.com/image/thumb/Music221/v4/dd/39/24/dd392436-5c94-d209-da6c-64e7a9077dd9/10UMGIM17553.rgb.jpg/600x600bb.jpg,10.4,48.7,34.5,Dark & Moody,#1a1a1b
Michael Valeone,Trap Music - Single,2022,1,Hip-Hop,https://is1-ssl.mzstatic.com/image/thumb/Music112/v4/52/fd/68/52fd6885-072f-d0ee-e01a-81298a47b31a/artwork.jpg/100x100bb.jpg,https://is1-ssl.mzstatic.com/image/thumb/Music112/v4/52/fd/68/52fd6885-072f-d0ee-e01a-81298a47b31a/artwork.jpg/600x600bb.jpg,15.1,25.8,53.6,Dark & Moody,#282429
DJ Snake,Encore,2016,15,Hip-Hop,https://is1-ssl.mzstatic.com/image/thumb/Music122/v4/63/ac/63/63ac638b-3de9-9e57-46e7-8e39de90e767/16UMGIM48348.rgb.jpg/100x100bb.jpg,https://is1-ssl.mzstatic.com/image/thumb/Music122/v4/63/ac/63/63ac638b-3de9-9e57-46e7-8e39de90e767/16UMGIM48348.rgb.jpg/600x600bb.jpg,77.1,24.7,36.9,Warm Red & Orange,#c9c6b0
Various Artists,Conscious Rap,2021,7,Hip-Hop,https://is1-ssl.mzstatic.com/image/thumb/Music211/v4/37/c7/2d/37c72d2e-91b2-0537-a154-dbaf235c140d/10912.jpg/100x100bb.jpg,https://is1-ssl.mzstatic.com/image/thumb/Music211/v4/37/c7/2d/37c72d2e-91b2-0537-a154-dbaf235c140d/10912.jpg/600x600bb.jpg,29.7,20.4,68.0,Pink & Magenta,#53474b
Common,Be,2005,11,Hip-Hop,https://is1-ssl.mzstatic.com/image/thumb/Music128/v4/ff/a0/8f/ffa08f3e-ba4c-63e4-941c-690bb97873aa/00602498818947.rgb.jpg/100x100bb.jpg,https://is1-ssl.mzstatic.com/image/thumb/Music128/v4/ff/a0/8f/ffa08f3e-ba4c-63e4-941c-690bb97873aa/00602498818947.rgb.jpg/600x600bb.jpg,35.6,68.8,67.8,Warm Red & Orange,#6e5b22
J. Cole,KOD,2018,13,Hip-Hop,https://is1-ssl.mzstatic.com/image/thumb/Music122/v4/7a/8e/9d/7a8e9dcb-128c-aeaa-540d-eea733637695/18UMGIM22943.rgb.jpg/100x100bb.jpg,https://is1-ssl.mzstatic.com/image/thumb/Music122/v4/7a/8e/9d/7a8e9dcb-128c-aeaa-540d-eea733637695/18UMGIM22943.rgb.jpg/600x600bb.jpg,32.7,61.5,39.6,Pink & Magenta,#843b4b
Kanye West,Late Registration,2005,21,Hip-Hop,https://is1-ssl.mzstatic.com/image/thumb/Music125/v4/0e/90/3c/0e903c43-9d81-f91b-90f1-727a58f7fb2c/00602498824030.rgb.jpg/100x100bb.jpg,https://is1-ssl.mzstatic.com/image/thumb/Music125/v4/0e/90/3c/0e903c43-9d81-f91b-90f1-727a58f7fb2c/00602498824030.rgb.jpg/600x600bb.jpg,14.6,47.4,42.3,Dark & Moody,#2c231c
Kendrick Lamar,To Pimp a Butterfly,2015,17,Hip-Hop,https://is1-ssl.mzstatic.com/image/thumb/Music112/v4/b5/a6/91/b5a69171-5232-3d5b-9c15-8963802f83dd/15UMGIM15814.rgb.jpg/100x100bb.jpg,https://is1-ssl.mzstatic.com/image/thumb/Music112/v4/b5/a6/91/b5a69171-5232-3d5b-9c15-8963802f83dd/15UMGIM15814.rgb.jpg/600x600bb.jpg,57.2,2.6,63.7,Monochrome / Gray,#939191
Aesop Rock,The Impossible Kid,2016,15,Hip-Hop,https://is1-ssl.mzstatic.com/image/thumb/Music124/v4/2c/e3/06/2ce3062a-e39b-8e73-025d-630abd3d3851/cover.jpg/100x100bb.jpg,https://is1-ssl.mzstatic.com/image/thumb/Music124/v4/2c/e3/06/2ce3062a-e39b-8e73-025d-630abd3d3851/cover.jpg/600x600bb.jpg,13.9,52.5,31.9,Dark & Moody,#1d261f
Deltron 3030,Deltron 3030,2000,24,Hip-Hop,https://is1-ssl.mzstatic.com/image/thumb/Music125/v4/fe/c5/55/fec5554c-68db-f9fb-3092-f903f4d0ed86/mzi.ehjoardc.jpg/100x100bb.jpg,https://is1-ssl.mzstatic.com/image/thumb/Music125/v4/fe/c5/55/fec5554c-68db-f9fb-3092-f903f4d0ed86/mzi.ehjoardc.jpg/600x600bb.jpg,61.4,86.6,68.1,Warm Red & Orange,#bfa415
Rapsody,Laila's Wisdom,2017,14,Hip-Hop,https://is1-ssl.mzstatic.com/image/thumb/Music118/v4/ed/6d/43/ed6d4396-8b5a-c46c-bbda-f9174e1aa547/00859026007476.rgb.jpg/100x100bb.jpg,https://is1-ssl.mzstatic.com/image/thumb/Music118/v4/ed/6d/43/ed6d4396-8b5a-c46c-bbda-f9174e1aa547/00859026007476.rgb.jpg/600x600bb.jpg,23.2,13.6,52.1,Dark & Moody,#403933
Common,Black America Again,2016,15,Hip-Hop,https://is1-ssl.mzstatic.com/image/thumb/Music128/v4/64/92/6d/64926dcf-1c32-26db-2553-75734568b955/00602557124255.rgb.jpg/100x100bb.jpg,https://is1-ssl.mzstatic.com/image/thumb/Music128/v4/64/92/6d/64926dcf-1c32-26db-2553-75734568b955/00602557124255.rgb.jpg/600x600bb.jpg,59.2,14.8,63.6,Monochrome / Gray,#9d958b
Common,Finding Forever,2007,13,Hip-Hop,https://is1-ssl.mzstatic.com/image/thumb/Music128/v4/e2/c2/07/e2c207f8-271c-394f-8e23-fef85957eb43/00602517446953.rgb.jpg/100x100bb.jpg,https://is1-ssl.mzstatic.com/image/thumb/Music128/v4/e2/c2/07/e2c207f8-271c-394f-8e23-fef85957eb43/00602517446953.rgb.jpg/600x600bb.jpg,31.2,44.8,52.6,Warm Red & Orange,#614b37
Jay Electronica,Letter To Falon - Single,2017,1,Hip-Hop,https://is1-ssl.mzstatic.com/image/thumb/Music128/v4/52/fa/0f/52fa0f78-f135-fe05-af4a-c67083b0ac00/00854242007910.rgb.jpg/100x100bb.jpg,https://is1-ssl.mzstatic.com/image/thumb/Music128/v4/52/fa/0f/52fa0f78-f135-fe05-af4a-c67083b0ac00/00854242007910.rgb.jpg/600x600bb.jpg,90.7,0.0,25.0,Minimalist White,#e7e7e7
Arrested Development,"3 Years, 5 Months and 2 Days In the Life Of...",1992,15,Hip-Hop,https://is1-ssl.mzstatic.com/image/thumb/Music124/v4/10/08/32/1008321b-2add-f6cd-c62a-d2f4f680ddf6/05099907076251.rgb.jpg/100x100bb.jpg,https://is1-ssl.mzstatic.com/image/thumb/Music124/v4/10/08/32/1008321b-2add-f6cd-c62a-d2f4f680ddf6/05099907076251.rgb.jpg/600x600bb.jpg,47.4,55.8,31.1,Cool Blue,#727696
The Roots,How I Got Over,2010,15,Hip-Hop,https://is1-ssl.mzstatic.com/image/thumb/Music128/v4/ed/b8/88/edb88899-5a43-0f9f-29be-2082e349c7da/00602527450575.rgb.jpg/100x100bb.jpg,https://is1-ssl.mzstatic.com/image/thumb/Music128/v4/ed/b8/88/edb88899-5a43-0f9f-29be-2082e349c7da/00602527450575.rgb.jpg/600x600bb.jpg,48.0,28.8,78.0,Cool Blue,#727b88
Nas,Illmatic,1994,10,Hip-Hop,https://is1-ssl.mzstatic.com/image/thumb/Music125/v4/b9/eb/cc/b9ebccbc-5ba4-2cdb-5332-b065739abd9a/886444567619.jpg/100x100bb.jpg,https://is1-ssl.mzstatic.com/image/thumb/Music125/v4/b9/eb/cc/b9ebccbc-5ba4-2cdb-5332-b065739abd9a/886444567619.jpg/600x600bb.jpg,36.3,35.8,33.1,Warm Red & Orange,#705648
The Roots,Undun,2011,15,Hip-Hop,https://is1-ssl.mzstatic.com/image/thumb/Music118/v4/81/60/2e/81602ec5-d6ca-426f-0f3f-c46eeb7728c4/00602527897639.rgb.jpg/100x100bb.jpg,https://is1-ssl.mzstatic.com/image/thumb/Music118/v4/81/60/2e/81602ec5-d6ca-426f-0f3f-c46eeb7728c4/00602527897639.rgb.jpg/600x600bb.jpg,66.3,4.4,77.8,Monochrome / Gray,#a7a9ab
The Foreign Exchange,Leave It All Behind,2008,11,Hip-Hop,https://is1-ssl.mzstatic.com/image/thumb/Music221/v4/a9/66/5b/a9665bb6-9f2a-34b1-4465-c2c1b5bf531f/616892981527_cover.jpg/100x100bb.jpg,https://is1-ssl.mzstatic.com/image/thumb/Music221/v4/a9/66/5b/a9665bb6-9f2a-34b1-4465-c2c1b5bf531f/616892981527_cover.jpg/600x600bb.jpg,35.7,0.0,80.9,Monochrome / Gray,#5b5b5b
Alibi Music,Conscious Rap,2020,18,Hip-Hop,https://is1-ssl.mzstatic.com/image/thumb/Music211/v4/a9/bd/b3/a9bdb3db-2645-5d82-d85c-4219161c4548/024543233114.png/100x100bb.jpg,https://is1-ssl.mzstatic.com/image/thumb/Music211/v4/a9/bd/b3/a9bdb3db-2645-5d82-d85c-4219161c4548/024543233114.png/600x600bb.jpg,69.8,31.3,70.0,Warm Red & Orange,#c7aaa1
The Roots,The Tipping Point,2004,12,Hip-Hop,https://is1-ssl.mzstatic.com/image/thumb/Music128/v4/f2/61/e8/f261e8de-8536-2d6b-bfa3-84f81ee4fd42/00075021017788.rgb.jpg/100x100bb.jpg,https://is1-ssl.mzstatic.com/image/thumb/Music128/v4/f2/61/e8/f261e8de-8536-2d6b-bfa3-84f81ee4fd42/00075021017788.rgb.jpg/600x600bb.jpg,30.4,77.3,68.2,Warm Red & Orange,#79430c
Oddisee,The Iceberg,2017,12,Hip-Hop,https://is1-ssl.mzstatic.com/image/thumb/Music221/v4/d3/f2/cd/d3f2cda8-1880-8898-7d69-4d0811746a7a/191018647971.jpg/100x100bb.jpg,https://is1-ssl.mzstatic.com/image/thumb/Music221/v4/d3/f2/cd/d3f2cda8-1880-8898-7d69-4d0811746a7a/191018647971.jpg/600x600bb.jpg,71.8,7.6,82.0,Monochrome / Gray,#b2b9b9
People Under the Stairs,O.S.T.,2002,20,Hip-Hop,https://is1-ssl.mzstatic.com/image/thumb/Music115/v4/44/d2/d3/44d2d391-1ee8-4f44-7022-e7be94355397/s03.jrcsyicy.jpg/100x100bb.jpg,https://is1-ssl.mzstatic.com/image/thumb/Music115/v4/44/d2/d3/44d2d391-1ee8-4f44-7022-e7be94355397/s03.jrcsyicy.jpg/600x600bb.jpg,59.1,12.9,56.2,Monochrome / Gray,#9e9392
X-Clan,"To the East, Blackwards",1990,11,Hip-Hop,https://is1-ssl.mzstatic.com/image/thumb/Music115/v4/73/a0/b3/73a0b306-da7b-4028-3456-c157e35a8291/00016244401923.rgb.jpg/100x100bb.jpg,https://is1-ssl.mzstatic.com/image/thumb/Music115/v4/73/a0/b3/73a0b306-da7b-4028-3456-c157e35a8291/00016244401923.rgb.jpg/600x600bb.jpg,26.8,28.0,62.6,Pink & Magenta,#494144
Nas,King's Disease II,2021,15,Hip-Hop,https://is1-ssl.mzstatic.com/image/thumb/Music115/v4/83/70/ef/8370ef6a-b4bc-fd84-cccc-12a4d3c25f14/196292247404.jpg/100x100bb.jpg,https://is1-ssl.mzstatic.com/image/thumb/Music115/v4/83/70/ef/8370ef6a-b4bc-fd84-cccc-12a4d3c25f14/196292247404.jpg/600x600bb.jpg,35.6,85.7,38.8,Warm Red & Orange,#b53919
A Tribe Called Quest,We got it from Here... Thank You 4 Your service,2016,16,Hip-Hop,https://is1-ssl.mzstatic.com/image/thumb/Music71/v4/12/b4/0c/12b40cae-c845-1729-a374-cb5f3619d061/886446229980.jpg/100x100bb.jpg,https://is1-ssl.mzstatic.com/image/thumb/Music71/v4/12/b4/0c/12b40cae-c845-1729-a374-cb5f3619d061/886446229980.jpg/600x600bb.jpg,41.8,27.5,89.8,Warm Red & Orange,#726860
"Royce Da 5'9""",Book of Ryan (Bonus Track Edition),2018,22,Hip-Hop,https://is1-ssl.mzstatic.com/image/thumb/Music124/v4/b1/1e/43/b11e4348-2521-e663-ecc3-4d16394d8d6f/Royce_59_BookOfRyan_Cover_3000px_CLEAN.jpg/100x100bb.jpg,https://is1-ssl.mzstatic.com/image/thumb/Music124/v4/b1/1e/43/b11e4348-2521-e663-ecc3-4d16394d8d6f/Royce_59_BookOfRyan_Cover_3000px_CLEAN.jpg/600x600bb.jpg,19.1,17.7,13.2,Dark & Moody,#362d32
"Atmosphere, Slug & Ant","To All My Friends, Blood Makes the Blade Holy: The Atmosphere EP's",2010,12,Hip-Hop,https://is1-ssl.mzstatic.com/image/thumb/Music123/v4/7f/4a/10/7f4a10f2-948b-38d8-e1cc-e3cf82b6d552/cover.jpg/100x100bb.jpg,https://is1-ssl.mzstatic.com/image/thumb/Music123/v4/7f/4a/10/7f4a10f2-948b-38d8-e1cc-e3cf82b6d552/cover.jpg/600x600bb.jpg,18.1,28.1,71.9,Dark & Moody,#372b23
Freeman,Conscious Rap,2005,5,Hip-Hop,https://is1-ssl.mzstatic.com/image/thumb/Music/y2005/m08/d23/h08/mzi.wxvtzirx.tif/100x100bb.jpg,https://is1-ssl.mzstatic.com/image/thumb/Music/y2005/m08/d23/h08/mzi.wxvtzirx.tif/600x600bb.jpg,65.0,15.7,52.6,Monochrome / Gray,#9ca6b9
Murs & 9th Wonder,Murray's Revenge,2006,10,Hip-Hop,https://is1-ssl.mzstatic.com/image/thumb/Music124/v4/cc/7c/bf/cc7cbf4d-78b3-245a-e153-3da54315a95a/mzi.riykslmd.jpg/100x100bb.jpg,https://is1-ssl.mzstatic.com/image/thumb/Music124/v4/cc/7c/bf/cc7cbf4d-78b3-245a-e153-3da54315a95a/mzi.riykslmd.jpg/600x600bb.jpg,72.7,0.0,85.0,Monochrome / Gray,#b9b9b9
The Roots,Game Theory (Bonus Track Version),2006,14,Hip-Hop,https://is1-ssl.mzstatic.com/image/thumb/Music128/v4/1d/69/2c/1d692c24-1073-e155-4805-efce55b81533/00602517070936.rgb.jpg/100x100bb.jpg,https://is1-ssl.mzstatic.com/image/thumb/Music128/v4/1d/69/2c/1d692c24-1073-e155-4805-efce55b81533/00602517070936.rgb.jpg/600x600bb.jpg,29.1,35.1,60.0,Warm Red & Orange,#524740
YK Osiris,Worth It - Single,2019,1,Hip-Hop,https://is1-ssl.mzstatic.com/image/thumb/Music112/v4/a7/1b/2e/a71b2e39-5653-b6cb-5783-026e96bd9951/18UMGIM83645.rgb.jpg/100x100bb.jpg,https://is1-ssl.mzstatic.com/image/thumb/Music112/v4/a7/1b/2e/a71b2e39-5653-b6cb-5783-026e96bd9951/18UMGIM83645.rgb.jpg/600x600bb.jpg,16.2,0.7,67.3,Dark & Moody,#292929
Drake,Signs - Single,2017,1,Hip-Hop,https://is1-ssl.mzstatic.com/image/thumb/Music115/v4/be/b5/16/beb51692-6125-f465-e1a9-d414be6c7c33/00602557821048.rgb.jpg/100x100bb.jpg,https://is1-ssl.mzstatic.com/image/thumb/Music115/v4/be/b5/16/beb51692-6125-f465-e1a9-d414be6c7c33/00602557821048.rgb.jpg/600x600bb.jpg,42.3,32.7,46.7,Warm Red & Orange,#6c6c65
Toosii,Favorite Song - Single,2023,1,Hip-Hop,https://is1-ssl.mzstatic.com/image/thumb/Music116/v4/a0/ca/05/a0ca057c-686e-8f24-e4da-43b39e5033f4/23UMGIM13549.rgb.jpg/100x100bb.jpg,https://is1-ssl.mzstatic.com/image/thumb/Music116/v4/a0/ca/05/a0ca057c-686e-8f24-e4da-43b39e5033f4/23UMGIM13549.rgb.jpg/600x600bb.jpg,24.5,55.5,63.5,Dark & Moody,#39413c
Queen Naija,Medicine - Single,2018,1,Hip-Hop,https://is1-ssl.mzstatic.com/image/thumb/Music122/v4/be/29/95/be299595-92c0-f1df-5473-7aa48994ca66/18UMGIM31918.rgb.jpg/100x100bb.jpg,https://is1-ssl.mzstatic.com/image/thumb/Music122/v4/be/29/95/be299595-92c0-f1df-5473-7aa48994ca66/18UMGIM31918.rgb.jpg/600x600bb.jpg,21.5,38.5,58.4,Dark & Moody,#502b2b
"Internet Money, Gunna & Don Toliver",Lemonade (feat. NAV) - Single,2020,1,Hip-Hop,https://is1-ssl.mzstatic.com/image/thumb/Music126/v4/6f/6e/5f/6f6e5f75-7a2c-91c0-6ecc-5ed0c93e89e1/842812133862.jpg/100x100bb.jpg,https://is1-ssl.mzstatic.com/image/thumb/Music126/v4/6f/6e/5f/6f6e5f75-7a2c-91c0-6ecc-5ed0c93e89e1/842812133862.jpg/600x600bb.jpg,82.3,39.3,28.4,Cool Blue,#97e8f5
Kyle,iSpy (feat. Lil Yachty) - Single,2016,1,Hip-Hop,https://is1-ssl.mzstatic.com/image/thumb/Music124/v4/2c/de/4e/2cde4e6e-ce18-c572-5c1b-44930c7d27e1/075679893727.jpg/100x100bb.jpg,https://is1-ssl.mzstatic.com/image/thumb/Music124/v4/2c/de/4e/2cde4e6e-ce18-c572-5c1b-44930c7d27e1/075679893727.jpg/600x600bb.jpg,37.7,91.9,40.1,Cool Blue,#0b8190
NF,Perception,2017,16,Hip-Hop,https://is1-ssl.mzstatic.com/image/thumb/Music126/v4/6e/96/04/6e9604a8-3270-f86e-0c47-0127141545c3/17UM1IM17084.rgb.jpg/100x100bb.jpg,https://is1-ssl.mzstatic.com/image/thumb/Music126/v4/6e/96/04/6e9604a8-3270-f86e-0c47-0127141545c3/17UM1IM17084.rgb.jpg/600x600bb.jpg,21.8,20.3,37.4,Dark & Moody,#32383d
CKay,Love Nwantiti (ah ah ah) [feat. Joeboy & Kuami Eugene] [Remix] - Single,2020,1,Hip-Hop,https://is1-ssl.mzstatic.com/image/thumb/Music115/v4/47/75/a4/4775a4de-e5bd-e553-7dec-5a3911718276/795152501603.jpg/100x100bb.jpg,https://is1-ssl.mzstatic.com/image/thumb/Music115/v4/47/75/a4/4775a4de-e5bd-e553-7dec-5a3911718276/795152501603.jpg/600x600bb.jpg,27.6,46.2,61.3,Warm Red & Orange,#5b3e3a
Sonic Vizion,2020,2020,12,Hip-Hop,https://is1-ssl.mzstatic.com/image/thumb/Music125/v4/de/a1/fc/dea1fc2c-288a-9e6e-cd07-b6c1e1fb7730/artwork.jpg/100x100bb.jpg,https://is1-ssl.mzstatic.com/image/thumb/Music125/v4/de/a1/fc/dea1fc2c-288a-9e6e-cd07-b6c1e1fb7730/artwork.jpg/600x600bb.jpg,86.6,0.0,65.6,Minimalist White,#dcdcdc
Roddy Ricch,late at night - Single,2021,1,Hip-Hop,https://is1-ssl.mzstatic.com/image/thumb/Music125/v4/f5/f3/0d/f5f30da6-fd56-c7f0-b50e-e450290fc0f6/075679780911.jpg/100x100bb.jpg,https://is1-ssl.mzstatic.com/image/thumb/Music125/v4/f5/f3/0d/f5f30da6-fd56-c7f0-b50e-e450290fc0f6/075679780911.jpg/600x600bb.jpg,5.2,78.3,26.2,Dark & Moody,#080d18
Rod Wave,Pray 4 Love,2020,14,Hip-Hop,https://is1-ssl.mzstatic.com/image/thumb/Music125/v4/ed/49/f1/ed49f111-5ce1-e1ff-bd49-171d020a9f8c/808391082250.jpg/100x100bb.jpg,https://is1-ssl.mzstatic.com/image/thumb/Music125/v4/ed/49/f1/ed49f111-5ce1-e1ff-bd49-171d020a9f8c/808391082250.jpg/600x600bb.jpg,33.5,15.8,38.0,Monochrome / Gray,#5a534f
Imagine Dragons & JID,Enemy (From Arcane: League of Legends) - Single,2021,1,Hip-Hop,https://is1-ssl.mzstatic.com/image/thumb/Music126/v4/76/77/08/767708a7-ec93-3b3d-3bac-40086e5a265c/21UM1IM29634.rgb.jpg/100x100bb.jpg,https://is1-ssl.mzstatic.com/image/thumb/Music126/v4/76/77/08/767708a7-ec93-3b3d-3bac-40086e5a265c/21UM1IM29634.rgb.jpg/600x600bb.jpg,17.0,47.1,17.8,Dark & Moody,#3c222b
Trippie Redd,A Love Letter To You 4,2019,21,Hip-Hop,https://is1-ssl.mzstatic.com/image/thumb/Music116/v4/6e/50/7a/6e507a67-8548-b7ff-af8f-2d2329cabba7/842812121708.jpg/100x100bb.jpg,https://is1-ssl.mzstatic.com/image/thumb/Music116/v4/6e/50/7a/6e507a67-8548-b7ff-af8f-2d2329cabba7/842812121708.jpg/600x600bb.jpg,25.3,61.2,40.2,Warm Red & Orange,#643229
J Balvin,Colores,2020,10,Hip-Hop,https://is1-ssl.mzstatic.com/image/thumb/Music125/v4/ae/b3/66/aeb36667-f9b2-c455-c3fc-a53bbd5ec4c1/20UMGIM10542.rgb.jpg/100x100bb.jpg,https://is1-ssl.mzstatic.com/image/thumb/Music125/v4/ae/b3/66/aeb36667-f9b2-c455-c3fc-a53bbd5ec4c1/20UMGIM10542.rgb.jpg/600x600bb.jpg,66.7,30.6,41.9,Warm Red & Orange,#c2a09a
Tae Sean,2020 - Single,2017,1,Hip-Hop,https://is1-ssl.mzstatic.com/image/thumb/Music118/v4/86/90/44/86904497-dd7e-6df3-094f-9b6d72f392a3/859723056593.jpg/100x100bb.jpg,https://is1-ssl.mzstatic.com/image/thumb/Music118/v4/86/90/44/86904497-dd7e-6df3-094f-9b6d72f392a3/859723056593.jpg/600x600bb.jpg,55.4,24.6,66.3,Warm Red & Orange,#9d8684
Lil Uzi Vert,What You Saying - Single,2025,1,Hip-Hop,https://is1-ssl.mzstatic.com/image/thumb/Music221/v4/ee/24/92/ee249222-bfef-2abe-b8d0-16f0f35a3b17/8721465006940.png/100x100bb.jpg,https://is1-ssl.mzstatic.com/image/thumb/Music221/v4/ee/24/92/ee249222-bfef-2abe-b8d0-16f0f35a3b17/8721465006940.png/600x600bb.jpg,72.7,15.5,10.9,Monochrome / Gray,#cfafb0
NAV,Wanted You (feat. Lil Uzi Vert) - Single,2017,1,Hip-Hop,https://is1-ssl.mzstatic.com/image/thumb/Music122/v4/81/1b/8d/811b8d10-a32f-b042-66f1-b3a97ed8e5fd/17UM1IM45208.rgb.jpg/100x100bb.jpg,https://is1-ssl.mzstatic.com/image/thumb/Music122/v4/81/1b/8d/811b8d10-a32f-b042-66f1-b3a97ed8e5fd/17UM1IM45208.rgb.jpg/600x600bb.jpg,23.3,25.3,52.0,Dark & Moody,#453736
Alicia Keys,Un-thinkable (I'm Ready) [Remix] {feat. Drake} - Single,2010,1,Hip-Hop,https://is1-ssl.mzstatic.com/image/thumb/Music124/v4/4d/5d/5d/4d5d5db9-94c5-8d29-22ab-23ab947e18ff/884977645149.jpg/100x100bb.jpg,https://is1-ssl.mzstatic.com/image/thumb/Music124/v4/4d/5d/5d/4d5d5db9-94c5-8d29-22ab-23ab947e18ff/884977645149.jpg/600x600bb.jpg,46.7,16.8,73.3,Monochrome / Gray,#7a747f
YG Marley,Praise Jah In the Moonlight - Single,2023,1,Hip-Hop,https://is1-ssl.mzstatic.com/image/thumb/Music211/v4/f2/da/b4/f2dab4af-f209-1563-ff58-98fa5bd2920a/cover_4062851821834.jpg/100x100bb.jpg,https://is1-ssl.mzstatic.com/image/thumb/Music211/v4/f2/da/b4/f2dab4af-f209-1563-ff58-98fa5bd2920a/cover_4062851821834.jpg/600x600bb.jpg,40.8,30.4,37.9,Warm Red & Orange,#73674b
Don Toliver,HARDSTONE PSYCHO,2024,16,Hip-Hop,https://is1-ssl.mzstatic.com/image/thumb/Music211/v4/44/de/bf/44debf50-b8c0-85b7-0ac9-1f5acfc3e138/075679660763.jpg/100x100bb.jpg,https://is1-ssl.mzstatic.com/image/thumb/Music211/v4/44/de/bf/44debf50-b8c0-85b7-0ac9-1f5acfc3e138/075679660763.jpg/600x600bb.jpg,24.2,37.3,40.3,Dark & Moody,#314244
"Anuel AA, Daddy Yankee & KAROL G",China (feat. J Balvin & Ozuna) - Single,2019,1,Hip-Hop,https://is1-ssl.mzstatic.com/image/thumb/Music114/v4/75/a2/e6/75a2e657-0373-2667-cfbb-ee2247f4dff8/194491110918.jpg/100x100bb.jpg,https://is1-ssl.mzstatic.com/image/thumb/Music114/v4/75/a2/e6/75a2e657-0373-2667-cfbb-ee2247f4dff8/194491110918.jpg/600x600bb.jpg,64.4,47.8,50.8,Green,#a5b060
Various Artists,Soul Classics,2017,25,R&B / Soul,https://is1-ssl.mzstatic.com/image/thumb/Music114/v4/2f/93/03/2f93036d-29c6-80d0-0d34-1daf658e4b9b/084247977226.jpg/100x100bb.jpg,https://is1-ssl.mzstatic.com/image/thumb/Music114/v4/2f/93/03/2f93036d-29c6-80d0-0d34-1daf658e4b9b/084247977226.jpg/600x600bb.jpg,51.8,43.8,51.5,Pink & Magenta,#a4728a
Maceo Parker,Soul Classics,2012,10,R&B / Soul,https://is1-ssl.mzstatic.com/image/thumb/Music128/v4/3a/b2/0f/3ab20f0c-f825-d471-2cf8-1908807a29ad/00793018336437.rgb.jpg/100x100bb.jpg,https://is1-ssl.mzstatic.com/image/thumb/Music128/v4/3a/b2/0f/3ab20f0c-f825-d471-2cf8-1908807a29ad/00793018336437.rgb.jpg/600x600bb.jpg,30.1,72.0,53.7,Pink & Magenta,#833245
Mary Wells,Soul Classics - EP,2026,5,R&B / Soul,https://is1-ssl.mzstatic.com/image/thumb/Music211/v4/21/d5/df/21d5df06-1e8c-d49e-b947-7e510892090c/126623.jpg/100x100bb.jpg,https://is1-ssl.mzstatic.com/image/thumb/Music211/v4/21/d5/df/21d5df06-1e8c-d49e-b947-7e510892090c/126623.jpg/600x600bb.jpg,17.6,46.9,49.0,Dark & Moody,#39291d
Mica Paris,Soul Classics,2005,11,R&B / Soul,https://is1-ssl.mzstatic.com/image/thumb/Music118/v4/c8/d9/e4/c8d9e444-e196-8f0f-d063-2346dcbdb7d3/5414939522376.jpg/100x100bb.jpg,https://is1-ssl.mzstatic.com/image/thumb/Music118/v4/c8/d9/e4/c8d9e444-e196-8f0f-d063-2346dcbdb7d3/5414939522376.jpg/600x600bb.jpg,35.9,18.1,71.6,Warm Red & Orange,#615a53
Aaron Neville,Bring It On Home...The Soul Classics (Bonus Track Version),2006,14,R&B / Soul,https://is1-ssl.mzstatic.com/image/thumb/Music/e0/c1/f6/mzi.gpphjfih.jpg/100x100bb.jpg,https://is1-ssl.mzstatic.com/image/thumb/Music/e0/c1/f6/mzi.gpphjfih.jpg/600x600bb.jpg,77.0,9.2,88.9,Minimalist White,#c8c2c0
The Foundations,Soul Classics,2000,10,R&B / Soul,https://is1-ssl.mzstatic.com/image/thumb/Music113/v4/4f/d8/5a/4fd85a32-458d-e6b6-74aa-951db4609b0c/886788893764_cover.jpg/100x100bb.jpg,https://is1-ssl.mzstatic.com/image/thumb/Music113/v4/4f/d8/5a/4fd85a32-458d-e6b6-74aa-951db4609b0c/886788893764_cover.jpg/600x600bb.jpg,39.9,10.5,54.5,Monochrome / Gray,#606766
The Esquires,Soul Classics (Volume 22),2009,10,R&B / Soul,https://is1-ssl.mzstatic.com/image/thumb/Music/e7/4e/94/mzi.knqncuzt.tif/100x100bb.jpg,https://is1-ssl.mzstatic.com/image/thumb/Music/e7/4e/94/mzi.knqncuzt.tif/600x600bb.jpg,11.5,19.7,44.4,Dark & Moody,#1e1d15
Calvin Harris & Rihanna,This Is What You Came For - Single,2016,1,R&B / Soul,https://is1-ssl.mzstatic.com/image/thumb/Music125/v4/59/57/a6/5957a66e-fb10-4065-5739-7c54236339e4/886445857290.jpg/100x100bb.jpg,https://is1-ssl.mzstatic.com/image/thumb/Music125/v4/59/57/a6/5957a66e-fb10-4065-5739-7c54236339e4/886445857290.jpg/600x600bb.jpg,13.0,71.0,36.2,Dark & Moody,#10204f
Brook Benton,Soul Classics - EP,2026,4,R&B / Soul,https://is1-ssl.mzstatic.com/image/thumb/Music211/v4/86/42/85/864285f8-57a8-5782-447c-4896f446d329/126918.jpg/100x100bb.jpg,https://is1-ssl.mzstatic.com/image/thumb/Music211/v4/86/42/85/864285f8-57a8-5782-447c-4896f446d329/126918.jpg/600x600bb.jpg,23.5,59.9,48.1,Dark & Moody,#50352a
Daryl Hall & John Oates,The Very Best of Daryl Hall & John Oates,2001,18,R&B / Soul,https://is1-ssl.mzstatic.com/image/thumb/Music125/v4/9b/30/4c/9b304cad-7427-b463-6bf7-8c1cf4fae484/078636931920.jpg/100x100bb.jpg,https://is1-ssl.mzstatic.com/image/thumb/Music125/v4/9b/30/4c/9b304cad-7427-b463-6bf7-8c1cf4fae484/078636931920.jpg/600x600bb.jpg,56.1,26.7,65.7,Cool Blue,#879194
Alicia Keys,The Diary of Alicia Keys,2003,15,R&B / Soul,https://is1-ssl.mzstatic.com/image/thumb/Music125/v4/c2/07/c6/c207c6ee-e3f1-cad2-1259-69a3ebd08b5c/828765571227.jpg/100x100bb.jpg,https://is1-ssl.mzstatic.com/image/thumb/Music125/v4/c2/07/c6/c207c6ee-e3f1-cad2-1259-69a3ebd08b5c/828765571227.jpg/600x600bb.jpg,49.0,37.0,55.1,Warm Red & Orange,#937664
Mary J. Blige,Share My World,1997,17,R&B / Soul,https://is1-ssl.mzstatic.com/image/thumb/Music221/v4/80/05/b8/8005b825-34b2-c0dd-3ecf-cfbe7baf10b1/06UMGIM21088.rgb.jpg/100x100bb.jpg,https://is1-ssl.mzstatic.com/image/thumb/Music221/v4/80/05/b8/8005b825-34b2-c0dd-3ecf-cfbe7baf10b1/06UMGIM21088.rgb.jpg/600x600bb.jpg,59.0,9.8,80.2,Monochrome / Gray,#9c9493
R. Kelly,12 Play,1993,12,R&B / Soul,https://is1-ssl.mzstatic.com/image/thumb/Music115/v4/21/c7/70/21c770c2-e993-fe91-0ab5-94097876bab7/mzm.kbnmavkh.jpg/100x100bb.jpg,https://is1-ssl.mzstatic.com/image/thumb/Music115/v4/21/c7/70/21c770c2-e993-fe91-0ab5-94097876bab7/mzm.kbnmavkh.jpg/600x600bb.jpg,75.2,10.8,90.7,Minimalist White,#c5bdbc
"Victor Thompson, Gunna & Ehis 'D' Greatest",THIS YEAR (Blessings) [Remix] - Single,2023,1,R&B / Soul,https://is1-ssl.mzstatic.com/image/thumb/Music116/v4/6c/8d/15/6c8d15e0-0a0a-54d6-d086-8a553c2e25ba/196871537520.jpg/100x100bb.jpg,https://is1-ssl.mzstatic.com/image/thumb/Music116/v4/6c/8d/15/6c8d15e0-0a0a-54d6-d086-8a553c2e25ba/196871537520.jpg/600x600bb.jpg,44.5,4.1,47.0,Monochrome / Gray,#6f7273
Jorja Smith,Lost & Found,2018,12,R&B / Soul,https://is1-ssl.mzstatic.com/image/thumb/Music118/v4/9f/da/5d/9fda5dfb-8be4-e656-6fb3-a83cc9dbd60a/192562402849.jpg/100x100bb.jpg,https://is1-ssl.mzstatic.com/image/thumb/Music118/v4/9f/da/5d/9fda5dfb-8be4-e656-6fb3-a83cc9dbd60a/192562402849.jpg/600x600bb.jpg,60.9,28.9,59.0,Warm Red & Orange,#a79980
Tems,Love Me JeJe - Single,2024,1,R&B / Soul,https://is1-ssl.mzstatic.com/image/thumb/Music211/v4/e5/a2/55/e5a255b3-f83e-f67a-e20f-23962b18dc3a/196871994545.jpg/100x100bb.jpg,https://is1-ssl.mzstatic.com/image/thumb/Music211/v4/e5/a2/55/e5a255b3-f83e-f67a-e20f-23962b18dc3a/196871994545.jpg/600x600bb.jpg,43.7,47.7,71.2,Warm Red & Orange,#9d5c56
Sade,The Best of Sade,1994,16,R&B / Soul,https://is1-ssl.mzstatic.com/image/thumb/Music115/v4/5f/ad/2a/5fad2aca-d998-701d-7b27-c074339d5fd0/886972262628.jpg/100x100bb.jpg,https://is1-ssl.mzstatic.com/image/thumb/Music115/v4/5f/ad/2a/5fad2aca-d998-701d-7b27-c074339d5fd0/886972262628.jpg/600x600bb.jpg,56.7,11.1,70.8,Monochrome / Gray,#928e96
Beyoncé,I AM...SASHA FIERCE,2008,12,R&B / Soul,https://is1-ssl.mzstatic.com/image/thumb/Music125/v4/35/0f/55/350f55da-2104-162a-5872-cb35fef30410/mzi.morbeoaw.jpg/100x100bb.jpg,https://is1-ssl.mzstatic.com/image/thumb/Music125/v4/35/0f/55/350f55da-2104-162a-5872-cb35fef30410/mzi.morbeoaw.jpg/600x600bb.jpg,64.3,5.3,73.8,Monochrome / Gray,#a7a2a2
Asake,Mr. Money With The Vibe,2022,12,R&B / Soul,https://is1-ssl.mzstatic.com/image/thumb/Music122/v4/5e/4f/66/5e4f6644-a234-d037-609d-7ed53fd6c7f9/194690909856_cover.jpg/100x100bb.jpg,https://is1-ssl.mzstatic.com/image/thumb/Music122/v4/5e/4f/66/5e4f6644-a234-d037-609d-7ed53fd6c7f9/194690909856_cover.jpg/600x600bb.jpg,49.3,46.1,56.0,Warm Red & Orange,#a46f5f
Various Artists,Fifty Shades of Grey (Original Motion Picture Soundtrack),2015,16,R&B / Soul,https://is1-ssl.mzstatic.com/image/thumb/Music122/v4/fd/7a/13/fd7a1394-5ce1-6da6-93ad-977533762a1f/15UMGIM00463.rgb.jpg/100x100bb.jpg,https://is1-ssl.mzstatic.com/image/thumb/Music122/v4/fd/7a/13/fd7a1394-5ce1-6da6-93ad-977533762a1f/15UMGIM00463.rgb.jpg/600x600bb.jpg,17.9,12.1,51.3,Dark & Moody,#2d2d2e
Khalid & Disclosure,Know Your Worth - Single,2020,1,R&B / Soul,https://is1-ssl.mzstatic.com/image/thumb/Music115/v4/55/9c/17/559c17a3-7e4f-5394-370a-50e7401e159a/886448211488.jpg/100x100bb.jpg,https://is1-ssl.mzstatic.com/image/thumb/Music115/v4/55/9c/17/559c17a3-7e4f-5394-370a-50e7401e159a/886448211488.jpg/600x600bb.jpg,31.2,84.1,29.1,Cool Blue,#0e648c
Various Artists,Sing (Original Motion Picture Soundtrack Deluxe),2016,23,R&B / Soul,https://is1-ssl.mzstatic.com/image/thumb/Music112/v4/06/2c/4e/062c4e81-63c1-4b85-64b8-577e3ebb73b5/16UMGIM78821.rgb.jpg/100x100bb.jpg,https://is1-ssl.mzstatic.com/image/thumb/Music112/v4/06/2c/4e/062c4e81-63c1-4b85-64b8-577e3ebb73b5/16UMGIM78821.rgb.jpg/600x600bb.jpg,53.9,37.9,58.6,Warm Red & Orange,#8f8783
Aaliyah,Age Ain't Nothing But a Number (Deluxe),1994,13,R&B / Soul,https://is1-ssl.mzstatic.com/image/thumb/Music125/v4/5c/1d/bd/5c1dbd6c-bf61-2227-a729-087f6d4a9781/mzm.gpezsfcq.jpg/100x100bb.jpg,https://is1-ssl.mzstatic.com/image/thumb/Music125/v4/5c/1d/bd/5c1dbd6c-bf61-2227-a729-087f6d4a9781/mzm.gpezsfcq.jpg/600x600bb.jpg,55.3,15.7,77.8,Monochrome / Gray,#928a8b
SWV,It's About Time,1992,15,R&B / Soul,https://is1-ssl.mzstatic.com/image/thumb/Music125/v4/f3/36/83/f33683c6-fb4e-326d-9bc6-2b25e146553c/078636607429.jpg/100x100bb.jpg,https://is1-ssl.mzstatic.com/image/thumb/Music125/v4/f3/36/83/f33683c6-fb4e-326d-9bc6-2b25e146553c/078636607429.jpg/600x600bb.jpg,24.7,28.8,55.5,Dark & Moody,#423d3a
"Justin Hurwitz, Benj Pasek, Justin Noble Paul, Emma Stone & Ryan Gosling",La La Land (Original Motion Picture Soundtrack),2016,16,R&B / Soul,https://is1-ssl.mzstatic.com/image/thumb/Music114/v4/bb/47/a3/bb47a36e-57b8-9260-f9a4-d09851145c45/00602557100556.rgb.jpg/100x100bb.jpg,https://is1-ssl.mzstatic.com/image/thumb/Music114/v4/bb/47/a3/bb47a36e-57b8-9260-f9a4-d09851145c45/00602557100556.rgb.jpg/600x600bb.jpg,17.0,76.1,29.6,Dark & Moody,#272169
Daft Punk,Homework,1997,16,R&B / Soul,https://is1-ssl.mzstatic.com/image/thumb/Features115/v4/34/8d/c7/348dc71c-d75e-9baf-671a-994e9e74b018/dj.pimdxdmf.jpg/100x100bb.jpg,https://is1-ssl.mzstatic.com/image/thumb/Features115/v4/34/8d/c7/348dc71c-d75e-9baf-671a-994e9e74b018/dj.pimdxdmf.jpg/600x600bb.jpg,16.0,31.1,32.7,Dark & Moody,#352225
Future,March Madness - Single,2015,1,R&B / Soul,https://is1-ssl.mzstatic.com/image/thumb/Music126/v4/b0/ca/34/b0ca349f-d3ce-3734-a97f-31578f0b214e/886445475784.jpg/100x100bb.jpg,https://is1-ssl.mzstatic.com/image/thumb/Music126/v4/b0/ca/34/b0ca349f-d3ce-3734-a97f-31578f0b214e/886445475784.jpg/600x600bb.jpg,4.6,0.0,23.9,Dark & Moody,#0b0b0b
Lil Jon,Snap Yo Fingers - Single,2006,1,R&B / Soul,https://is1-ssl.mzstatic.com/image/thumb/Music125/v4/10/be/e1/10bee1e3-53aa-c383-201f-b05a1b0588ab/mzi.jbbklpab.tif/100x100bb.jpg,https://is1-ssl.mzstatic.com/image/thumb/Music125/v4/10/be/e1/10bee1e3-53aa-c383-201f-b05a1b0588ab/mzi.jbbklpab.tif/600x600bb.jpg,40.6,29.4,83.6,Warm Red & Orange,#73635d
Luther Vandross,Never Too Much,1981,7,R&B / Soul,https://is1-ssl.mzstatic.com/image/thumb/Music115/v4/81/41/87/81418780-b371-faa6-a3b5-5073be62a6ae/mzi.mskephqn.jpg/100x100bb.jpg,https://is1-ssl.mzstatic.com/image/thumb/Music115/v4/81/41/87/81418780-b371-faa6-a3b5-5073be62a6ae/mzi.mskephqn.jpg/600x600bb.jpg,40.9,33.2,46.9,Warm Red & Orange,#776357
New Edition,Heart Break,1988,15,R&B / Soul,https://is1-ssl.mzstatic.com/image/thumb/Music126/v4/0c/c1/be/0cc1beb9-be76-8de3-9f77-2b47da565e70/06UMGIM02085.rgb.jpg/100x100bb.jpg,https://is1-ssl.mzstatic.com/image/thumb/Music126/v4/0c/c1/be/0cc1beb9-be76-8de3-9f77-2b47da565e70/06UMGIM02085.rgb.jpg/600x600bb.jpg,32.6,42.3,55.5,Warm Red & Orange,#5c5240
Wizkid,Morayo,2024,16,R&B / Soul,https://is1-ssl.mzstatic.com/image/thumb/Music221/v4/ad/12/b9/ad12b9d8-e896-5e36-6ef9-cec448a586e0/196872578911.jpg/100x100bb.jpg,https://is1-ssl.mzstatic.com/image/thumb/Music221/v4/ad/12/b9/ad12b9d8-e896-5e36-6ef9-cec448a586e0/196872578911.jpg/600x600bb.jpg,54.5,28.8,58.0,Warm Red & Orange,#a28277
Musiq Soulchild,Aijuswanaseing,2000,15,R&B / Soul,https://is1-ssl.mzstatic.com/image/thumb/Music112/v4/fe/43/32/fe433231-b094-83d7-63e4-0507e8b11b5e/06UMGIM08895.rgb.jpg/100x100bb.jpg,https://is1-ssl.mzstatic.com/image/thumb/Music112/v4/fe/43/32/fe433231-b094-83d7-63e4-0507e8b11b5e/06UMGIM08895.rgb.jpg/600x600bb.jpg,48.9,42.0,59.5,Warm Red & Orange,#93736f
2Pac,All Eyez On Me,1996,27,R&B / Soul,https://is1-ssl.mzstatic.com/image/thumb/Music115/v4/55/e5/7c/55e57cf2-8325-a088-7d54-3aeedad1143f/21UM1IM16263.rgb.jpg/100x100bb.jpg,https://is1-ssl.mzstatic.com/image/thumb/Music115/v4/55/e5/7c/55e57cf2-8325-a088-7d54-3aeedad1143f/21UM1IM16263.rgb.jpg/600x600bb.jpg,8.8,55.6,30.9,Dark & Moody,#1d1313
R. Kelly & Public Announcement,Born Into the 90's,1992,11,R&B / Soul,https://is1-ssl.mzstatic.com/image/thumb/Music114/v4/41/3c/88/413c88b1-fd00-621b-1c5d-c95a60a765ac/mzm.jjmafcqr.jpg/100x100bb.jpg,https://is1-ssl.mzstatic.com/image/thumb/Music114/v4/41/3c/88/413c88b1-fd00-621b-1c5d-c95a60a765ac/mzm.jjmafcqr.jpg/600x600bb.jpg,18.6,49.1,37.9,Dark & Moody,#342844
GIVĒON,BELOVED,2025,14,R&B / Soul,https://is1-ssl.mzstatic.com/image/thumb/Music221/v4/47/03/4c/47034c71-831b-61a2-8cc2-502f927834bd/196873057620.jpg/100x100bb.jpg,https://is1-ssl.mzstatic.com/image/thumb/Music221/v4/47/03/4c/47034c71-831b-61a2-8cc2-502f927834bd/196873057620.jpg/600x600bb.jpg,33.6,22.1,36.2,Green,#545752
Tierra Whack,R&B? - EP,2021,3,R&B / Soul,https://is1-ssl.mzstatic.com/image/thumb/Music116/v4/88/4a/2f/884a2f6f-d91b-90e0-63dc-bcbc138f875d/21UM1IM44081.rgb.jpg/100x100bb.jpg,https://is1-ssl.mzstatic.com/image/thumb/Music116/v4/88/4a/2f/884a2f6f-d91b-90e0-63dc-bcbc138f875d/21UM1IM44081.rgb.jpg/600x600bb.jpg,19.1,84.2,37.1,Dark & Moody,#591f1d
Megan Thee Stallion,Hot Girl Summer (feat. Nicki Minaj & Ty Dolla $ign) - Single,2019,1,R&B / Soul,https://is1-ssl.mzstatic.com/image/thumb/Music123/v4/33/b0/58/33b05868-e5a3-3066-d119-f564fc8b3f36/814908028741.jpg/100x100bb.jpg,https://is1-ssl.mzstatic.com/image/thumb/Music123/v4/33/b0/58/33b05868-e5a3-3066-d119-f564fc8b3f36/814908028741.jpg/600x600bb.jpg,53.7,70.4,29.6,Warm Red & Orange,#db6d40
H.E.R.,H.E.R.,2017,21,R&B / Soul,https://is1-ssl.mzstatic.com/image/thumb/Music115/v4/27/40/34/274034b3-42d9-ba59-b22c-dc4f57672ee0/886446799513.jpg/100x100bb.jpg,https://is1-ssl.mzstatic.com/image/thumb/Music115/v4/27/40/34/274034b3-42d9-ba59-b22c-dc4f57672ee0/886446799513.jpg/600x600bb.jpg,43.6,66.2,30.0,Green,#67736c
Tems,Me & U - Single,2023,1,R&B / Soul,https://is1-ssl.mzstatic.com/image/thumb/Music126/v4/f8/21/8a/f8218a85-c9a5-e611-3187-62ee68447ca7/196871461238.jpg/100x100bb.jpg,https://is1-ssl.mzstatic.com/image/thumb/Music126/v4/f8/21/8a/f8218a85-c9a5-e611-3187-62ee68447ca7/196871461238.jpg/600x600bb.jpg,56.0,23.5,57.6,Warm Red & Orange,#9c8987
Muni Long,Made For Me - Single,2023,1,R&B / Soul,https://is1-ssl.mzstatic.com/image/thumb/Music126/v4/1c/c1/e0/1cc1e064-255c-e1b8-71fa-00cc68a5918e/23UM1IM06665.rgb.jpg/100x100bb.jpg,https://is1-ssl.mzstatic.com/image/thumb/Music126/v4/1c/c1/e0/1cc1e064-255c-e1b8-71fa-00cc68a5918e/23UM1IM06665.rgb.jpg/600x600bb.jpg,53.8,11.1,43.8,Monochrome / Gray,#908687
Drake,Views,2016,21,R&B / Soul,https://is1-ssl.mzstatic.com/image/thumb/Music115/v4/95/f5/87/95f587f7-21c3-d5f9-d81a-4350f9caa020/16UMGIM27643.rgb.jpg/100x100bb.jpg,https://is1-ssl.mzstatic.com/image/thumb/Music115/v4/95/f5/87/95f587f7-21c3-d5f9-d81a-4350f9caa020/16UMGIM27643.rgb.jpg/600x600bb.jpg,33.6,23.6,42.6,Cool Blue,#4d575e
Queen Naija,Karma - Single,2018,1,R&B / Soul,https://is1-ssl.mzstatic.com/image/thumb/Music116/v4/fc/0c/8e/fc0c8ea8-3974-a84b-a7a2-5c42a5c9fb29/18UMGIM36263.rgb.jpg/100x100bb.jpg,https://is1-ssl.mzstatic.com/image/thumb/Music116/v4/fc/0c/8e/fc0c8ea8-3974-a84b-a7a2-5c42a5c9fb29/18UMGIM36263.rgb.jpg/600x600bb.jpg,55.7,5.9,80.9,Monochrome / Gray,#938b8b
Daniel Caesar,Who Hurt You? - Single,2018,1,R&B / Soul,https://is1-ssl.mzstatic.com/image/thumb/Music221/v4/3d/45/74/3d457424-fc01-7875-bcbb-14f6de13c5a0/859729044785.jpg/100x100bb.jpg,https://is1-ssl.mzstatic.com/image/thumb/Music221/v4/3d/45/74/3d457424-fc01-7875-bcbb-14f6de13c5a0/859729044785.jpg/600x600bb.jpg,57.3,13.1,83.9,Monochrome / Gray,#8d9397
GIVĒON,Give Or Take,2022,15,R&B / Soul,https://is1-ssl.mzstatic.com/image/thumb/Music221/v4/9a/15/77/9a157761-5d28-9737-1772-56dc04127f15/886449310944.jpg/100x100bb.jpg,https://is1-ssl.mzstatic.com/image/thumb/Music221/v4/9a/15/77/9a157761-5d28-9737-1772-56dc04127f15/886449310944.jpg/600x600bb.jpg,12.7,79.4,19.9,Dark & Moody,#0f2724
Seal,Soul,2008,12,R&B / Soul,https://is1-ssl.mzstatic.com/image/thumb/Music/de/7e/96/mzi.cddrzhgr.jpg/100x100bb.jpg,https://is1-ssl.mzstatic.com/image/thumb/Music/de/7e/96/mzi.cddrzhgr.jpg/600x600bb.jpg,17.7,19.0,39.3,Dark & Moody,#2e2b31
Libianca,People - Single,2022,1,R&B / Soul,https://is1-ssl.mzstatic.com/image/thumb/Music122/v4/c6/8c/ca/c68ccacb-cdd5-b765-53e1-eeca394770ac/196589735607.jpg/100x100bb.jpg,https://is1-ssl.mzstatic.com/image/thumb/Music122/v4/c6/8c/ca/c68ccacb-cdd5-b765-53e1-eeca394770ac/196589735607.jpg/600x600bb.jpg,10.0,18.4,20.2,Dark & Moody,#1c1815
Jeremih,Late Nights,2015,15,R&B / Soul,https://is1-ssl.mzstatic.com/image/thumb/Music116/v4/56/e4/e7/56e4e79f-fba7-e571-5697-edfa7e2f6176/15UMGIM69301.rgb.jpg/100x100bb.jpg,https://is1-ssl.mzstatic.com/image/thumb/Music116/v4/56/e4/e7/56e4e79f-fba7-e571-5697-edfa7e2f6176/15UMGIM69301.rgb.jpg/600x600bb.jpg,19.4,72.7,41.3,Dark & Moody,#272c63
Cyazon & Essenger,Neo Soul - Single,2020,1,R&B / Soul,https://is1-ssl.mzstatic.com/image/thumb/Music123/v4/4a/e2/3a/4ae23ab9-f625-d5a2-faa8-7e18bb98f362/703980549520.png/100x100bb.jpg,https://is1-ssl.mzstatic.com/image/thumb/Music123/v4/4a/e2/3a/4ae23ab9-f625-d5a2-faa8-7e18bb98f362/703980549520.png/600x600bb.jpg,27.0,65.9,43.2,Cool Blue,#2a4c60
Queen Naija,Queen Naija - EP,2018,5,R&B / Soul,https://is1-ssl.mzstatic.com/image/thumb/Music112/v4/af/de/38/afde38a6-a5e3-45f9-2863-ac52e73b883d/18UMGIM43258.rgb.jpg/100x100bb.jpg,https://is1-ssl.mzstatic.com/image/thumb/Music112/v4/af/de/38/afde38a6-a5e3-45f9-2863-ac52e73b883d/18UMGIM43258.rgb.jpg/600x600bb.jpg,55.0,50.6,40.0,Warm Red & Orange,#b4815a
SiR,Chasing Summer,2019,14,R&B / Soul,https://is1-ssl.mzstatic.com/image/thumb/Music116/v4/dc/aa/a8/dcaaa87d-8d60-d431-b203-f285cfa3d26c/886447892336_cover.jpg/100x100bb.jpg,https://is1-ssl.mzstatic.com/image/thumb/Music116/v4/dc/aa/a8/dcaaa87d-8d60-d431-b203-f285cfa3d26c/886447892336_cover.jpg/600x600bb.jpg,49.2,34.5,28.7,Warm Red & Orange,#907961
GIVĒON,LIKE I WANT YOU - Single,2019,1,R&B / Soul,https://is1-ssl.mzstatic.com/image/thumb/Music125/v4/71/28/d6/7128d65f-8eea-6ebf-c0c4-a9b21ea23ae0/886448155423.jpg/100x100bb.jpg,https://is1-ssl.mzstatic.com/image/thumb/Music125/v4/71/28/d6/7128d65f-8eea-6ebf-c0c4-a9b21ea23ae0/886448155423.jpg/600x600bb.jpg,31.6,48.6,39.3,Green,#515537
Lamar Azul & Mindscape,Neo Soul - Single,2023,1,R&B / Soul,https://is1-ssl.mzstatic.com/image/thumb/Music116/v4/4c/2c/89/4c2c8981-55e1-599a-7af0-c0b7d9dfd002/1963621203535_cover.jpg/100x100bb.jpg,https://is1-ssl.mzstatic.com/image/thumb/Music116/v4/4c/2c/89/4c2c8981-55e1-599a-7af0-c0b7d9dfd002/1963621203535_cover.jpg/600x600bb.jpg,29.3,32.1,53.7,Warm Red & Orange,#5d4536
Chris Brown,Chris Brown (Expanded Edition),2005,18,R&B / Soul,https://is1-ssl.mzstatic.com/image/thumb/Music115/v4/a6/2f/a7/a62fa746-9e76-0789-76b6-919019807d8a/828768451052.jpg/100x100bb.jpg,https://is1-ssl.mzstatic.com/image/thumb/Music115/v4/a6/2f/a7/a62fa746-9e76-0789-76b6-919019807d8a/828768451052.jpg/600x600bb.jpg,51.8,11.2,72.1,Monochrome / Gray,#8a817e
Trey Songz,Ready (Deluxe),2009,22,R&B / Soul,https://is1-ssl.mzstatic.com/image/thumb/Music125/v4/fc/c5/eb/fcc5ebfa-2d10-8257-1c46-62e558385a08/mzi.lypsoapj.jpg/100x100bb.jpg,https://is1-ssl.mzstatic.com/image/thumb/Music125/v4/fc/c5/eb/fcc5ebfa-2d10-8257-1c46-62e558385a08/mzi.lypsoapj.jpg/600x600bb.jpg,53.0,3.4,77.5,Monochrome / Gray,#868688
Frank Ocean,Swim Good - Single,2011,1,R&B / Soul,https://is1-ssl.mzstatic.com/image/thumb/Music115/v4/a2/5b/fb/a25bfb51-6377-a2c4-debf-9f1bcfee1151/00602527815084.rgb.jpg/100x100bb.jpg,https://is1-ssl.mzstatic.com/image/thumb/Music115/v4/a2/5b/fb/a25bfb51-6377-a2c4-debf-9f1bcfee1151/00602527815084.rgb.jpg/600x600bb.jpg,57.8,46.3,37.3,Cool Blue,#63a4b7
Hotel Ugly,Shut up My Moms Calling - Single,2020,1,R&B / Soul,https://is1-ssl.mzstatic.com/image/thumb/Music116/v4/63/11/1b/63111b50-00ce-2734-e09f-94fb791c9dee/0d6bb465-1f3e-457c-99e5-a786f63c3fbb.jpg/100x100bb.jpg,https://is1-ssl.mzstatic.com/image/thumb/Music116/v4/63/11/1b/63111b50-00ce-2734-e09f-94fb791c9dee/0d6bb465-1f3e-457c-99e5-a786f63c3fbb.jpg/600x600bb.jpg,30.6,45.0,45.7,Warm Red & Orange,#5e4741
Sonder,One Night Only - Single,2018,1,R&B / Soul,https://is1-ssl.mzstatic.com/image/thumb/Music124/v4/18/ac/01/18ac0116-097a-53bd-55a7-313987080ab3/content_art_2FLdGPGCtFTwWsrf4fNNcQ_One_Night_Only_Artwork_4_stem.jpg/100x100bb.jpg,https://is1-ssl.mzstatic.com/image/thumb/Music124/v4/18/ac/01/18ac0116-097a-53bd-55a7-313987080ab3/content_art_2FLdGPGCtFTwWsrf4fNNcQ_One_Night_Only_Artwork_4_stem.jpg/600x600bb.jpg,84.8,7.8,37.3,Minimalist White,#e1d5d1
Various Artists,Motown - The Very Best of the 60'S,1996,20,R&B / Soul,https://is1-ssl.mzstatic.com/image/thumb/Music112/v4/84/71/7d/84717d6d-5bd7-6207-1d9a-b9660ddc3792/06UMGIM66790.rgb.jpg/100x100bb.jpg,https://is1-ssl.mzstatic.com/image/thumb/Music112/v4/84/71/7d/84717d6d-5bd7-6207-1d9a-b9660ddc3792/06UMGIM66790.rgb.jpg/600x600bb.jpg,39.3,17.8,48.5,Monochrome / Gray,#6f5f5e
WorldMusicCorp,Motown Soul,2025,11,R&B / Soul,https://is1-ssl.mzstatic.com/image/thumb/Music221/v4/ea/47/70/ea477044-1584-22a5-c211-41f6fb16a0cf/artwork.jpg/100x100bb.jpg,https://is1-ssl.mzstatic.com/image/thumb/Music221/v4/ea/47/70/ea477044-1584-22a5-c211-41f6fb16a0cf/artwork.jpg/600x600bb.jpg,33.3,43.1,67.4,Warm Red & Orange,#5d5248
Michael McDonald,Motown,2003,14,R&B / Soul,https://is1-ssl.mzstatic.com/image/thumb/Music128/v4/2f/d2/04/2fd2047b-a385-7884-362c-6d7f2544e322/00602498011331.rgb.jpg/100x100bb.jpg,https://is1-ssl.mzstatic.com/image/thumb/Music128/v4/2f/d2/04/2fd2047b-a385-7884-362c-6d7f2544e322/00602498011331.rgb.jpg/600x600bb.jpg,33.8,14.5,76.6,Monochrome / Gray,#525758
Boyz II Men,Motown - A Journey Through Hitsville USA,2007,14,R&B / Soul,https://is1-ssl.mzstatic.com/image/thumb/Music124/v4/ff/7b/03/ff7b03f8-b9b8-55be-9bb2-d06488280109/00602517529922.rgb.jpg/100x100bb.jpg,https://is1-ssl.mzstatic.com/image/thumb/Music124/v4/ff/7b/03/ff7b03f8-b9b8-55be-9bb2-d06488280109/00602517529922.rgb.jpg/600x600bb.jpg,47.9,16.9,99.7,Monochrome / Gray,#7b7a77
Stevie Wonder,Songs in the Key of Life,1976,22,R&B / Soul,https://is1-ssl.mzstatic.com/image/thumb/Music118/v4/eb/1f/12/eb1f12ec-474c-63aa-43af-09282f423b9d/00602537004737.rgb.jpg/100x100bb.jpg,https://is1-ssl.mzstatic.com/image/thumb/Music118/v4/eb/1f/12/eb1f12ec-474c-63aa-43af-09282f423b9d/00602537004737.rgb.jpg/600x600bb.jpg,52.3,63.6,49.5,Warm Red & Orange,#ce6b4d
Blues Backing Tracks,"Minus Bass: Motown/Soul Vibe, Vol. 1",2016,10,R&B / Soul,https://is1-ssl.mzstatic.com/image/thumb/Music18/v4/cd/62/1d/cd621d18-5cb3-1e64-e2aa-813f3741a6d3/pN5M3.png/100x100bb.jpg,https://is1-ssl.mzstatic.com/image/thumb/Music18/v4/cd/62/1d/cd621d18-5cb3-1e64-e2aa-813f3741a6d3/pN5M3.png/600x600bb.jpg,35.5,43.0,56.1,Warm Red & Orange,#6b5640
Bruno Mars,Finesse (Remix) [feat. Cardi B] - Single,2018,1,R&B / Soul,https://is1-ssl.mzstatic.com/image/thumb/Music125/v4/56/df/33/56df332a-da4a-d565-f40e-960905ee1a2b/075679878892.jpg/100x100bb.jpg,https://is1-ssl.mzstatic.com/image/thumb/Music125/v4/56/df/33/56df332a-da4a-d565-f40e-960905ee1a2b/075679878892.jpg/600x600bb.jpg,60.4,33.0,58.6,Warm Red & Orange,#a29985
Marvin Gaye,What's Going On,1971,9,R&B / Soul,https://is1-ssl.mzstatic.com/image/thumb/Music112/v4/76/36/2d/76362d74-cb7a-8ef9-104e-cde1d858e9a9/20UMGIM95279.rgb.jpg/100x100bb.jpg,https://is1-ssl.mzstatic.com/image/thumb/Music112/v4/76/36/2d/76362d74-cb7a-8ef9-104e-cde1d858e9a9/20UMGIM95279.rgb.jpg/600x600bb.jpg,31.5,28.6,43.6,Green,#48554c
Jackson 5,The Ultimate Collection,1995,21,R&B / Soul,https://is1-ssl.mzstatic.com/image/thumb/Music211/v4/74/00/cd/7400cdf5-08e3-afb7-f95d-6be9ebd9149a/06UMGIM01808.rgb.jpg/100x100bb.jpg,https://is1-ssl.mzstatic.com/image/thumb/Music211/v4/74/00/cd/7400cdf5-08e3-afb7-f95d-6be9ebd9149a/06UMGIM01808.rgb.jpg/600x600bb.jpg,57.2,42.7,51.0,Cool Blue,#869699
Arthur Rubinstein,Chopin: Nocturnes,1967,20,R&B / Soul,https://is1-ssl.mzstatic.com/image/thumb/Features125/v4/fa/f7/54/faf7540e-3346-b548-55d8-8617ce707554/dj.hbpmuqwc.jpg/100x100bb.jpg,https://is1-ssl.mzstatic.com/image/thumb/Features125/v4/fa/f7/54/faf7540e-3346-b548-55d8-8617ce707554/dj.hbpmuqwc.jpg/600x600bb.jpg,42.3,27.6,56.6,Pink & Magenta,#76656e
DarqueMusic,Motown Soul,2026,10,R&B / Soul,https://is1-ssl.mzstatic.com/image/thumb/Music211/v4/cb/ba/04/cbba04e4-06c2-b021-0259-9cf43d07838b/artwork.jpg/100x100bb.jpg,https://is1-ssl.mzstatic.com/image/thumb/Music211/v4/cb/ba/04/cbba04e4-06c2-b021-0259-9cf43d07838b/artwork.jpg/600x600bb.jpg,24.9,57.6,48.8,Dark & Moody,#523a24
Marvin Gaye,Let's Get It On (Remastered 2003),1973,8,R&B / Soul,https://is1-ssl.mzstatic.com/image/thumb/Music116/v4/dc/fa/3a/dcfa3a34-a2eb-8144-7fda-b978b7afbe19/06UMGIM11335.rgb.jpg/100x100bb.jpg,https://is1-ssl.mzstatic.com/image/thumb/Music116/v4/dc/fa/3a/dcfa3a34-a2eb-8144-7fda-b978b7afbe19/06UMGIM11335.rgb.jpg/600x600bb.jpg,25.4,35.1,35.8,Warm Red & Orange,#503b33
Stevie Wonder,Innervisions,1973,10,R&B / Soul,https://is1-ssl.mzstatic.com/image/thumb/Music115/v4/ff/c2/5f/ffc25f04-cb3b-b56e-dd28-8b77ae63e613/00602537070824.rgb.jpg/100x100bb.jpg,https://is1-ssl.mzstatic.com/image/thumb/Music115/v4/ff/c2/5f/ffc25f04-cb3b-b56e-dd28-8b77ae63e613/00602537070824.rgb.jpg/600x600bb.jpg,72.2,38.9,35.5,Warm Red & Orange,#d3b483
Various Artists,A Motown Christmas,1973,25,R&B / Soul,https://is1-ssl.mzstatic.com/image/thumb/Music112/v4/1a/fb/1f/1afb1f34-62f8-42f3-7289-98b83236d1ff/06UMGIM06187.rgb.jpg/100x100bb.jpg,https://is1-ssl.mzstatic.com/image/thumb/Music112/v4/1a/fb/1f/1afb1f34-62f8-42f3-7289-98b83236d1ff/06UMGIM06187.rgb.jpg/600x600bb.jpg,56.1,34.9,52.6,Pink & Magenta,#9c869a
Stevie Wonder,Hotter Than July,1980,11,R&B / Soul,https://is1-ssl.mzstatic.com/image/thumb/Music125/v4/10/71/7e/10717e68-72d1-e3ce-6173-a920506bf797/00602537779482.rgb.jpg/100x100bb.jpg,https://is1-ssl.mzstatic.com/image/thumb/Music125/v4/10/71/7e/10717e68-72d1-e3ce-6173-a920506bf797/00602537779482.rgb.jpg/600x600bb.jpg,32.3,53.6,70.6,Warm Red & Orange,#744731
Marvin Gaye,I Want You,1976,11,R&B / Soul,https://is1-ssl.mzstatic.com/image/thumb/Music126/v4/38/6d/de/386dde81-f75b-944a-a8bf-efec51554486/14UMGIM55410.rgb.jpg/100x100bb.jpg,https://is1-ssl.mzstatic.com/image/thumb/Music126/v4/38/6d/de/386dde81-f75b-944a-a8bf-efec51554486/14UMGIM55410.rgb.jpg/600x600bb.jpg,28.7,37.4,28.3,Warm Red & Orange,#5b4337
Jackson 5,Christmas Album,1970,11,R&B / Soul,https://is1-ssl.mzstatic.com/image/thumb/Music116/v4/89/c0/56/89c05699-ce9c-05f0-bda9-fcb090e27075/19UMGIM10617.rgb.jpg/100x100bb.jpg,https://is1-ssl.mzstatic.com/image/thumb/Music116/v4/89/c0/56/89c05699-ce9c-05f0-bda9-fcb090e27075/19UMGIM10617.rgb.jpg/600x600bb.jpg,48.0,58.6,66.9,Warm Red & Orange,#aa6954
Marvin Gaye,Sexual Healing (SNBRN Remix) - Single,2015,1,R&B / Soul,https://is1-ssl.mzstatic.com/image/thumb/Music126/v4/c0/fb/48/c0fb4858-9baf-4ab2-8614-9c0995f9350c/0617465616457.jpg/100x100bb.jpg,https://is1-ssl.mzstatic.com/image/thumb/Music126/v4/c0/fb/48/c0fb4858-9baf-4ab2-8614-9c0995f9350c/0617465616457.jpg/600x600bb.jpg,14.2,58.1,48.6,Dark & Moody,#381c13
Various Artists,Motown Soul Jams,2002,14,R&B / Soul,https://is1-ssl.mzstatic.com/image/thumb/Music122/v4/70/f4/7a/70f47aee-9891-ff7c-ec33-2d6b07bb6a7d/06UMGIM10260.rgb.jpg/100x100bb.jpg,https://is1-ssl.mzstatic.com/image/thumb/Music122/v4/70/f4/7a/70f47aee-9891-ff7c-ec33-2d6b07bb6a7d/06UMGIM10260.rgb.jpg/600x600bb.jpg,64.4,44.8,28.6,Warm Red & Orange,#ce9873
Pentatonix,The Best Of Pentatonix Christmas,2019,19,R&B / Soul,https://is1-ssl.mzstatic.com/image/thumb/Music211/v4/b8/46/7d/b8467deb-c828-1ce9-6573-2e1303608a26/886447949801.jpg/100x100bb.jpg,https://is1-ssl.mzstatic.com/image/thumb/Music211/v4/b8/46/7d/b8467deb-c828-1ce9-6573-2e1303608a26/886447949801.jpg/600x600bb.jpg,75.5,16.6,64.7,Minimalist White,#cabdb7
The Temptations,Give Love At Christmas,1980,8,R&B / Soul,https://is1-ssl.mzstatic.com/image/thumb/Music112/v4/d2/6c/61/d26c61db-b9b1-0d5e-fc6d-bef989e4c9d6/13UAEIM14951.rgb.jpg/100x100bb.jpg,https://is1-ssl.mzstatic.com/image/thumb/Music112/v4/d2/6c/61/d26c61db-b9b1-0d5e-fc6d-bef989e4c9d6/13UAEIM14951.rgb.jpg/600x600bb.jpg,45.4,28.6,44.6,Warm Red & Orange,#767564
Various Artists,Country Hits,2007,35,Country,https://is1-ssl.mzstatic.com/image/thumb/Features114/v4/36/d0/3b/36d03b1b-6284-faed-2379-4f1d7baefde2/dj.hzkfsdta.jpg/100x100bb.jpg,https://is1-ssl.mzstatic.com/image/thumb/Features114/v4/36/d0/3b/36d03b1b-6284-faed-2379-4f1d7baefde2/dj.hzkfsdta.jpg/600x600bb.jpg,46.0,52.1,38.6,Warm Red & Orange,#9e684b
Johnny Darrell,Country Hits,2017,17,Country,https://is1-ssl.mzstatic.com/image/thumb/Music122/v4/f3/38/04/f33804aa-d008-d2a4-e830-d34a60a079f8/191079383160_cover.jpg/100x100bb.jpg,https://is1-ssl.mzstatic.com/image/thumb/Music122/v4/f3/38/04/f33804aa-d008-d2a4-e830-d34a60a079f8/191079383160_cover.jpg/600x600bb.jpg,36.3,49.2,64.9,Warm Red & Orange,#6e5940
Maverick,Country Hits,2008,15,Country,https://is1-ssl.mzstatic.com/image/thumb/Music/97/fc/45/mzi.ovspwouw.jpg/100x100bb.jpg,https://is1-ssl.mzstatic.com/image/thumb/Music/97/fc/45/mzi.ovspwouw.jpg/600x600bb.jpg,53.2,54.3,41.3,Warm Red & Orange,#ad7e52
Musik,Country Hits,2010,15,Country,https://is1-ssl.mzstatic.com/image/thumb/Music/80/a0/32/mzi.ntccnhga.tif/100x100bb.jpg,https://is1-ssl.mzstatic.com/image/thumb/Music/80/a0/32/mzi.ntccnhga.tif/600x600bb.jpg,43.1,56.9,44.2,Warm Red & Orange,#8d673d
Guitar Tribute Players,35 Acoustic Country Hits 2018 (Instrumental),2018,35,Country,https://is1-ssl.mzstatic.com/image/thumb/Music125/v4/b9/55/b4/b955b431-4196-6a3f-60eb-ab75d0f3767d/707541090636.jpg/100x100bb.jpg,https://is1-ssl.mzstatic.com/image/thumb/Music125/v4/b9/55/b4/b955b431-4196-6a3f-60eb-ab75d0f3767d/707541090636.jpg/600x600bb.jpg,73.1,31.4,46.7,Warm Red & Orange,#d5b396
Various Artists,Country Hits!,2019,12,Country,https://is1-ssl.mzstatic.com/image/thumb/Music114/v4/35/8c/eb/358ceba3-cfab-c55f-4fa1-98d0405cfaa7/0.jpg/100x100bb.jpg,https://is1-ssl.mzstatic.com/image/thumb/Music114/v4/35/8c/eb/358ceba3-cfab-c55f-4fa1-98d0405cfaa7/0.jpg/600x600bb.jpg,39.0,16.2,55.6,Monochrome / Gray,#5d646b
Tommy Cash,Country Hits (Re-Recorded Versions),2007,26,Country,https://is1-ssl.mzstatic.com/image/thumb/Music/01/a0/2b/mzi.wyopgsfn.jpg/100x100bb.jpg,https://is1-ssl.mzstatic.com/image/thumb/Music/01/a0/2b/mzi.wyopgsfn.jpg/600x600bb.jpg,30.7,51.3,45.4,Green,#465639
Various Artists,Country Hits (Volume 1),2011,14,Country,https://is1-ssl.mzstatic.com/image/thumb/Music/4a/66/74/mzi.mivyrjcq.jpg/100x100bb.jpg,https://is1-ssl.mzstatic.com/image/thumb/Music/4a/66/74/mzi.mivyrjcq.jpg/600x600bb.jpg,37.0,43.0,37.1,Cool Blue,#595f65
Faron Young,Country Hits,2017,20,Country,https://is1-ssl.mzstatic.com/image/thumb/Music111/v4/c7/ac/c3/c7acc38d-8785-b84e-049d-f49429b97973/191079344956_cover.jpg/100x100bb.jpg,https://is1-ssl.mzstatic.com/image/thumb/Music111/v4/c7/ac/c3/c7acc38d-8785-b84e-049d-f49429b97973/191079344956_cover.jpg/600x600bb.jpg,41.2,51.8,44.1,Warm Red & Orange,#8b5e44
Doc Watson,Country Hits,2017,11,Country,https://is1-ssl.mzstatic.com/image/thumb/Music111/v4/03/f2/9f/03f29f26-d9a1-6cd5-5783-f0a5df28ffaf/191079299553_cover.jpg/100x100bb.jpg,https://is1-ssl.mzstatic.com/image/thumb/Music111/v4/03/f2/9f/03f29f26-d9a1-6cd5-5783-f0a5df28ffaf/191079299553_cover.jpg/600x600bb.jpg,36.5,38.2,62.2,Warm Red & Orange,#72554b
P. G. Rider,Country Hits,2020,11,Country,https://is1-ssl.mzstatic.com/image/thumb/Music114/v4/b0/4e/0c/b04e0c90-c825-daf1-df97-cb41de3dbbee/3610155000144_cover.jpg/100x100bb.jpg,https://is1-ssl.mzstatic.com/image/thumb/Music114/v4/b0/4e/0c/b04e0c90-c825-daf1-df97-cb41de3dbbee/3610155000144_cover.jpg/600x600bb.jpg,55.6,26.7,44.8,Pink & Magenta,#a2838b
Sleep My Darling,Country Hits,2021,8,Country,https://is1-ssl.mzstatic.com/image/thumb/Music126/v4/cb/7a/c8/cb7ac89a-f272-59ac-6c4b-7705729ad10f/194152987491.png/100x100bb.jpg,https://is1-ssl.mzstatic.com/image/thumb/Music126/v4/cb/7a/c8/cb7ac89a-f272-59ac-6c4b-7705729ad10f/194152987491.png/600x600bb.jpg,36.0,17.0,60.7,Monochrome / Gray,#5f5b56
John Berry,Hits,2006,12,Country,https://is1-ssl.mzstatic.com/image/thumb/Music116/v4/51/34/45/51344555-2014-33fa-7f62-dfdd88e3cb51/610583682120.jpg/100x100bb.jpg,https://is1-ssl.mzstatic.com/image/thumb/Music116/v4/51/34/45/51344555-2014-33fa-7f62-dfdd88e3cb51/610583682120.jpg/600x600bb.jpg,48.0,14.9,37.9,Monochrome / Gray,#787d6f
Brooks & Dunn,The Greatest Hits Collection,1997,19,Country,https://is1-ssl.mzstatic.com/image/thumb/Music125/v4/a4/db/c5/a4dbc5c7-bc69-931a-0e46-c6e11e86e003/078221885225.jpg/100x100bb.jpg,https://is1-ssl.mzstatic.com/image/thumb/Music125/v4/a4/db/c5/a4dbc5c7-bc69-931a-0e46-c6e11e86e003/078221885225.jpg/600x600bb.jpg,23.9,7.7,30.6,Dark & Moody,#3b3d3e
Guitar Tribute Players,35 Acoustic Country Hits 2023 (Instrumental),2024,35,Country,https://is1-ssl.mzstatic.com/image/thumb/Music126/v4/44/89/06/44890604-a798-82d6-9877-5a4e0779b6c3/21170.jpg/100x100bb.jpg,https://is1-ssl.mzstatic.com/image/thumb/Music126/v4/44/89/06/44890604-a798-82d6-9877-5a4e0779b6c3/21170.jpg/600x600bb.jpg,64.5,31.8,56.5,Warm Red & Orange,#b0a482
Toby Keith,35 Biggest Hits,2008,35,Country,https://is1-ssl.mzstatic.com/image/thumb/Music125/v4/e8/1b/44/e81b44cc-9a2f-9960-1a99-e6eb4389a113/08UMGIM03456.rgb.jpg/100x100bb.jpg,https://is1-ssl.mzstatic.com/image/thumb/Music125/v4/e8/1b/44/e81b44cc-9a2f-9960-1a99-e6eb4389a113/08UMGIM03456.rgb.jpg/600x600bb.jpg,23.0,29.1,53.1,Dark & Moody,#43382e
"Hank Williams, Jr.","Hank Williams, Jr.'s Greatest Hits, Vol. 1",1982,10,Country,https://is1-ssl.mzstatic.com/image/thumb/Music221/v4/9b/18/2d/9b182db4-b54b-97cc-42df-b618e037d36d/715187763821.png/100x100bb.jpg,https://is1-ssl.mzstatic.com/image/thumb/Music221/v4/9b/18/2d/9b182db4-b54b-97cc-42df-b618e037d36d/715187763821.png/600x600bb.jpg,15.6,30.0,33.9,Dark & Moody,#2e232b
Keith Whitley,16 Biggest Hits: Keith Whitley,2006,16,Country,https://is1-ssl.mzstatic.com/image/thumb/Features114/v4/15/b0/62/15b06272-10fe-a37c-26d7-a87f5729d8a3/dj.bpwfywgf.jpg/100x100bb.jpg,https://is1-ssl.mzstatic.com/image/thumb/Features114/v4/15/b0/62/15b06272-10fe-a37c-26d7-a87f5729d8a3/dj.bpwfywgf.jpg/600x600bb.jpg,34.9,34.7,56.6,Pink & Magenta,#5d5757
"Lin-Manuel Miranda, Germaine Franco & Encanto - Cast",Encanto (Original Motion Picture Soundtrack),2021,44,Country,https://is1-ssl.mzstatic.com/image/thumb/Music126/v4/94/4d/9a/944d9a8d-0549-f537-5706-5b083bd84a7d/21UM1IM38949.rgb.jpg/100x100bb.jpg,https://is1-ssl.mzstatic.com/image/thumb/Music126/v4/94/4d/9a/944d9a8d-0549-f537-5706-5b083bd84a7d/21UM1IM38949.rgb.jpg/600x600bb.jpg,15.3,78.1,26.8,Dark & Moody,#122c3d
Tanya Tucker,Hits,1992,22,Country,https://is1-ssl.mzstatic.com/image/thumb/Music/v4/57/21/f3/5721f352-f0f0-d58b-0af6-6d202a7abd58/00077779905959.jpg/100x100bb.jpg,https://is1-ssl.mzstatic.com/image/thumb/Music/v4/57/21/f3/5721f352-f0f0-d58b-0af6-6d202a7abd58/00077779905959.jpg/600x600bb.jpg,39.9,66.3,50.6,Warm Red & Orange,#8f5a30
George Jones,New Country Hits,1965,13,Country,https://is1-ssl.mzstatic.com/image/thumb/Music3/v4/0c/55/e6/0c55e623-3226-5516-8fd4-c6bc388c25ec/1142.jpg/100x100bb.jpg,https://is1-ssl.mzstatic.com/image/thumb/Music3/v4/0c/55/e6/0c55e623-3226-5516-8fd4-c6bc388c25ec/1142.jpg/600x600bb.jpg,49.1,20.8,47.5,Warm Red & Orange,#7f7e70
Randy Travis,I Told You So: The Ultimate Hits of Randy Travis,2009,32,Country,https://is1-ssl.mzstatic.com/image/thumb/Music/e8/1f/98/mzi.azfllboh.jpg/100x100bb.jpg,https://is1-ssl.mzstatic.com/image/thumb/Music/e8/1f/98/mzi.azfllboh.jpg/600x600bb.jpg,26.8,37.1,45.2,Warm Red & Orange,#543f2f
Kane Brown x blackbear,Memory - Single,2021,1,Country,https://is1-ssl.mzstatic.com/image/thumb/Music115/v4/c4/17/62/c41762c3-f522-d00c-598b-9e176a87aac7/886449406807.jpg/100x100bb.jpg,https://is1-ssl.mzstatic.com/image/thumb/Music115/v4/c4/17/62/c41762c3-f522-d00c-598b-9e176a87aac7/886449406807.jpg/600x600bb.jpg,37.9,59.2,55.6,Pink & Magenta,#8d4c4f
Alabama,Ultimate Alabama: 20 #1 Hits,2004,20,Country,https://is1-ssl.mzstatic.com/image/thumb/Music124/v4/26/ec/7a/26ec7a12-02d0-ce36-43c7-d4718d05ceba/dj.urkudqpc.jpg/100x100bb.jpg,https://is1-ssl.mzstatic.com/image/thumb/Music124/v4/26/ec/7a/26ec7a12-02d0-ce36-43c7-d4718d05ceba/dj.urkudqpc.jpg/600x600bb.jpg,37.5,64.7,34.6,Pink & Magenta,#a3414b
Various Artists,Classic Country,2014,15,Country,https://is1-ssl.mzstatic.com/image/thumb/Music5/v4/e0/0f/b0/e00fb0df-3aae-0af6-ae67-c48796c1284b/723721739850.jpg/100x100bb.jpg,https://is1-ssl.mzstatic.com/image/thumb/Music5/v4/e0/0f/b0/e00fb0df-3aae-0af6-ae67-c48796c1284b/723721739850.jpg/600x600bb.jpg,39.9,48.5,46.6,Warm Red & Orange,#815d47
Various Artists,"Classic Country - All-Time Classic Country Hits, Vol. 2",2013,16,Country,https://is1-ssl.mzstatic.com/image/thumb/Music3/v4/39/72/9e/39729ef4-6168-ae55-ab6a-6e2fe4fb22e4/888003969056.jpg/100x100bb.jpg,https://is1-ssl.mzstatic.com/image/thumb/Music3/v4/39/72/9e/39729ef4-6168-ae55-ab6a-6e2fe4fb22e4/888003969056.jpg/600x600bb.jpg,44.7,28.0,59.6,Warm Red & Orange,#777164
Various Artists,"Classic Country - All-Time Classic Country Hits, Vol. 1",2013,16,Country,https://is1-ssl.mzstatic.com/image/thumb/Music5/v4/b5/ca/72/b5ca7284-8b02-3e96-79ce-cf4312c56a73/888003969032.jpg/100x100bb.jpg,https://is1-ssl.mzstatic.com/image/thumb/Music5/v4/b5/ca/72/b5ca7284-8b02-3e96-79ce-cf4312c56a73/888003969032.jpg/600x600bb.jpg,22.6,30.9,60.4,Dark & Moody,#3d392e
Various Artists,Classic Country - Bar Room Favorites,2013,17,Country,https://is1-ssl.mzstatic.com/image/thumb/Music5/v4/8e/e9/8a/8ee98a0c-1ba0-ef8b-9475-5714c92b6622/888608004596.jpg/100x100bb.jpg,https://is1-ssl.mzstatic.com/image/thumb/Music5/v4/8e/e9/8a/8ee98a0c-1ba0-ef8b-9475-5714c92b6622/888608004596.jpg/600x600bb.jpg,26.9,63.4,48.8,Warm Red & Orange,#5b3e29
Waylon Jennings,Ultimate Waylon Jennings,2004,22,Country,https://is1-ssl.mzstatic.com/image/thumb/Music125/v4/b6/f7/49/b6f749c6-5d5c-cc69-73ec-4c7f26358a2c/828765726726.jpg/100x100bb.jpg,https://is1-ssl.mzstatic.com/image/thumb/Music125/v4/b6/f7/49/b6f749c6-5d5c-cc69-73ec-4c7f26358a2c/828765726726.jpg/600x600bb.jpg,29.2,26.1,87.3,Cool Blue,#464a51
Alan Jackson,34 Number Ones,2010,37,Country,https://is1-ssl.mzstatic.com/image/thumb/Music125/v4/5b/cf/2d/5bcf2df7-df88-aed2-aedc-8f199530a559/mzi.gdbvpcqr.jpg/100x100bb.jpg,https://is1-ssl.mzstatic.com/image/thumb/Music125/v4/5b/cf/2d/5bcf2df7-df88-aed2-aedc-8f199530a559/mzi.gdbvpcqr.jpg/600x600bb.jpg,86.4,11.9,34.0,Minimalist White,#e8d9cd
George Strait,Pure Country (Soundtrack from the Motion Picture),1992,11,Country,https://is1-ssl.mzstatic.com/image/thumb/Music122/v4/7a/fa/73/7afa73cc-c41c-cb7d-dc19-6b1eb5571bb4/06UMGIM05362.rgb.jpg/100x100bb.jpg,https://is1-ssl.mzstatic.com/image/thumb/Music122/v4/7a/fa/73/7afa73cc-c41c-cb7d-dc19-6b1eb5571bb4/06UMGIM05362.rgb.jpg/600x600bb.jpg,19.8,44.6,63.6,Dark & Moody,#363030
George Strait,50 Number Ones,2004,51,Country,https://is1-ssl.mzstatic.com/image/thumb/Music116/v4/b3/0d/41/b30d4133-d7b9-b790-fc64-cb35e207e7d0/06UMGIM16097.rgb.jpg/100x100bb.jpg,https://is1-ssl.mzstatic.com/image/thumb/Music116/v4/b3/0d/41/b30d4133-d7b9-b790-fc64-cb35e207e7d0/06UMGIM16097.rgb.jpg/600x600bb.jpg,75.1,18.0,46.2,Minimalist White,#b0c3d2
Conway Twitty,The #1 Hits Collection,2000,33,Country,https://is1-ssl.mzstatic.com/image/thumb/Music115/v4/fb/ea/7c/fbea7c3f-4639-29b6-dd4e-43f5ffbc5d8b/00008817015224.rgb.jpg/100x100bb.jpg,https://is1-ssl.mzstatic.com/image/thumb/Music115/v4/fb/ea/7c/fbea7c3f-4639-29b6-dd4e-43f5ffbc5d8b/00008817015224.rgb.jpg/600x600bb.jpg,51.8,31.7,55.0,Warm Red & Orange,#938168
Johnny Cash,The Essential Johnny Cash,2002,36,Country,https://is1-ssl.mzstatic.com/image/thumb/Music125/v4/5f/13/bc/5f13bc30-0f68-ed45-466c-b491e9201558/dj.yjweejkt.jpg/100x100bb.jpg,https://is1-ssl.mzstatic.com/image/thumb/Music125/v4/5f/13/bc/5f13bc30-0f68-ed45-466c-b491e9201558/dj.yjweejkt.jpg/600x600bb.jpg,40.3,8.1,48.3,Monochrome / Gray,#646865
"Hank Williams, Jr.",Whiskey Bent and Hell Bound,1979,10,Country,https://is1-ssl.mzstatic.com/image/thumb/Music211/v4/47/8b/12/478b12f4-7ceb-5895-d956-7b40bb4c669a/715187772427.png/100x100bb.jpg,https://is1-ssl.mzstatic.com/image/thumb/Music211/v4/47/8b/12/478b12f4-7ceb-5895-d956-7b40bb4c669a/715187772427.png/600x600bb.jpg,29.5,14.2,64.7,Monochrome / Gray,#4a4c46
Various Artists,Classic Country - Cheating Songs,2013,17,Country,https://is1-ssl.mzstatic.com/image/thumb/Music/v4/8a/6a/7a/8a6a7a4a-d25f-14fa-e602-e43a99f7c479/cover.jpg/100x100bb.jpg,https://is1-ssl.mzstatic.com/image/thumb/Music/v4/8a/6a/7a/8a6a7a4a-d25f-14fa-e602-e43a99f7c479/cover.jpg/600x600bb.jpg,35.1,40.8,58.6,Warm Red & Orange,#6f504d
Hank Williams,20 of Hank Williams' Greatest Hits,1990,20,Country,https://is1-ssl.mzstatic.com/image/thumb/Music126/v4/cb/3a/ef/cb3aef18-bae8-19c1-cb91-d4278481798e/06UMGIM07035.rgb.jpg/100x100bb.jpg,https://is1-ssl.mzstatic.com/image/thumb/Music126/v4/cb/3a/ef/cb3aef18-bae8-19c1-cb91-d4278481798e/06UMGIM07035.rgb.jpg/600x600bb.jpg,67.1,26.5,87.8,Warm Red & Orange,#b2a9a0
George Jones,16 Biggest Hits: George Jones,1998,16,Country,https://is1-ssl.mzstatic.com/image/thumb/Music115/v4/06/3e/4a/063e4a20-b139-6762-3329-0a8ef2b83a7a/074646931929.jpg/100x100bb.jpg,https://is1-ssl.mzstatic.com/image/thumb/Music115/v4/06/3e/4a/063e4a20-b139-6762-3329-0a8ef2b83a7a/074646931929.jpg/600x600bb.jpg,31.9,22.2,41.3,Cool Blue,#544e55
"Hank Williams, Jr.",That's How They Do It In Dixie - The Essential Collection,2006,12,Country,https://is1-ssl.mzstatic.com/image/thumb/Music221/v4/88/c5/6a/88c56a04-e28e-6be9-74f1-83aff811b05f/715187888128.png/100x100bb.jpg,https://is1-ssl.mzstatic.com/image/thumb/Music221/v4/88/c5/6a/88c56a04-e28e-6be9-74f1-83aff811b05f/715187888128.png/600x600bb.jpg,24.8,69.6,49.2,Dark & Moody,#573820
Vicky Venice,Classic Country - EP,2026,5,Country,https://is1-ssl.mzstatic.com/image/thumb/Music211/v4/33/7d/fa/337dfae6-3f27-c3c2-e3bc-348fe8c64bf4/artwork.jpg/100x100bb.jpg,https://is1-ssl.mzstatic.com/image/thumb/Music211/v4/33/7d/fa/337dfae6-3f27-c3c2-e3bc-348fe8c64bf4/artwork.jpg/600x600bb.jpg,31.4,46.0,40.2,Warm Red & Orange,#654a35
Patsy Cline,Patsy Cline's Greatest Hits,1967,12,Country,https://is1-ssl.mzstatic.com/image/thumb/Music116/v4/36/5f/6e/365f6e54-36ff-cb2b-4f85-8dae17a5535c/14UMGIM00863.rgb.jpg/100x100bb.jpg,https://is1-ssl.mzstatic.com/image/thumb/Music116/v4/36/5f/6e/365f6e54-36ff-cb2b-4f85-8dae17a5535c/14UMGIM00863.rgb.jpg/600x600bb.jpg,56.5,80.2,38.9,Green,#5ab462
Waylon Jennings,The Essential Waylon Jennings,2007,42,Country,https://is1-ssl.mzstatic.com/image/thumb/Music114/v4/51/10/fd/5110fdb5-5a9f-6ddc-644b-0affb128a75f/884977716726.jpg/100x100bb.jpg,https://is1-ssl.mzstatic.com/image/thumb/Music114/v4/51/10/fd/5110fdb5-5a9f-6ddc-644b-0affb128a75f/884977716726.jpg/600x600bb.jpg,33.9,3.5,71.8,Monochrome / Gray,#575654
Slee,Classic Country - Single,2019,1,Country,https://is1-ssl.mzstatic.com/image/thumb/Music124/v4/b0/38/08/b038088c-1604-d9e7-5191-6327aa2dfd85/artwork.jpg/100x100bb.jpg,https://is1-ssl.mzstatic.com/image/thumb/Music124/v4/b0/38/08/b038088c-1604-d9e7-5191-6327aa2dfd85/artwork.jpg/600x600bb.jpg,44.5,30.3,49.3,Warm Red & Orange,#846a61
Waylon Jennings & Willie Nelson,Waylon & Willie,1978,11,Country,https://is1-ssl.mzstatic.com/image/thumb/Music/71/49/54/mzi.hmplefuc.jpg/100x100bb.jpg,https://is1-ssl.mzstatic.com/image/thumb/Music/71/49/54/mzi.hmplefuc.jpg/600x600bb.jpg,42.9,44.8,44.2,Warm Red & Orange,#8d6251
George Strait,20th Century Masters - The Millennium Collection: The Best of George Strait,2002,12,Country,https://is1-ssl.mzstatic.com/image/thumb/Music126/v4/28/60/b2/2860b2bb-9c54-822b-8d03-7b89b7731b60/06UMGIM15373.rgb.jpg/100x100bb.jpg,https://is1-ssl.mzstatic.com/image/thumb/Music126/v4/28/60/b2/2860b2bb-9c54-822b-8d03-7b89b7731b60/06UMGIM15373.rgb.jpg/600x600bb.jpg,58.4,15.5,44.4,Monochrome / Gray,#a29089
"Hank Williams, Jr.",The Pressure Is On,1981,10,Country,https://is1-ssl.mzstatic.com/image/thumb/Music122/v4/10/4c/84/104c84ad-bb02-8c38-8fc2-ad72f022ffa5/715187772724.png/100x100bb.jpg,https://is1-ssl.mzstatic.com/image/thumb/Music122/v4/10/4c/84/104c84ad-bb02-8c38-8fc2-ad72f022ffa5/715187772724.png/600x600bb.jpg,32.3,32.5,62.5,Warm Red & Orange,#5f4e41
Willie Nelson,16 Biggest Hits,1998,16,Country,https://is1-ssl.mzstatic.com/image/thumb/Music125/v4/08/28/02/082802b9-2d7a-9f29-3413-37eccfb98714/dj.prbhjyep.jpg/100x100bb.jpg,https://is1-ssl.mzstatic.com/image/thumb/Music125/v4/08/28/02/082802b9-2d7a-9f29-3413-37eccfb98714/dj.prbhjyep.jpg/600x600bb.jpg,14.3,60.3,37.8,Dark & Moody,#391b19
Alan Jackson,Alan Jackson: 16 Biggest Hits,2007,16,Country,https://is1-ssl.mzstatic.com/image/thumb/Music115/v4/40/9a/a7/409aa786-3918-f37b-1986-35d38391d62c/mzm.bpsvirpa.jpg/100x100bb.jpg,https://is1-ssl.mzstatic.com/image/thumb/Music115/v4/40/9a/a7/409aa786-3918-f37b-1986-35d38391d62c/mzm.bpsvirpa.jpg/600x600bb.jpg,23.6,41.5,56.1,Dark & Moody,#4a3730
Owen James,Life Went On Without You - Single,2026,1,Country,https://is1-ssl.mzstatic.com/image/thumb/Music221/v4/97/96/1a/97961af9-e683-97e8-21e8-1b2022ccb726/881453982408_cover.jpg/100x100bb.jpg,https://is1-ssl.mzstatic.com/image/thumb/Music221/v4/97/96/1a/97961af9-e683-97e8-21e8-1b2022ccb726/881453982408_cover.jpg/600x600bb.jpg,35.9,16.1,58.1,Monochrome / Gray,#5f5a55
Country Music Station,Modern Country,2025,12,Country,https://is1-ssl.mzstatic.com/image/thumb/Music221/v4/d1/7d/6d/d17d6d5d-5db8-f6a5-0257-638bc6f2f1da/artwork.jpg/100x100bb.jpg,https://is1-ssl.mzstatic.com/image/thumb/Music221/v4/d1/7d/6d/d17d6d5d-5db8-f6a5-0257-638bc6f2f1da/artwork.jpg/600x600bb.jpg,31.6,39.7,53.6,Warm Red & Orange,#674741
William Tyler,Modern Country,2016,7,Country,https://is1-ssl.mzstatic.com/image/thumb/Music211/v4/1a/ad/0a/1aad0a76-c725-6f0e-6e5d-b9a6e675523f/56875.jpg/100x100bb.jpg,https://is1-ssl.mzstatic.com/image/thumb/Music211/v4/1a/ad/0a/1aad0a76-c725-6f0e-6e5d-b9a6e675523f/56875.jpg/600x600bb.jpg,42.8,45.3,31.8,Pink & Magenta,#78676a
Morgan Wallen,If I Know Me,2018,14,Country,https://is1-ssl.mzstatic.com/image/thumb/Music211/v4/80/bb/18/80bb1895-326f-e618-9aa8-d2338bb35f0c/842812106569_Cover.jpg/100x100bb.jpg,https://is1-ssl.mzstatic.com/image/thumb/Music211/v4/80/bb/18/80bb1895-326f-e618-9aa8-d2338bb35f0c/842812106569_Cover.jpg/600x600bb.jpg,35.4,12.7,60.8,Monochrome / Gray,#5c5958
Kai Winding,Modern Country,1964,12,Country,https://is1-ssl.mzstatic.com/image/thumb/Music221/v4/e6/1a/47/e61a474c-d833-cd62-fc05-b237813ad977/24UMGIM50458.rgb.jpg/100x100bb.jpg,https://is1-ssl.mzstatic.com/image/thumb/Music221/v4/e6/1a/47/e61a474c-d833-cd62-fc05-b237813ad977/24UMGIM50458.rgb.jpg/600x600bb.jpg,38.8,45.0,36.5,Warm Red & Orange,#755f41
Taylor Swift,Fearless (Taylor's Version),2021,26,Country,https://is1-ssl.mzstatic.com/image/thumb/Music125/v4/c3/d0/1c/c3d01c88-73e7-187e-fd62-e1744de979a6/21UMGIM09915.rgb.jpg/100x100bb.jpg,https://is1-ssl.mzstatic.com/image/thumb/Music125/v4/c3/d0/1c/c3d01c88-73e7-187e-fd62-e1744de979a6/21UMGIM09915.rgb.jpg/600x600bb.jpg,48.6,53.2,56.2,Warm Red & Orange,#96774c
Various Artists,Modern Country,2017,12,Country,https://is1-ssl.mzstatic.com/image/thumb/Music118/v4/e7/23/07/e72307f6-3287-1e50-27a5-c427049d7bc5/191773656485.jpg/100x100bb.jpg,https://is1-ssl.mzstatic.com/image/thumb/Music118/v4/e7/23/07/e72307f6-3287-1e50-27a5-c427049d7bc5/191773656485.jpg/600x600bb.jpg,37.0,43.0,69.2,Cool Blue,#4a6378
Nicollet Avenue Instrumental Cover Band,Modern Country - Upbeat Instrumentals,2025,15,Country,https://is1-ssl.mzstatic.com/image/thumb/Music221/v4/79/54/4b/79544b3e-203f-3d1f-db29-b92bc3cfa8bc/199199442347.jpg/100x100bb.jpg,https://is1-ssl.mzstatic.com/image/thumb/Music221/v4/79/54/4b/79544b3e-203f-3d1f-db29-b92bc3cfa8bc/199199442347.jpg/600x600bb.jpg,61.7,24.4,30.2,Warm Red & Orange,#a69d85
tommy hammarsten,Modern Country - Single,2023,1,Country,https://is1-ssl.mzstatic.com/image/thumb/Music126/v4/3d/71/5a/3d715a7e-828c-46fb-2555-aceeb00452c7/859780608483_cover.jpg/100x100bb.jpg,https://is1-ssl.mzstatic.com/image/thumb/Music126/v4/3d/71/5a/3d715a7e-828c-46fb-2555-aceeb00452c7/859780608483_cover.jpg/600x600bb.jpg,48.2,24.2,51.2,Warm Red & Orange,#7c7a7a
Network Music Ensemble,Modern Country,2011,10,Country,https://is1-ssl.mzstatic.com/image/thumb/Music49/v4/5c/2d/46/5c2d4693-b61a-f0e9-bfa4-0d1f06593b84/843485090513.jpg/100x100bb.jpg,https://is1-ssl.mzstatic.com/image/thumb/Music49/v4/5c/2d/46/5c2d4693-b61a-f0e9-bfa4-0d1f06593b84/843485090513.jpg/600x600bb.jpg,67.3,11.0,43.0,Monochrome / Gray,#b3a9a3
Frank and Earnest,Modern Country,2014,10,Country,https://is1-ssl.mzstatic.com/image/thumb/Music1/v4/b6/75/a8/b675a849-6cb4-82b1-c8b9-b3e8c21c1145/123412345818.jpg/100x100bb.jpg,https://is1-ssl.mzstatic.com/image/thumb/Music1/v4/b6/75/a8/b675a849-6cb4-82b1-c8b9-b3e8c21c1145/123412345818.jpg/600x600bb.jpg,43.6,49.6,72.4,Warm Red & Orange,#975e5a
Chris Stapleton,Traveller,2015,14,Country,https://is1-ssl.mzstatic.com/image/thumb/Music125/v4/e2/4b/60/e24b6016-8278-bb18-cf5d-d44bf68371da/00602547223838.rgb.jpg/100x100bb.jpg,https://is1-ssl.mzstatic.com/image/thumb/Music125/v4/e2/4b/60/e24b6016-8278-bb18-cf5d-d44bf68371da/00602547223838.rgb.jpg/600x600bb.jpg,59.0,0.0,53.2,Monochrome / Gray,#969696
S4TURJUNE,Modern Country,2026,7,Country,https://is1-ssl.mzstatic.com/image/thumb/Music211/v4/80/06/da/8006da14-9f99-47f0-e044-4477cdee6bf7/artwork.jpg/100x100bb.jpg,https://is1-ssl.mzstatic.com/image/thumb/Music211/v4/80/06/da/8006da14-9f99-47f0-e044-4477cdee6bf7/artwork.jpg/600x600bb.jpg,43.8,25.9,60.7,Warm Red & Orange,#776d62
Monica Salci,Modern Country - EP,2024,5,Country,https://is1-ssl.mzstatic.com/image/thumb/Music211/v4/db/f6/53/dbf653a8-68a8-dcef-54a6-3535d7e94d79/5063483127324_cover.jpg/100x100bb.jpg,https://is1-ssl.mzstatic.com/image/thumb/Music211/v4/db/f6/53/dbf653a8-68a8-dcef-54a6-3535d7e94d79/5063483127324_cover.jpg/600x600bb.jpg,48.1,33.4,34.9,Warm Red & Orange,#8e7369
Chris Stapleton,From A Room: Vol. 1,2017,9,Country,https://is1-ssl.mzstatic.com/image/thumb/Music124/v4/8b/f6/00/8bf60032-a7ef-4fbe-89c5-07be8edd0848/00602557542783.rgb.jpg/100x100bb.jpg,https://is1-ssl.mzstatic.com/image/thumb/Music124/v4/8b/f6/00/8bf60032-a7ef-4fbe-89c5-07be8edd0848/00602557542783.rgb.jpg/600x600bb.jpg,77.8,20.1,49.5,Warm Red & Orange,#dbbfb4
Jon Pardi,California Sunrise,2016,12,Country,https://is1-ssl.mzstatic.com/image/thumb/Music211/v4/c1/6f/2f/c16f2fbe-b608-e931-1d2f-1171bdf2f7cc/16UMGIM11343.rgb.jpg/100x100bb.jpg,https://is1-ssl.mzstatic.com/image/thumb/Music211/v4/c1/6f/2f/c16f2fbe-b608-e931-1d2f-1171bdf2f7cc/16UMGIM11343.rgb.jpg/600x600bb.jpg,22.9,62.4,45.7,Dark & Moody,#4f351d
Dan + Shay,Dan + Shay,2018,11,Country,https://is1-ssl.mzstatic.com/image/thumb/Music125/v4/63/43/35/634335a8-2026-9587-bd78-8e29e3f80416/093624906407.jpg/100x100bb.jpg,https://is1-ssl.mzstatic.com/image/thumb/Music125/v4/63/43/35/634335a8-2026-9587-bd78-8e29e3f80416/093624906407.jpg/600x600bb.jpg,85.3,0.9,11.1,Minimalist White,#d8dad9
Cody Johnson,Ain't Nothin' to It,2019,15,Country,https://is1-ssl.mzstatic.com/image/thumb/Music114/v4/c1/de/f7/c1def77c-ca13-34ca-6a83-cff6697a9e2a/093624903604.jpg/100x100bb.jpg,https://is1-ssl.mzstatic.com/image/thumb/Music114/v4/c1/de/f7/c1def77c-ca13-34ca-6a83-cff6697a9e2a/093624903604.jpg/600x600bb.jpg,51.7,25.8,72.8,Warm Red & Orange,#927f75
Kacey Musgraves,Golden Hour,2018,14,Country,https://is1-ssl.mzstatic.com/image/thumb/Music125/v4/61/45/e8/6145e88a-6a79-fab1-ad8f-5ffdcbf44a28/18UMGIM03879.rgb.jpg/100x100bb.jpg,https://is1-ssl.mzstatic.com/image/thumb/Music125/v4/61/45/e8/6145e88a-6a79-fab1-ad8f-5ffdcbf44a28/18UMGIM03879.rgb.jpg/600x600bb.jpg,49.2,68.3,41.3,Cool Blue,#5888a4
Brantley Gilbert,A Modern Day Prodigal Son,2009,13,Country,https://is1-ssl.mzstatic.com/image/thumb/Music128/v4/f3/34/61/f334611f-9cbc-721c-85ef-6f3124d9637f/00843930004881.rgb.jpg/100x100bb.jpg,https://is1-ssl.mzstatic.com/image/thumb/Music128/v4/f3/34/61/f334611f-9cbc-721c-85ef-6f3124d9637f/00843930004881.rgb.jpg/600x600bb.jpg,30.3,29.8,73.1,Warm Red & Orange,#564a45
Dierks Bentley,Modern Day Drifter,2005,11,Country,https://is1-ssl.mzstatic.com/image/thumb/Music116/v4/41/6b/4f/416b4f0d-919a-478b-7ff1-10382706d37c/16UMGIM21567.rgb.jpg/100x100bb.jpg,https://is1-ssl.mzstatic.com/image/thumb/Music116/v4/41/6b/4f/416b4f0d-919a-478b-7ff1-10382706d37c/16UMGIM21567.rgb.jpg/600x600bb.jpg,45.8,20.5,51.8,Warm Red & Orange,#80706a
Florida Georgia Line,Dig Your Roots,2016,15,Country,https://is1-ssl.mzstatic.com/image/thumb/Music122/v4/7e/fe/d3/7efed339-f403-0fec-3361-1f1bb7de168a/16UMGIM31012.rgb.jpg/100x100bb.jpg,https://is1-ssl.mzstatic.com/image/thumb/Music122/v4/7e/fe/d3/7efed339-f403-0fec-3361-1f1bb7de168a/16UMGIM31012.rgb.jpg/600x600bb.jpg,28.6,6.7,51.9,Monochrome / Gray,#494849
Chris Stapleton,From A Room: Volume 2,2017,9,Country,https://is1-ssl.mzstatic.com/image/thumb/Music125/v4/da/ce/7b/dace7b1f-cff4-8a8d-1eb7-c07abcd7974f/00602557970661.rgb.jpg/100x100bb.jpg,https://is1-ssl.mzstatic.com/image/thumb/Music125/v4/da/ce/7b/dace7b1f-cff4-8a8d-1eb7-c07abcd7974f/00602557970661.rgb.jpg/600x600bb.jpg,29.4,62.3,34.3,Pink & Magenta,#7c3341
Jason Aldean,Rearview Town,2018,15,Country,https://is1-ssl.mzstatic.com/image/thumb/Music116/v4/11/6a/63/116a6361-2c19-fa07-5063-4b0307e5d06d/4050538376074.jpg/100x100bb.jpg,https://is1-ssl.mzstatic.com/image/thumb/Music116/v4/11/6a/63/116a6361-2c19-fa07-5063-4b0307e5d06d/4050538376074.jpg/600x600bb.jpg,23.9,32.5,51.7,Dark & Moody,#463b2f
Jason Aldean,Wide Open,2009,13,Country,https://is1-ssl.mzstatic.com/image/thumb/Music126/v4/0d/42/b4/0d42b44d-2076-497b-3098-b3792250d548/0884977082203.jpg/100x100bb.jpg,https://is1-ssl.mzstatic.com/image/thumb/Music126/v4/0d/42/b4/0d42b44d-2076-497b-3098-b3792250d548/0884977082203.jpg/600x600bb.jpg,26.4,38.5,68.6,Warm Red & Orange,#50402e
Taylor Swift,Speak Now (Taylor's Version),2023,23,Country,https://is1-ssl.mzstatic.com/image/thumb/Music126/v4/9f/3c/0a/9f3c0a60-f9e0-a34e-60e5-0be1f182896b/23UMGIM63932.rgb.jpg/100x100bb.jpg,https://is1-ssl.mzstatic.com/image/thumb/Music126/v4/9f/3c/0a/9f3c0a60-f9e0-a34e-60e5-0be1f182896b/23UMGIM63932.rgb.jpg/600x600bb.jpg,25.6,45.2,56.7,Pink & Magenta,#56363f
Luke Bryan,Tailgates & Tanlines,2011,13,Country,https://is1-ssl.mzstatic.com/image/thumb/Music122/v4/a4/6d/40/a46d40ac-305d-0e58-b23d-bf8799c54f8d/13UABIM53308.rgb.jpg/100x100bb.jpg,https://is1-ssl.mzstatic.com/image/thumb/Music122/v4/a4/6d/40/a46d40ac-305d-0e58-b23d-bf8799c54f8d/13UABIM53308.rgb.jpg/600x600bb.jpg,44.2,32.7,50.2,Warm Red & Orange,#89685a
Nashville Cast,The Music of Nashville (Original Soundtrack),2012,12,Country,https://is1-ssl.mzstatic.com/image/thumb/Music114/v4/8d/2d/0a/8d2d0a43-89b2-ebc8-6bcc-1ef654e90495/00843930007974.rgb.jpg/100x100bb.jpg,https://is1-ssl.mzstatic.com/image/thumb/Music114/v4/8d/2d/0a/8d2d0a43-89b2-ebc8-6bcc-1ef654e90495/00843930007974.rgb.jpg/600x600bb.jpg,31.0,9.6,59.5,Monochrome / Gray,#524d4a
Carl Jackson And Friends,Nashville Country,2007,15,Country,https://is1-ssl.mzstatic.com/image/thumb/Music/dc/0f/6d/mzi.gldfsegz.tif/100x100bb.jpg,https://is1-ssl.mzstatic.com/image/thumb/Music/dc/0f/6d/mzi.gldfsegz.tif/600x600bb.jpg,42.0,26.3,40.2,Cool Blue,#656c71
Jack Jezzro,Nashville Country,1998,12,Country,https://is1-ssl.mzstatic.com/image/thumb/Music116/v4/47/c1/37/47c13783-4700-0d79-5ec0-0a9525493792/23UMGIM52353.rgb.jpg/100x100bb.jpg,https://is1-ssl.mzstatic.com/image/thumb/Music116/v4/47/c1/37/47c13783-4700-0d79-5ec0-0a9525493792/23UMGIM52353.rgb.jpg/600x600bb.jpg,32.3,20.6,39.4,Cool Blue,#5b4b5d
Nashville Country,On Eagle's Wings (feat. Clare Steffen) - Single,2020,1,Country,https://is1-ssl.mzstatic.com/image/thumb/Music114/v4/ac/2a/dc/ac2adcf1-82a5-59c0-247d-8bf3a9384d22/artwork.jpg/100x100bb.jpg,https://is1-ssl.mzstatic.com/image/thumb/Music114/v4/ac/2a/dc/ac2adcf1-82a5-59c0-247d-8bf3a9384d22/artwork.jpg/600x600bb.jpg,71.0,32.1,53.4,Warm Red & Orange,#d0a9a7
Nashville Country,Nashville Country,2012,11,Country,https://is1-ssl.mzstatic.com/image/thumb/Music/v4/48/5e/02/485e02bf-df43-bb06-d2cc-48cc2b0896c1/886788745940.tif/100x100bb.jpg,https://is1-ssl.mzstatic.com/image/thumb/Music/v4/48/5e/02/485e02bf-df43-bb06-d2cc-48cc2b0896c1/886788745940.tif/600x600bb.jpg,38.9,7.8,61.1,Monochrome / Gray,#68615e
Kyle Creek,Nashville (Country Rap) - Single,2022,1,Country,https://is1-ssl.mzstatic.com/image/thumb/Music122/v4/12/e3/39/12e33975-19e9-d315-e9c9-b44366731f5e/artwork.jpg/100x100bb.jpg,https://is1-ssl.mzstatic.com/image/thumb/Music122/v4/12/e3/39/12e33975-19e9-d315-e9c9-b44366731f5e/artwork.jpg/600x600bb.jpg,25.4,35.1,34.2,Cool Blue,#443b50
Sydney Devine,Nashville Country,2014,14,Country,https://is1-ssl.mzstatic.com/image/thumb/Music71/v4/54/92/11/549211d2-b109-d9f7-56f7-ea07ba771e38/191018051877.jpg/100x100bb.jpg,https://is1-ssl.mzstatic.com/image/thumb/Music71/v4/54/92/11/549211d2-b109-d9f7-56f7-ea07ba771e38/191018051877.jpg/600x600bb.jpg,45.3,25.5,18.8,Pink & Magenta,#826980
Various Artists,Nashville (The Original Motion Picture Soundtrack),1975,13,Country,https://is1-ssl.mzstatic.com/image/thumb/Music128/v4/a8/86/60/a88660a7-8e6b-7ed6-ad1e-b99f10dc797b/00602547206732.rgb.jpg/100x100bb.jpg,https://is1-ssl.mzstatic.com/image/thumb/Music128/v4/a8/86/60/a88660a7-8e6b-7ed6-ad1e-b99f10dc797b/00602547206732.rgb.jpg/600x600bb.jpg,48.9,31.6,44.1,Pink & Magenta,#897487
Michael Raphael,Nashville Country,2017,12,Country,https://is1-ssl.mzstatic.com/image/thumb/Music112/v4/d4/d1/d8/d4d1d853-e94e-d984-a053-c4836fecd6a8/cover.jpg/100x100bb.jpg,https://is1-ssl.mzstatic.com/image/thumb/Music112/v4/d4/d1/d8/d4d1d853-e94e-d984-a053-c4836fecd6a8/cover.jpg/600x600bb.jpg,30.8,43.2,45.3,Warm Red & Orange,#5f4a37
David Ward,Nashville Country,2013,13,Country,https://is1-ssl.mzstatic.com/image/thumb/Music2/v4/fc/80/6b/fc806b3f-0419-4c11-7d8f-40a263664723/888174079592.jpg/100x100bb.jpg,https://is1-ssl.mzstatic.com/image/thumb/Music2/v4/fc/80/6b/fc806b3f-0419-4c11-7d8f-40a263664723/888174079592.jpg/600x600bb.jpg,47.4,30.2,41.9,Warm Red & Orange,#8d7265
BRIM,nashville - EP,2024,5,Country,https://is1-ssl.mzstatic.com/image/thumb/Music221/v4/11/a4/b2/11a4b2ef-8a79-f9ef-1ddc-475d7d02dfa8/artwork.jpg/100x100bb.jpg,https://is1-ssl.mzstatic.com/image/thumb/Music221/v4/11/a4/b2/11a4b2ef-8a79-f9ef-1ddc-475d7d02dfa8/artwork.jpg/600x600bb.jpg,52.3,52.5,27.3,Green,#7a8a86
Bill Frisell,Nashville,1997,14,Country,https://is1-ssl.mzstatic.com/image/thumb/Music/6a/13/71/mzi.agsllqjb.jpg/100x100bb.jpg,https://is1-ssl.mzstatic.com/image/thumb/Music/6a/13/71/mzi.agsllqjb.jpg/600x600bb.jpg,24.3,97.0,13.1,Dark & Moody,#b50525
Solomon Burke,Nashville,2006,14,Country,https://is1-ssl.mzstatic.com/image/thumb/Music221/v4/ba/ca/e2/bacae230-cf38-d5bd-26c8-aff4d2c1a06d/08UMGIM12208.rgb.jpg/100x100bb.jpg,https://is1-ssl.mzstatic.com/image/thumb/Music221/v4/ba/ca/e2/bacae230-cf38-d5bd-26c8-aff4d2c1a06d/08UMGIM12208.rgb.jpg/600x600bb.jpg,21.3,45.7,33.9,Dark & Moody,#43341f
Nashville Country,Celtic Drum (feat. William Sherry) - Single,2021,1,Country,https://is1-ssl.mzstatic.com/image/thumb/Music125/v4/99/9e/0f/999e0f8f-7772-e216-28ce-fad79f4b3b45/artwork.jpg/100x100bb.jpg,https://is1-ssl.mzstatic.com/image/thumb/Music125/v4/99/9e/0f/999e0f8f-7772-e216-28ce-fad79f4b3b45/artwork.jpg/600x600bb.jpg,26.1,45.4,42.4,Warm Red & Orange,#4d402f
The Osborne Brothers,Nashville,2014,8,Country,https://is1-ssl.mzstatic.com/image/thumb/Music6/v4/f7/62/67/f76267c3-d77b-bc47-c4b2-6159088542e8/cover.jpg/100x100bb.jpg,https://is1-ssl.mzstatic.com/image/thumb/Music6/v4/f7/62/67/f76267c3-d77b-bc47-c4b2-6159088542e8/cover.jpg/600x600bb.jpg,28.7,38.8,46.1,Warm Red & Orange,#56443e
Shawn Austin,Nashville - Single,2016,1,Country,https://is1-ssl.mzstatic.com/image/thumb/Music128/v4/d9/6d/58/d96d5831-6c6a-0f76-5c32-a0edb242cd43/889326792529.png/100x100bb.jpg,https://is1-ssl.mzstatic.com/image/thumb/Music128/v4/d9/6d/58/d96d5831-6c6a-0f76-5c32-a0edb242cd43/889326792529.png/600x600bb.jpg,23.0,50.7,50.1,Dark & Moody,#563123
Various Artists,"Nashville Country Guys, Vol. 3",2007,12,Country,https://is1-ssl.mzstatic.com/image/thumb/Music/f4/ba/62/mzi.qznsmrjm.jpg/100x100bb.jpg,https://is1-ssl.mzstatic.com/image/thumb/Music/f4/ba/62/mzi.qznsmrjm.jpg/600x600bb.jpg,37.1,21.1,37.6,Warm Red & Orange,#665d51
Nashville Country,Tired of the Fast Lane (feat. Juke Johnson) - Single,2020,1,Country,https://is1-ssl.mzstatic.com/image/thumb/Music123/v4/74/5e/f3/745ef3cf-aa9d-247b-4bfe-3728dd4088c3/artwork.jpg/100x100bb.jpg,https://is1-ssl.mzstatic.com/image/thumb/Music123/v4/74/5e/f3/745ef3cf-aa9d-247b-4bfe-3728dd4088c3/artwork.jpg/600x600bb.jpg,17.1,47.6,38.7,Dark & Moody,#252d32
Jason Isbell and the 400 Unit,The Nashville Sound,2017,10,Country,https://is1-ssl.mzstatic.com/image/thumb/Music114/v4/75/bc/bd/75bcbd6d-02a8-251c-9548-38c3b9c5672a/886446416328.jpg/100x100bb.jpg,https://is1-ssl.mzstatic.com/image/thumb/Music114/v4/75/bc/bd/75bcbd6d-02a8-251c-9548-38c3b9c5672a/886446416328.jpg/600x600bb.jpg,86.1,5.3,46.3,Minimalist White,#daddd2
Luke Combs,Dive (Recorded At Sound Stage Nashville) - Single,2018,1,Country,https://is1-ssl.mzstatic.com/image/thumb/Music122/v4/a4/98/63/a4986322-f776-e2f2-a798-e0a7040b64af/196589585066.jpg/100x100bb.jpg,https://is1-ssl.mzstatic.com/image/thumb/Music122/v4/a4/98/63/a4986322-f776-e2f2-a798-e0a7040b64af/196589585066.jpg/600x600bb.jpg,43.2,85.3,40.5,Cool Blue,#1c8bac
Jill and Kate,Nashville - Single,2018,1,Country,https://is1-ssl.mzstatic.com/image/thumb/Music118/v4/ef/75/d2/ef75d227-5828-3740-a21e-bb560a1065d8/859728803482_cover.jpg/100x100bb.jpg,https://is1-ssl.mzstatic.com/image/thumb/Music118/v4/ef/75/d2/ef75d227-5828-3740-a21e-bb560a1065d8/859728803482_cover.jpg/600x600bb.jpg,33.0,29.0,70.0,Green,#545450
Ryan Dyer,Nashville - Single,2020,1,Country,https://is1-ssl.mzstatic.com/image/thumb/Music113/v4/36/87/13/368713c2-9003-f1b4-8a48-0531fabf794c/194660479952.jpg/100x100bb.jpg,https://is1-ssl.mzstatic.com/image/thumb/Music113/v4/36/87/13/368713c2-9003-f1b4-8a48-0531fabf794c/194660479952.jpg/600x600bb.jpg,28.8,79.8,32.6,Warm Red & Orange,#803811
Nashville Country,Country Living,2021,12,Country,https://is1-ssl.mzstatic.com/image/thumb/Music115/v4/44/ac/b4/44acb435-0e1a-8f9b-45e8-8a1c073078dc/198000889371.jpg/100x100bb.jpg,https://is1-ssl.mzstatic.com/image/thumb/Music115/v4/44/ac/b4/44acb435-0e1a-8f9b-45e8-8a1c073078dc/198000889371.jpg/600x600bb.jpg,43.2,39.8,66.6,Cool Blue,#5a7482
Nashville Country,Child of God (feat. Sandi Kight) - Single,2020,1,Country,https://is1-ssl.mzstatic.com/image/thumb/Music124/v4/e2/a4/83/e2a48338-48f8-6a89-0096-0a54a052e7a6/artwork.jpg/100x100bb.jpg,https://is1-ssl.mzstatic.com/image/thumb/Music124/v4/e2/a4/83/e2a48338-48f8-6a89-0096-0a54a052e7a6/artwork.jpg/600x600bb.jpg,50.3,22.2,49.5,Warm Red & Orange,#897e6f
Nashville Country,The Road to Hell - Single,2020,1,Country,https://is1-ssl.mzstatic.com/image/thumb/Music123/v4/36/53/d8/3653d826-2b3e-cf40-dcba-68bde7b4c75e/artwork.jpg/100x100bb.jpg,https://is1-ssl.mzstatic.com/image/thumb/Music123/v4/36/53/d8/3653d826-2b3e-cf40-dcba-68bde7b4c75e/artwork.jpg/600x600bb.jpg,37.5,90.6,51.1,Warm Red & Orange,#99520d
Nashville Country,Rainbow Skies (feat. Juke Johnson) - Single,2020,1,Country,https://is1-ssl.mzstatic.com/image/thumb/Music113/v4/d4/24/d8/d424d88c-e7a2-2407-eebe-a02371699434/artwork.jpg/100x100bb.jpg,https://is1-ssl.mzstatic.com/image/thumb/Music113/v4/d4/24/d8/d424d88c-e7a2-2407-eebe-a02371699434/artwork.jpg/600x600bb.jpg,15.7,60.8,32.2,Dark & Moody,#3d2113
Nashville Country,Even Losers Get Lucky (feat. William Sherry) - Single,2022,1,Country,https://is1-ssl.mzstatic.com/image/thumb/Music116/v4/ab/a6/b5/aba6b5a3-3dc1-4eae-95a0-cd5fdfee268b/artwork.jpg/100x100bb.jpg,https://is1-ssl.mzstatic.com/image/thumb/Music116/v4/ab/a6/b5/aba6b5a3-3dc1-4eae-95a0-cd5fdfee268b/artwork.jpg/600x600bb.jpg,42.0,16.5,28.6,Monochrome / Gray,#756666
"Calvin Harris, Disciples",How Deep Is Your Love - Single,2015,1,Electronic,https://is1-ssl.mzstatic.com/image/thumb/Music125/v4/04/5c/85/045c85d9-94cb-a9c7-f39b-aa5b7e803c04/dj.dkdebfmh.jpg/100x100bb.jpg,https://is1-ssl.mzstatic.com/image/thumb/Music125/v4/04/5c/85/045c85d9-94cb-a9c7-f39b-aa5b7e803c04/dj.dkdebfmh.jpg/600x600bb.jpg,5.8,34.1,9.5,Dark & Moody,#0c0f10
Zedd & Alessia Cara,Stay - Single,2017,1,Electronic,https://is1-ssl.mzstatic.com/image/thumb/Music125/v4/e5/08/90/e50890a8-205e-a810-dcda-44b614f99f5f/00602557442878.rgb.jpg/100x100bb.jpg,https://is1-ssl.mzstatic.com/image/thumb/Music125/v4/e5/08/90/e50890a8-205e-a810-dcda-44b614f99f5f/00602557442878.rgb.jpg/600x600bb.jpg,67.2,12.6,73.6,Monochrome / Gray,#b0a9a5
"Ilsey, John Summit & The Chainsmokers",ALL THE TIME (GorillaT Remix) - Single,2026,1,Electronic,https://is1-ssl.mzstatic.com/image/thumb/Music221/v4/5e/8a/97/5e8a9797-1675-1f53-7400-521e9dd99e19/16041.jpg/100x100bb.jpg,https://is1-ssl.mzstatic.com/image/thumb/Music221/v4/5e/8a/97/5e8a9797-1675-1f53-7400-521e9dd99e19/16041.jpg/600x600bb.jpg,56.9,22.1,63.0,Cool Blue,#859599
David Guetta,2U (feat. Justin Bieber) - Single,2017,1,Electronic,https://is1-ssl.mzstatic.com/image/thumb/Music125/v4/88/bc/0f/88bc0f12-6b5b-bd09-f7e4-d4ff2626fc6e/00602557761658.rgb.jpg/100x100bb.jpg,https://is1-ssl.mzstatic.com/image/thumb/Music125/v4/88/bc/0f/88bc0f12-6b5b-bd09-f7e4-d4ff2626fc6e/00602557761658.rgb.jpg/600x600bb.jpg,38.6,53.8,29.8,Cool Blue,#724da3
Marshmello,Silence (feat. Khalid) - Single,2017,1,Electronic,https://is1-ssl.mzstatic.com/image/thumb/Music221/v4/2e/d5/43/2ed54360-4339-e96c-46a9-0b273e906762/886446681832.jpg/100x100bb.jpg,https://is1-ssl.mzstatic.com/image/thumb/Music221/v4/2e/d5/43/2ed54360-4339-e96c-46a9-0b273e906762/886446681832.jpg/600x600bb.jpg,59.2,0.0,53.3,Monochrome / Gray,#979797
"Calvin Harris, Dua Lipa",One Kiss - Single,2018,1,Electronic,https://is1-ssl.mzstatic.com/image/thumb/Music124/v4/91/2a/7b/912a7bdb-c2f6-b887-9392-49728fece0df/886447044360.jpg/100x100bb.jpg,https://is1-ssl.mzstatic.com/image/thumb/Music124/v4/91/2a/7b/912a7bdb-c2f6-b887-9392-49728fece0df/886447044360.jpg/600x600bb.jpg,29.7,81.7,36.8,Cool Blue,#1e4cbe
CHRYSTAL & NOTION,The Days (NOTION Remix) - Single,2024,1,Electronic,https://is1-ssl.mzstatic.com/image/thumb/Music211/v4/ac/b3/16/acb31671-10a6-21e1-2380-ddf7b3b796cc/24UM1IM21808.rgb.jpg/100x100bb.jpg,https://is1-ssl.mzstatic.com/image/thumb/Music211/v4/ac/b3/16/acb31671-10a6-21e1-2380-ddf7b3b796cc/24UM1IM21808.rgb.jpg/600x600bb.jpg,71.8,19.6,6.0,Cool Blue,#a9b8d2
Joel Corry,Head & Heart (feat. MNEK) - Single,2020,1,Electronic,https://is1-ssl.mzstatic.com/image/thumb/Music115/v4/cd/f2/89/cdf289a0-1e05-12fa-4d57-a03dbb62f2a6/190295193508.jpg/100x100bb.jpg,https://is1-ssl.mzstatic.com/image/thumb/Music115/v4/cd/f2/89/cdf289a0-1e05-12fa-4d57-a03dbb62f2a6/190295193508.jpg/600x600bb.jpg,50.6,81.0,49.7,Cool Blue,#8175b9
Martin Garrix & Bebe Rexha,In The Name Of Love - Single,2016,1,Electronic,https://is1-ssl.mzstatic.com/image/thumb/Music125/v4/fc/8a/d2/fc8ad2a2-c75b-c33f-5d1a-070539e647bd/886446028088.jpg/100x100bb.jpg,https://is1-ssl.mzstatic.com/image/thumb/Music125/v4/fc/8a/d2/fc8ad2a2-c75b-c33f-5d1a-070539e647bd/886446028088.jpg/600x600bb.jpg,51.2,63.9,31.3,Cool Blue,#4197be
KAROL G,Si Antes Te Hubiera Conocido - Single,2024,1,Electronic,https://is1-ssl.mzstatic.com/image/thumb/Music221/v4/a0/60/94/a060947c-54d8-0fad-c558-eed12600224c/24UMGIM62705.rgb.jpg/100x100bb.jpg,https://is1-ssl.mzstatic.com/image/thumb/Music221/v4/a0/60/94/a060947c-54d8-0fad-c558-eed12600224c/24UMGIM62705.rgb.jpg/600x600bb.jpg,34.5,49.4,50.8,Warm Red & Orange,#6e513d
Topic & A7S,Breaking Me - Single,2019,1,Electronic,https://is1-ssl.mzstatic.com/image/thumb/Music125/v4/31/f5/c6/31f5c650-8439-c8b1-e64e-e7e95b4d458c/19UM1IM02929.rgb.jpg/100x100bb.jpg,https://is1-ssl.mzstatic.com/image/thumb/Music125/v4/31/f5/c6/31f5c650-8439-c8b1-e64e-e7e95b4d458c/19UM1IM02929.rgb.jpg/600x600bb.jpg,38.9,71.0,48.3,Pink & Magenta,#ac424b
MEDUZA & Goodboys,Piece Of Your Heart - Single,2019,1,Electronic,https://is1-ssl.mzstatic.com/image/thumb/Music126/v4/73/91/91/73919124-0dc7-df05-e978-c1481d0ef44e/18UMGIM85201.rgb.jpg/100x100bb.jpg,https://is1-ssl.mzstatic.com/image/thumb/Music126/v4/73/91/91/73919124-0dc7-df05-e978-c1481d0ef44e/18UMGIM85201.rgb.jpg/600x600bb.jpg,22.1,32.1,57.8,Dark & Moody,#3c3636
SAINt JHN,The Best Part of Life (Imanbek Remix) - Single,2022,1,Electronic,https://is1-ssl.mzstatic.com/image/thumb/Music116/v4/2a/1b/1a/2a1b1a4c-1297-5336-6f88-4e499a0007dd/22CRGIM34194.rgb.jpg/100x100bb.jpg,https://is1-ssl.mzstatic.com/image/thumb/Music116/v4/2a/1b/1a/2a1b1a4c-1297-5336-6f88-4e499a0007dd/22CRGIM34194.rgb.jpg/600x600bb.jpg,12.0,48.1,36.4,Dark & Moody,#211d1d
Calvin Harris,My Way - Single,2016,1,Electronic,https://is1-ssl.mzstatic.com/image/thumb/Music115/v4/a6/28/e9/a628e979-feae-2271-fae9-d48214bce75a/886446102962.jpg/100x100bb.jpg,https://is1-ssl.mzstatic.com/image/thumb/Music115/v4/a6/28/e9/a628e979-feae-2271-fae9-d48214bce75a/886446102962.jpg/600x600bb.jpg,15.8,71.8,48.7,Dark & Moody,#10342b
Marshmello & ILLENIUM,Close My Eyes (feat. SACHA) - Single,2026,1,Electronic,https://is1-ssl.mzstatic.com/image/thumb/Music211/v4/d2/e4/d1/d2e4d14c-a58f-3da5-1573-2fe11796406d/823375409892_Cover.jpg/100x100bb.jpg,https://is1-ssl.mzstatic.com/image/thumb/Music211/v4/d2/e4/d1/d2e4d14c-a58f-3da5-1573-2fe11796406d/823375409892_Cover.jpg/600x600bb.jpg,79.0,3.9,17.3,Minimalist White,#cac9c9
Bizarrap & Quevedo,"Quevedo: Bzrp Music Sessions, Vol. 52/66 - Single",2022,1,Electronic,https://is1-ssl.mzstatic.com/image/thumb/Music211/v4/a0/b5/76/a0b576ad-667d-1140-4694-23e5d598e89e/196925240499.jpg/100x100bb.jpg,https://is1-ssl.mzstatic.com/image/thumb/Music211/v4/a0/b5/76/a0b576ad-667d-1140-4694-23e5d598e89e/196925240499.jpg/600x600bb.jpg,38.0,7.1,50.7,Monochrome / Gray,#606162
Gryffin & Elley Duhé,Tie Me Down - Single,2018,1,Electronic,https://is1-ssl.mzstatic.com/image/thumb/Music125/v4/e4/d6/95/e4d695a3-8e01-4cd5-9b63-67d2abbffa38/00602567380719.rgb.jpg/100x100bb.jpg,https://is1-ssl.mzstatic.com/image/thumb/Music125/v4/e4/d6/95/e4d695a3-8e01-4cd5-9b63-67d2abbffa38/00602567380719.rgb.jpg/600x600bb.jpg,13.1,20.4,26.6,Dark & Moody,#222025
"Adam Port, Stryv & Malachiii",Move - Single,2024,1,Electronic,https://is1-ssl.mzstatic.com/image/thumb/Music211/v4/7b/84/6d/7b846d83-4d1f-36f4-32e5-6289596980c2/dj.kdflvmhp.jpg/100x100bb.jpg,https://is1-ssl.mzstatic.com/image/thumb/Music211/v4/7b/84/6d/7b846d83-4d1f-36f4-32e5-6289596980c2/dj.kdflvmhp.jpg/600x600bb.jpg,41.1,86.1,21.2,Warm Red & Orange,#d4411a
The Chainsmokers,Collage - EP,2016,5,Electronic,https://is1-ssl.mzstatic.com/image/thumb/Music125/v4/41/f8/38/41f8380b-9b56-d5d4-31f7-a6411c0c9aaa/886446102054.jpg/100x100bb.jpg,https://is1-ssl.mzstatic.com/image/thumb/Music125/v4/41/f8/38/41f8380b-9b56-d5d4-31f7-a6411c0c9aaa/886446102054.jpg/600x600bb.jpg,69.1,28.0,35.7,Warm Red & Orange,#bcb189
House Music,Best House Music,2020,10,Electronic,https://is1-ssl.mzstatic.com/image/thumb/Music124/v4/40/73/12/40731213-66d3-a7f3-b0ce-e536dea3fafe/cover.jpg/100x100bb.jpg,https://is1-ssl.mzstatic.com/image/thumb/Music124/v4/40/73/12/40731213-66d3-a7f3-b0ce-e536dea3fafe/cover.jpg/600x600bb.jpg,21.8,84.5,47.1,Dark & Moody,#511e73
House Music,Ibiza 2020,2020,8,Electronic,https://is1-ssl.mzstatic.com/image/thumb/Music115/v4/d6/ec/05/d6ec0559-700e-55d5-83a2-e6125534c989/cover.jpg/100x100bb.jpg,https://is1-ssl.mzstatic.com/image/thumb/Music115/v4/d6/ec/05/d6ec0559-700e-55d5-83a2-e6125534c989/cover.jpg/600x600bb.jpg,47.3,75.5,46.8,Cool Blue,#2f8cce
House,House Music,2011,12,Electronic,https://is1-ssl.mzstatic.com/image/thumb/Music/b9/4d/11/mzi.fxksuext.jpg/100x100bb.jpg,https://is1-ssl.mzstatic.com/image/thumb/Music/b9/4d/11/mzi.fxksuext.jpg/600x600bb.jpg,8.4,0.0,55.0,Dark & Moody,#151515
Eddie Amador,House Music (Remixes) - EP,2014,4,Electronic,https://is1-ssl.mzstatic.com/image/thumb/Music221/v4/ab/e3/a1/abe3a1dc-cdeb-182b-fbc4-938416df0c7c/5054281358430.jpg/100x100bb.jpg,https://is1-ssl.mzstatic.com/image/thumb/Music221/v4/ab/e3/a1/abe3a1dc-cdeb-182b-fbc4-938416df0c7c/5054281358430.jpg/600x600bb.jpg,76.2,1.4,44.8,Minimalist White,#c3c1c1
Benny Benassi,House Music - Single,2010,3,Electronic,https://is1-ssl.mzstatic.com/image/thumb/Music116/v4/ce/32/8c/ce328c71-4088-fa22-bed6-cf1622091205/617465265853.jpg/100x100bb.jpg,https://is1-ssl.mzstatic.com/image/thumb/Music116/v4/ce/32/8c/ce328c71-4088-fa22-bed6-cf1622091205/617465265853.jpg/600x600bb.jpg,65.2,45.3,33.2,Green,#97ba68
Boris Brejcha,House Music (Edit) [feat. Arctic Lake] - Single,2021,1,Electronic,https://is1-ssl.mzstatic.com/image/thumb/Music126/v4/4d/5c/94/4d5c94b2-a199-3280-6d43-43612f518c10/617465028625.jpg/100x100bb.jpg,https://is1-ssl.mzstatic.com/image/thumb/Music126/v4/4d/5c/94/4d5c94b2-a199-3280-6d43-43612f518c10/617465028625.jpg/600x600bb.jpg,18.1,68.6,43.6,Dark & Moody,#3d1e57
Bcaizm,House Music - Single,2018,1,Electronic,https://is1-ssl.mzstatic.com/image/thumb/Music118/v4/9e/29/f0/9e29f027-4261-b69b-5731-209b2c8a36bc/artwork.jpg/100x100bb.jpg,https://is1-ssl.mzstatic.com/image/thumb/Music118/v4/9e/29/f0/9e29f027-4261-b69b-5731-209b2c8a36bc/artwork.jpg/600x600bb.jpg,28.6,13.0,77.9,Monochrome / Gray,#4d4745
5oh8 & KVL,House Music - Single,2019,1,Electronic,https://is1-ssl.mzstatic.com/image/thumb/Music126/v4/b4/a1/64/b4a164fd-76e8-f1c4-6c89-0f0a20568765/64589.jpg/100x100bb.jpg,https://is1-ssl.mzstatic.com/image/thumb/Music126/v4/b4/a1/64/b4a164fd-76e8-f1c4-6c89-0f0a20568765/64589.jpg/600x600bb.jpg,88.9,37.3,38.8,Warm Red & Orange,#efea96
Bell Orchestre,House Music,2021,10,Electronic,https://is1-ssl.mzstatic.com/image/thumb/Music124/v4/07/10/bc/0710bc4b-b7ff-4804-9506-53e6d5296566/3663729142429_cover.jpg/100x100bb.jpg,https://is1-ssl.mzstatic.com/image/thumb/Music124/v4/07/10/bc/0710bc4b-b7ff-4804-9506-53e6d5296566/3663729142429_cover.jpg/600x600bb.jpg,56.2,40.8,82.2,Cool Blue,#8091a9
Various Artists,House Music,2015,10,Electronic,https://is1-ssl.mzstatic.com/image/thumb/Music2/v4/c4/12/d4/c412d418-22b8-5db4-05ed-42cbea69cf19/889326482802_Cover.jpg/100x100bb.jpg,https://is1-ssl.mzstatic.com/image/thumb/Music2/v4/c4/12/d4/c412d418-22b8-5db4-05ed-42cbea69cf19/889326482802_Cover.jpg/600x600bb.jpg,50.5,58.7,67.5,Cool Blue,#9e63cb
HUGEL,House Music - Single,2019,1,Electronic,https://is1-ssl.mzstatic.com/image/thumb/Music124/v4/ef/54/e6/ef54e615-28a3-0c1a-2396-9da5a666fd6a/190295383749.jpg/100x100bb.jpg,https://is1-ssl.mzstatic.com/image/thumb/Music124/v4/ef/54/e6/ef54e615-28a3-0c1a-2396-9da5a666fd6a/190295383749.jpg/600x600bb.jpg,28.3,33.1,52.2,Warm Red & Orange,#514443
Charles Feelgood,House Music (Continuous DJ Mix By Charles Feelgood),2003,13,Electronic,https://is1-ssl.mzstatic.com/image/thumb/Music/9a/a6/c5/mzi.kdbmmwxn.tif/100x100bb.jpg,https://is1-ssl.mzstatic.com/image/thumb/Music/9a/a6/c5/mzi.kdbmmwxn.tif/600x600bb.jpg,24.6,35.8,45.9,Dark & Moody,#4b3a33
Eddie Thoneick & Kryder,House Music (feat. John Julius Knight & Roland Clark) - EP,2016,4,Electronic,https://is1-ssl.mzstatic.com/image/thumb/Music126/v4/ff/f3/2a/fff32aa5-ed5f-29a0-1674-af351370c961/8718522115837.png/100x100bb.jpg,https://is1-ssl.mzstatic.com/image/thumb/Music126/v4/ff/f3/2a/fff32aa5-ed5f-29a0-1674-af351370c961/8718522115837.png/600x600bb.jpg,75.2,3.7,73.3,Minimalist White,#c1bfbd
"Aly-Us, Cova & Steel",House Music - Single,2016,1,Electronic,https://is1-ssl.mzstatic.com/image/thumb/Music123/v4/51/02/af/5102af5d-9eb5-db92-b7f0-428daa8e3302/889326729723_Cover.jpg/100x100bb.jpg,https://is1-ssl.mzstatic.com/image/thumb/Music123/v4/51/02/af/5102af5d-9eb5-db92-b7f0-428daa8e3302/889326729723_Cover.jpg/600x600bb.jpg,22.2,26.0,67.9,Dark & Moody,#353a36
Eddie Amador,House Music - Single,1998,2,Electronic,https://is1-ssl.mzstatic.com/image/thumb/Music116/v4/4c/c1/53/4cc15301-5330-6839-8b4c-c7238924f200/5054283204384.jpg/100x100bb.jpg,https://is1-ssl.mzstatic.com/image/thumb/Music116/v4/4c/c1/53/4cc15301-5330-6839-8b4c-c7238924f200/5054283204384.jpg/600x600bb.jpg,43.8,38.6,86.0,Cool Blue,#6b7173
Electro House,House Music,2017,9,Electronic,https://is1-ssl.mzstatic.com/image/thumb/Music111/v4/54/30/8d/54308d50-361e-b053-6e4f-2c0be39a1294/191061314516.jpg/100x100bb.jpg,https://is1-ssl.mzstatic.com/image/thumb/Music111/v4/54/30/8d/54308d50-361e-b053-6e4f-2c0be39a1294/191061314516.jpg/600x600bb.jpg,42.0,71.0,62.8,Green,#53832d
DJ Pierre & Marshall Jefferson,House Music - Single,2017,1,Electronic,https://is1-ssl.mzstatic.com/image/thumb/Music122/v4/ee/2b/eb/ee2beb8f-71f0-6b62-7fd3-94a35837021b/cover.jpg/100x100bb.jpg,https://is1-ssl.mzstatic.com/image/thumb/Music122/v4/ee/2b/eb/ee2beb8f-71f0-6b62-7fd3-94a35837021b/cover.jpg/600x600bb.jpg,59.9,9.7,84.7,Monochrome / Gray,#9d988f
Mustech,House Music - Single,2020,1,Electronic,https://is1-ssl.mzstatic.com/image/thumb/Music113/v4/fd/c7/b1/fdc7b17e-332c-5544-ced4-e74a8d9bcf9a/cover_10174570.jpg/100x100bb.jpg,https://is1-ssl.mzstatic.com/image/thumb/Music113/v4/fd/c7/b1/fdc7b17e-332c-5544-ced4-e74a8d9bcf9a/cover_10174570.jpg/600x600bb.jpg,44.2,34.3,51.2,Cool Blue,#736a87
"Las Bibas From Vizcaya, Altar & C'Damore",House Music - EP,2019,3,Electronic,https://is1-ssl.mzstatic.com/image/thumb/Music114/v4/af/25/4a/af254a82-79f2-91a6-0be0-7c4c567655a0/193872037226_cover.jpg/100x100bb.jpg,https://is1-ssl.mzstatic.com/image/thumb/Music114/v4/af/25/4a/af254a82-79f2-91a6-0be0-7c4c567655a0/193872037226_cover.jpg/600x600bb.jpg,21.0,64.5,45.8,Dark & Moody,#542825
Luis Radio,House Music (Junior Vasquez Remix) [feat. Sabrina Johnston],2003,3,Electronic,https://is1-ssl.mzstatic.com/image/thumb/Music/9b/93/7d/mzi.juvcbhfy.jpg/100x100bb.jpg,https://is1-ssl.mzstatic.com/image/thumb/Music/9b/93/7d/mzi.juvcbhfy.jpg/600x600bb.jpg,73.4,0.0,93.0,Monochrome / Gray,#bbbbbb
Saeri,House Music - Single,2017,1,Electronic,https://is1-ssl.mzstatic.com/image/thumb/Music118/v4/51/2f/ed/512fed73-a388-2c1b-af4c-be6fa6c3b1a2/8712944574883.jpg/100x100bb.jpg,https://is1-ssl.mzstatic.com/image/thumb/Music118/v4/51/2f/ed/512fed73-a388-2c1b-af4c-be6fa6c3b1a2/8712944574883.jpg/600x600bb.jpg,19.3,1.8,22.3,Dark & Moody,#313131
Markus Homm,House Music - Single,2020,2,Electronic,https://is1-ssl.mzstatic.com/image/thumb/Music114/v4/ae/a1/4c/aea14ca1-2cf8-d814-d080-33067297843b/cover.jpg/100x100bb.jpg,https://is1-ssl.mzstatic.com/image/thumb/Music114/v4/ae/a1/4c/aea14ca1-2cf8-d814-d080-33067297843b/cover.jpg/600x600bb.jpg,24.8,61.0,50.0,Dark & Moody,#4f344e
Justdeuce,HOUSE MUSIC - EP,2025,4,Electronic,https://is1-ssl.mzstatic.com/image/thumb/Music211/v4/55/41/61/5541619b-3bf8-564e-2404-c84318a35425/artwork.jpg/100x100bb.jpg,https://is1-ssl.mzstatic.com/image/thumb/Music211/v4/55/41/61/5541619b-3bf8-564e-2404-c84318a35425/artwork.jpg/600x600bb.jpg,22.1,27.7,44.9,Dark & Moody,#43342d
Twisted House,House Music (STEAL our JOY) - Single,2026,1,Electronic,https://is1-ssl.mzstatic.com/image/thumb/Music211/v4/92/f8/c8/92f8c8e0-f0be-250b-0380-5848bd5e4ddd/cover.jpg/100x100bb.jpg,https://is1-ssl.mzstatic.com/image/thumb/Music211/v4/92/f8/c8/92f8c8e0-f0be-250b-0380-5848bd5e4ddd/cover.jpg/600x600bb.jpg,41.3,59.2,48.8,Pink & Magenta,#9a4b81
DJ Ax,House Music - Single,2020,2,Electronic,https://is1-ssl.mzstatic.com/image/thumb/Music113/v4/40/61/31/406131fe-6f37-28a6-8616-eacb19251cc2/195039315758_cover.jpg/100x100bb.jpg,https://is1-ssl.mzstatic.com/image/thumb/Music113/v4/40/61/31/406131fe-6f37-28a6-8616-eacb19251cc2/195039315758_cover.jpg/600x600bb.jpg,27.0,48.8,79.6,Pink & Magenta,#4c4049
CALEB CHAY,House Music - Single,2019,1,Electronic,https://is1-ssl.mzstatic.com/image/thumb/Music123/v4/0c/46/3a/0c463afb-e287-f121-6e05-5f3d4ca60c3f/artwork.jpg/100x100bb.jpg,https://is1-ssl.mzstatic.com/image/thumb/Music123/v4/0c/46/3a/0c463afb-e287-f121-6e05-5f3d4ca60c3f/artwork.jpg/600x600bb.jpg,19.7,30.6,59.6,Dark & Moody,#392e32
Triple OG Musiq,House Music (feat. Blonde Tart) - Single,2026,1,Electronic,https://is1-ssl.mzstatic.com/image/thumb/Music221/v4/1e/25/50/1e25503f-78da-e5f3-442a-703a0a518936/artwork.jpg/100x100bb.jpg,https://is1-ssl.mzstatic.com/image/thumb/Music221/v4/1e/25/50/1e25503f-78da-e5f3-442a-703a0a518936/artwork.jpg/600x600bb.jpg,16.1,30.0,31.9,Dark & Moody,#2f2722
Nick The Lot & DJ Millz,House Music - Single,2025,1,Electronic,https://is1-ssl.mzstatic.com/image/thumb/Music211/v4/78/94/6a/78946a60-818f-a16b-78a5-4403184faa6f/5056686405504.png/100x100bb.jpg,https://is1-ssl.mzstatic.com/image/thumb/Music211/v4/78/94/6a/78946a60-818f-a16b-78a5-4403184faa6f/5056686405504.png/600x600bb.jpg,63.8,83.7,66.1,Warm Red & Orange,#c9a91a
October Tooth,House Music,2021,10,Electronic,https://is1-ssl.mzstatic.com/image/thumb/Music211/v4/27/d4/08/27d4087f-da3a-0ba4-f1c2-ba3d1e708605/903140.jpg/100x100bb.jpg,https://is1-ssl.mzstatic.com/image/thumb/Music211/v4/27/d4/08/27d4087f-da3a-0ba4-f1c2-ba3d1e708605/903140.jpg/600x600bb.jpg,75.3,23.2,31.9,Green,#b3cba3
Kid Massive,House Music [Move Your Body] (feat. Jim C) - Single,2014,2,Electronic,https://is1-ssl.mzstatic.com/image/thumb/Music211/v4/1d/17/6b/1d176b4d-88c6-4aee-1916-fc7760275d7a/8718522625985.png/100x100bb.jpg,https://is1-ssl.mzstatic.com/image/thumb/Music211/v4/1d/17/6b/1d176b4d-88c6-4aee-1916-fc7760275d7a/8718522625985.png/600x600bb.jpg,34.6,17.3,56.3,Monochrome / Gray,#5c5751
Various Artists,EDM Workout Hits 2016: Motivation Training Music,2015,30,Electronic,https://is1-ssl.mzstatic.com/image/thumb/Music221/v4/53/65/6b/53656bd6-0b01-bc35-7799-5f52db0a0d19/cover.jpg/100x100bb.jpg,https://is1-ssl.mzstatic.com/image/thumb/Music221/v4/53/65/6b/53656bd6-0b01-bc35-7799-5f52db0a0d19/cover.jpg/600x600bb.jpg,73.9,16.5,74.3,Monochrome / Gray,#c9b7b3
Various Artists,Edm Hits - EP,2017,6,Electronic,https://is1-ssl.mzstatic.com/image/thumb/Music122/v4/ad/dd/7c/addd7cbf-7029-cfb2-e48e-d9d66623de43/4680960478062.jpg/100x100bb.jpg,https://is1-ssl.mzstatic.com/image/thumb/Music122/v4/ad/dd/7c/addd7cbf-7029-cfb2-e48e-d9d66623de43/4680960478062.jpg/600x600bb.jpg,33.6,37.6,40.5,Cool Blue,#544f78
M83,Midnight City (Remix EP) - EP,2011,5,Electronic,https://is1-ssl.mzstatic.com/image/thumb/Music116/v4/5b/f3/4b/5bf34b53-c1f5-bf0e-1492-59c4e2dae012/cover.jpg/100x100bb.jpg,https://is1-ssl.mzstatic.com/image/thumb/Music116/v4/5b/f3/4b/5bf34b53-c1f5-bf0e-1492-59c4e2dae012/cover.jpg/600x600bb.jpg,10.7,68.1,35.3,Dark & Moody,#201723
"Joel Corry, RAYE & David Guetta",BED - Single,2021,1,Electronic,https://is1-ssl.mzstatic.com/image/thumb/Music125/v4/a7/b5/e7/a7b5e7f9-6f3c-90b5-bd06-6f758901e19e/190295046682.jpg/100x100bb.jpg,https://is1-ssl.mzstatic.com/image/thumb/Music125/v4/a7/b5/e7/a7b5e7f9-6f3c-90b5-bd06-6f758901e19e/190295046682.jpg/600x600bb.jpg,44.8,63.6,52.3,Warm Red & Orange,#aa5b56
"David Guetta, Becky Hill & Ella Henderson",Crazy What Love Can Do - Single,2022,1,Electronic,https://is1-ssl.mzstatic.com/image/thumb/Music116/v4/ed/f9/c9/edf9c917-474f-4359-ab80-d059c785134b/190296152818.jpg/100x100bb.jpg,https://is1-ssl.mzstatic.com/image/thumb/Music116/v4/ed/f9/c9/edf9c917-474f-4359-ab80-d059c785134b/190296152818.jpg/600x600bb.jpg,58.6,72.0,39.4,Warm Red & Orange,#f46d69
"MEDUZA, Becky Hill & Goodboys",Lose Control - Single,2019,1,Electronic,https://is1-ssl.mzstatic.com/image/thumb/Music126/v4/51/14/e8/5114e83a-4de2-f0e8-9478-7324b3063d19/19UMGIM80656.rgb.jpg/100x100bb.jpg,https://is1-ssl.mzstatic.com/image/thumb/Music126/v4/51/14/e8/5114e83a-4de2-f0e8-9478-7324b3063d19/19UMGIM80656.rgb.jpg/600x600bb.jpg,50.8,9.6,73.4,Monochrome / Gray,#7e8285
Tame Impala,The Slow Rush,2020,12,Electronic,https://is1-ssl.mzstatic.com/image/thumb/Music115/v4/65/e3/e7/65e3e740-b69f-f5cb-f2e6-7dedb5265ac9/19UMGIM96748.rgb.jpg/100x100bb.jpg,https://is1-ssl.mzstatic.com/image/thumb/Music115/v4/65/e3/e7/65e3e740-b69f-f5cb-f2e6-7dedb5265ac9/19UMGIM96748.rgb.jpg/600x600bb.jpg,29.0,78.7,41.4,Warm Red & Orange,#8b3020
Becky Hill & Sigala,Heaven On My Mind - Single,2020,1,Electronic,https://is1-ssl.mzstatic.com/image/thumb/Music124/v4/13/96/74/139674b6-96ca-d489-0e94-d0cdf865ae51/20UMGIM45383.rgb.jpg/100x100bb.jpg,https://is1-ssl.mzstatic.com/image/thumb/Music124/v4/13/96/74/139674b6-96ca-d489-0e94-d0cdf865ae51/20UMGIM45383.rgb.jpg/600x600bb.jpg,68.9,29.0,40.4,Warm Red & Orange,#c2a89f
Kenya Grace,Strangers - Single,2023,1,Electronic,https://is1-ssl.mzstatic.com/image/thumb/Music116/v4/82/da/f7/82daf7a1-4d0e-9a94-9314-0916e4ab5635/054391385239.jpg/100x100bb.jpg,https://is1-ssl.mzstatic.com/image/thumb/Music116/v4/82/da/f7/82daf7a1-4d0e-9a94-9314-0916e4ab5635/054391385239.jpg/600x600bb.jpg,13.1,65.5,34.1,Dark & Moody,#1e2129
FISHER,Losing It - Single,2018,1,Electronic,https://is1-ssl.mzstatic.com/image/thumb/Music125/v4/b6/d0/78/b6d078c6-5a24-063e-548e-0d28af65dab9/18UMGIM41789.rgb.jpg/100x100bb.jpg,https://is1-ssl.mzstatic.com/image/thumb/Music125/v4/b6/d0/78/b6d078c6-5a24-063e-548e-0d28af65dab9/18UMGIM41789.rgb.jpg/600x600bb.jpg,36.4,70.6,37.7,Warm Red & Orange,#8f4b30
Riton & Nightcrawlers,Friday (feat. Mufasa & Hypeman) [Dopamine Re-Edit] - Single,2021,1,Electronic,https://is1-ssl.mzstatic.com/image/thumb/Music115/v4/f8/a5/5f/f8a55f83-f755-524c-aa9e-fd6a039e34e7/886448989318.jpg/100x100bb.jpg,https://is1-ssl.mzstatic.com/image/thumb/Music115/v4/f8/a5/5f/f8a55f83-f755-524c-aa9e-fd6a039e34e7/886448989318.jpg/600x600bb.jpg,55.4,62.0,53.3,Warm Red & Orange,#c37d4f
Claudio Souza Mattos,EDM Hits,2025,10,Electronic,https://is1-ssl.mzstatic.com/image/thumb/Music221/v4/ba/19/9c/ba199cd2-dc5d-051b-12bd-e3582535ad3b/537341.jpg/100x100bb.jpg,https://is1-ssl.mzstatic.com/image/thumb/Music221/v4/ba/19/9c/ba199cd2-dc5d-051b-12bd-e3582535ad3b/537341.jpg/600x600bb.jpg,16.4,60.1,50.2,Dark & Moody,#2a2830
Alesso & Pendulum,FADE - Single,2026,1,Electronic,https://is1-ssl.mzstatic.com/image/thumb/Music221/v4/cf/52/4b/cf524bc5-03a7-d151-213e-72d10813452f/26UMGIM00733.rgb.jpg/100x100bb.jpg,https://is1-ssl.mzstatic.com/image/thumb/Music221/v4/cf/52/4b/cf524bc5-03a7-d151-213e-72d10813452f/26UMGIM00733.rgb.jpg/600x600bb.jpg,28.4,6.6,44.6,Monochrome / Gray,#484848
Shouse & David Guetta,Love Tonight (David Guetta Remix) - Single,2021,2,Electronic,https://is1-ssl.mzstatic.com/image/thumb/Music211/v4/8e/0a/52/8e0a52a6-4e68-f1c8-c3ae-06db2d460831/192641751943.jpg/100x100bb.jpg,https://is1-ssl.mzstatic.com/image/thumb/Music211/v4/8e/0a/52/8e0a52a6-4e68-f1c8-c3ae-06db2d460831/192641751943.jpg/600x600bb.jpg,53.6,50.0,51.2,Warm Red & Orange,#a78256
Lost Frequencies & Calum Scott,Where Are You Now - Single,2021,1,Electronic,https://is1-ssl.mzstatic.com/image/thumb/Music125/v4/25/79/2a/25792aaa-fe16-c718-27fa-c3b1781780fb/886449449668.jpg/100x100bb.jpg,https://is1-ssl.mzstatic.com/image/thumb/Music125/v4/25/79/2a/25792aaa-fe16-c718-27fa-c3b1781780fb/886449449668.jpg/600x600bb.jpg,55.3,57.4,50.1,Warm Red & Orange,#c6785e
FISHER & Kita Alexander,Atmosphere - Single,2023,1,Electronic,https://is1-ssl.mzstatic.com/image/thumb/Music221/v4/b8/e9/cf/b8e9cfd8-9072-7221-4766-3937a4beefec/cover.jpg/100x100bb.jpg,https://is1-ssl.mzstatic.com/image/thumb/Music221/v4/b8/e9/cf/b8e9cfd8-9072-7221-4766-3937a4beefec/cover.jpg/600x600bb.jpg,60.3,31.3,53.9,Pink & Magenta,#a0959e
Peggy Gou,(It Goes Like) Nanana [Edit] - Single,2023,1,Electronic,https://is1-ssl.mzstatic.com/image/thumb/Music126/v4/29/f6/3b/29f63b48-7297-934e-4ae4-c8c279412c33/191404137420.png/100x100bb.jpg,https://is1-ssl.mzstatic.com/image/thumb/Music126/v4/29/f6/3b/29f63b48-7297-934e-4ae4-c8c279412c33/191404137420.png/600x600bb.jpg,77.9,32.0,33.5,Warm Red & Orange,#dfc398
RÜFÜS DU SOL,Bloom,2016,11,Electronic,https://is1-ssl.mzstatic.com/image/thumb/Music115/v4/aa/5f/d8/aa5fd889-4c2e-7e24-e8b2-428beaf9d4fe/SWEATA009.jpg/100x100bb.jpg,https://is1-ssl.mzstatic.com/image/thumb/Music115/v4/aa/5f/d8/aa5fd889-4c2e-7e24-e8b2-428beaf9d4fe/SWEATA009.jpg/600x600bb.jpg,39.6,36.9,50.9,Pink & Magenta,#735c6b
Deep Zen Ambient,80s Ambient Synth - Compositional Sci-fi New Age Music,2019,20,Electronic,https://is1-ssl.mzstatic.com/image/thumb/Music113/v4/ec/2e/41/ec2e4161-05b8-10fa-b2b6-530c0968fcb9/8033773013597.jpg/100x100bb.jpg,https://is1-ssl.mzstatic.com/image/thumb/Music113/v4/ec/2e/41/ec2e4161-05b8-10fa-b2b6-530c0968fcb9/8033773013597.jpg/600x600bb.jpg,94.6,4.7,17.3,Minimalist White,#f6efeb
Space Music Orchestra,Calm Space Ambient: Synth Background White Noise for Mystic Mind Voyage,2018,26,Electronic,https://is1-ssl.mzstatic.com/image/thumb/Music124/v4/ea/14/8b/ea148b21-e686-2c78-d354-ebc21c87ff6d/8033772979276.jpg/100x100bb.jpg,https://is1-ssl.mzstatic.com/image/thumb/Music124/v4/ea/14/8b/ea148b21-e686-2c78-d354-ebc21c87ff6d/8033772979276.jpg/600x600bb.jpg,21.1,72.4,41.9,Dark & Moody,#3b2a60
Jean-Michel Jarre,Oxygène,1976,6,Electronic,https://is1-ssl.mzstatic.com/image/thumb/Music221/v4/81/61/c8/8161c8a9-69c4-8e6a-6932-02e1bba1cac2/0886445417623.jpg/100x100bb.jpg,https://is1-ssl.mzstatic.com/image/thumb/Music221/v4/81/61/c8/8161c8a9-69c4-8e6a-6932-02e1bba1cac2/0886445417623.jpg/600x600bb.jpg,58.8,34.2,56.7,Cool Blue,#7f9ea5
Boy Harsher,Careful,2019,10,Electronic,https://is1-ssl.mzstatic.com/image/thumb/Music116/v4/8c/27/fc/8c27fc6e-a7a6-21e3-3351-8b613c83f88e/4250506830991_cover.jpg/100x100bb.jpg,https://is1-ssl.mzstatic.com/image/thumb/Music116/v4/8c/27/fc/8c27fc6e-a7a6-21e3-3351-8b613c83f88e/4250506830991_cover.jpg/600x600bb.jpg,38.6,61.9,52.5,Warm Red & Orange,#984d3d
Various Artists,Dreamscape: Ambient Synthwave for Relaxation,2023,8,Electronic,https://is1-ssl.mzstatic.com/image/thumb/Music126/v4/a8/7c/ca/a87cca87-2316-fd14-1940-a0320bcb3ebb/9008798523887_cover.jpg/100x100bb.jpg,https://is1-ssl.mzstatic.com/image/thumb/Music126/v4/a8/7c/ca/a87cca87-2316-fd14-1940-a0320bcb3ebb/9008798523887_cover.jpg/600x600bb.jpg,31.8,68.1,38.4,Cool Blue,#57418f
Sing Dance,Neon Dreams Ultimate Synthwave Escape Chill Focus Retro Waves dreamwave electronic chillwave music 80s revival ambient synth - EP,2025,1,Electronic,https://is1-ssl.mzstatic.com/image/thumb/Music221/v4/bf/ae/dd/bfaedde9-1638-2952-a8ee-54454897c122/artwork.jpg/100x100bb.jpg,https://is1-ssl.mzstatic.com/image/thumb/Music221/v4/bf/ae/dd/bfaedde9-1638-2952-a8ee-54454897c122/artwork.jpg/600x600bb.jpg,34.8,73.2,47.0,Cool Blue,#5b44b9
Qi Life Lounge,Echoes of Dreamwave  Ambient Synth & Mellow Grooves - EP,2025,5,Electronic,https://is1-ssl.mzstatic.com/image/thumb/Music221/v4/52/14/4d/52144d40-d541-c56b-35b6-a219785cf853/artwork.jpg/100x100bb.jpg,https://is1-ssl.mzstatic.com/image/thumb/Music221/v4/52/14/4d/52144d40-d541-c56b-35b6-a219785cf853/artwork.jpg/600x600bb.jpg,42.3,50.8,51.8,Cool Blue,#865694
F1tty Sk1n,Ambient Synth Layers - Single,2022,1,Electronic,https://is1-ssl.mzstatic.com/image/thumb/Music123/v4/45/91/6d/45916d97-2900-23c3-036a-0485279f9a88/5063212687723_cover.jpg/100x100bb.jpg,https://is1-ssl.mzstatic.com/image/thumb/Music123/v4/45/91/6d/45916d97-2900-23c3-036a-0485279f9a88/5063212687723_cover.jpg/600x600bb.jpg,37.9,53.1,51.4,Warm Red & Orange,#795a3c
Jean-Michel Jarre,Équinoxe,1978,8,Electronic,https://is1-ssl.mzstatic.com/image/thumb/Music116/v4/25/ed/b3/25edb3ee-7638-3022-0ef7-8efb5dd8815f/0886445417586.jpg/100x100bb.jpg,https://is1-ssl.mzstatic.com/image/thumb/Music116/v4/25/ed/b3/25edb3ee-7638-3022-0ef7-8efb5dd8815f/0886445417586.jpg/600x600bb.jpg,51.1,15.3,47.4,Monochrome / Gray,#837f8f
Brian Eno,Before and After Science - Ten Pictures,1977,10,Electronic,https://is1-ssl.mzstatic.com/image/thumb/Music118/v4/fd/bc/c8/fdbcc830-9664-4b6b-369a-507dfca4b698/00724357729253.rgb.jpg/100x100bb.jpg,https://is1-ssl.mzstatic.com/image/thumb/Music118/v4/fd/bc/c8/fdbcc830-9664-4b6b-369a-507dfca4b698/00724357729253.rgb.jpg/600x600bb.jpg,58.8,4.6,101.0,Monochrome / Gray,#979596
Purple Bee Music,Dark Ambient Synth Bass - Single,2022,1,Electronic,https://is1-ssl.mzstatic.com/image/thumb/Music122/v4/73/63/ca/7363caa2-2837-6f4d-ade3-72e90db5b29a/artwork.jpg/100x100bb.jpg,https://is1-ssl.mzstatic.com/image/thumb/Music122/v4/73/63/ca/7363caa2-2837-6f4d-ade3-72e90db5b29a/artwork.jpg/600x600bb.jpg,44.9,75.4,51.5,Warm Red & Orange,#a16346
QWave Collapse Music,"Dungeon-Synth, Vol. 1",2024,14,Electronic,https://is1-ssl.mzstatic.com/image/thumb/Music211/v4/39/f7/de/39f7de91-a5ea-577e-069f-9d3cc9d175c1/artwork.jpg/100x100bb.jpg,https://is1-ssl.mzstatic.com/image/thumb/Music211/v4/39/f7/de/39f7de91-a5ea-577e-069f-9d3cc9d175c1/artwork.jpg/600x600bb.jpg,38.3,12.9,65.3,Monochrome / Gray,#666058
Natural sounds healing music to fall asleep,Bonfire Crackling Fire and Healing Synth Relaxing Ambient for Deep Sleep Sleep Aid BGM Deep Relaxing Sleep Music,2026,10,Electronic,https://is1-ssl.mzstatic.com/image/thumb/Music211/v4/dc/66/06/dc66061f-463d-02aa-e280-d1f3439b7a8d/4550755414547_cover.png/100x100bb.jpg,https://is1-ssl.mzstatic.com/image/thumb/Music211/v4/dc/66/06/dc66061f-463d-02aa-e280-d1f3439b7a8d/4550755414547_cover.png/600x600bb.jpg,20.3,42.3,42.5,Dark & Moody,#3b3225
6YNTHMANE,Ambient - Single,2021,1,Electronic,https://is1-ssl.mzstatic.com/image/thumb/Music124/v4/55/0b/43/550b43e6-66ab-daab-8f93-ea399ec6c09a/4062994350604_cover.jpg/100x100bb.jpg,https://is1-ssl.mzstatic.com/image/thumb/Music124/v4/55/0b/43/550b43e6-66ab-daab-8f93-ea399ec6c09a/4062994350604_cover.jpg/600x600bb.jpg,26.1,91.5,19.0,Cool Blue,#0b5570
Solo Fernández,LAS COSAS QUE NUNCA ME DIJE,2026,13,Electronic,https://is1-ssl.mzstatic.com/image/thumb/Music221/v4/45/16/67/4516678d-df7f-30a0-e155-744ff015d3c1/5064021466721_cover.jpg/100x100bb.jpg,https://is1-ssl.mzstatic.com/image/thumb/Music221/v4/45/16/67/4516678d-df7f-30a0-e155-744ff015d3c1/5064021466721_cover.jpg/600x600bb.jpg,8.8,38.1,22.6,Dark & Moody,#16151b
Yara Asmar,synth waltzes & accordion laments,2023,10,Electronic,https://is1-ssl.mzstatic.com/image/thumb/Music112/v4/c8/91/ce/c891ce27-e55d-8f65-dafb-91a810538586/198053251101_cover.jpg/100x100bb.jpg,https://is1-ssl.mzstatic.com/image/thumb/Music112/v4/c8/91/ce/c891ce27-e55d-8f65-dafb-91a810538586/198053251101_cover.jpg/600x600bb.jpg,63.2,53.2,41.0,Warm Red & Orange,#be9f5d
Highland Park Sleep Collective,Vintage Synth Museum - EP,2022,4,Electronic,https://is1-ssl.mzstatic.com/image/thumb/Music122/v4/5d/28/42/5d2842c9-f0f2-3095-1c08-acd55c8226b1/5000x5000-810110322479-0-0.jpg/100x100bb.jpg,https://is1-ssl.mzstatic.com/image/thumb/Music122/v4/5d/28/42/5d2842c9-f0f2-3095-1c08-acd55c8226b1/5000x5000-810110322479-0-0.jpg/600x600bb.jpg,41.4,37.2,59.0,Warm Red & Orange,#74684f
Soundfile Music,Ambient Synth Beat Soundtrack 2 - EP,2015,5,Electronic,https://is1-ssl.mzstatic.com/image/thumb/Music116/v4/a5/37/89/a5378948-53c5-ab0d-a641-54f13149f880/2307.jpg/100x100bb.jpg,https://is1-ssl.mzstatic.com/image/thumb/Music116/v4/a5/37/89/a5378948-53c5-ab0d-a641-54f13149f880/2307.jpg/600x600bb.jpg,36.6,33.8,76.1,Cool Blue,#5f5a63
Reynin,Warp Ambient  Synth Spacepop Type Beats - Single,2024,1,Electronic,https://is1-ssl.mzstatic.com/image/thumb/Music211/v4/c6/ad/f0/c6adf061-c044-a1f3-fad0-468048dc5206/artwork.jpg/100x100bb.jpg,https://is1-ssl.mzstatic.com/image/thumb/Music211/v4/c6/ad/f0/c6adf061-c044-a1f3-fad0-468048dc5206/artwork.jpg/600x600bb.jpg,17.6,69.7,47.2,Dark & Moody,#3b2141
Soundfile Music,Ambient Synth Beat Soundtrack 1 - EP,2015,5,Electronic,https://is1-ssl.mzstatic.com/image/thumb/Music113/v4/b5/62/ba/b562ba85-16a3-99cc-8736-352f28de4875/2306.jpg/100x100bb.jpg,https://is1-ssl.mzstatic.com/image/thumb/Music113/v4/b5/62/ba/b562ba85-16a3-99cc-8736-352f28de4875/2306.jpg/600x600bb.jpg,28.5,62.6,55.2,Warm Red & Orange,#633f2f
QWave Collapse Music,"Dungeon-Synth, Vol. 2",2024,10,Electronic,https://is1-ssl.mzstatic.com/image/thumb/Music211/v4/de/0b/23/de0b239c-b6f1-9d3a-6014-06b9d3fb529f/artwork.jpg/100x100bb.jpg,https://is1-ssl.mzstatic.com/image/thumb/Music211/v4/de/0b/23/de0b239c-b6f1-9d3a-6014-06b9d3fb529f/artwork.jpg/600x600bb.jpg,37.2,5.5,53.4,Monochrome / Gray,#605e5d
Ambient Synth Orchestra,Meadow - Single,2024,1,Electronic,https://is1-ssl.mzstatic.com/image/thumb/Music221/v4/f7/dd/f3/f7ddf34a-e54c-6744-a724-edd5d64bdf68/artwork.jpg/100x100bb.jpg,https://is1-ssl.mzstatic.com/image/thumb/Music221/v4/f7/dd/f3/f7ddf34a-e54c-6744-a724-edd5d64bdf68/artwork.jpg/600x600bb.jpg,51.3,21.7,61.1,Warm Red & Orange,#8e7f77
Dark Synth Ambient,Bridge of Shadows - Single,2026,1,Electronic,https://is1-ssl.mzstatic.com/image/thumb/Music211/v4/77/4c/76/774c7665-8876-ad2f-d392-b04feaee3931/artwork.jpg/100x100bb.jpg,https://is1-ssl.mzstatic.com/image/thumb/Music211/v4/77/4c/76/774c7665-8876-ad2f-d392-b04feaee3931/artwork.jpg/600x600bb.jpg,39.2,24.8,79.5,Warm Red & Orange,#646362
Dystopic Union & Ambient,Dystopia Essentials - Dark Synth World,2020,20,Electronic,https://is1-ssl.mzstatic.com/image/thumb/Music124/v4/44/8c/d0/448cd08b-27bc-df93-3d32-aa75c21668ce/8052869005179.jpg/100x100bb.jpg,https://is1-ssl.mzstatic.com/image/thumb/Music124/v4/44/8c/d0/448cd08b-27bc-df93-3d32-aa75c21668ce/8052869005179.jpg/600x600bb.jpg,46.9,34.5,70.9,Cool Blue,#647e84
QWave Collapse Music,"Dungeon-Synth, Vol. 3",2024,21,Electronic,https://is1-ssl.mzstatic.com/image/thumb/Music221/v4/d7/7b/67/d77b6784-f84e-477e-bc44-345c66a35309/artwork.jpg/100x100bb.jpg,https://is1-ssl.mzstatic.com/image/thumb/Music221/v4/d7/7b/67/d77b6784-f84e-477e-bc44-345c66a35309/artwork.jpg/600x600bb.jpg,29.7,33.2,42.4,Green,#3e524e
Dark Synth Ambient,Hollow Light - Single,2026,1,Electronic,https://is1-ssl.mzstatic.com/image/thumb/Music221/v4/99/50/82/99508243-a8c2-0606-4422-73d8a737b0d0/artwork.jpg/100x100bb.jpg,https://is1-ssl.mzstatic.com/image/thumb/Music221/v4/99/50/82/99508243-a8c2-0606-4422-73d8a737b0d0/artwork.jpg/600x600bb.jpg,38.6,15.2,61.4,Monochrome / Gray,#616167
Dark Synth Ambient,Eternity - EP,2024,1,Electronic,https://is1-ssl.mzstatic.com/image/thumb/Music221/v4/0c/df/53/0cdf532c-9bab-1a1f-e5b5-ee920243633a/artwork.jpg/100x100bb.jpg,https://is1-ssl.mzstatic.com/image/thumb/Music221/v4/0c/df/53/0cdf532c-9bab-1a1f-e5b5-ee920243633a/artwork.jpg/600x600bb.jpg,31.6,41.1,40.0,Cool Blue,#3e575b
Dark Synth Ambient,Cascade Relay - Single,2026,1,Electronic,https://is1-ssl.mzstatic.com/image/thumb/Music211/v4/48/09/b3/4809b379-3c38-5c01-0212-203d0cf0736f/artwork.jpg/100x100bb.jpg,https://is1-ssl.mzstatic.com/image/thumb/Music211/v4/48/09/b3/4809b379-3c38-5c01-0212-203d0cf0736f/artwork.jpg/600x600bb.jpg,31.5,35.8,50.3,Cool Blue,#3b585c
synth4ever,"Synthscapes, Vol. II",2014,26,Electronic,https://is1-ssl.mzstatic.com/image/thumb/Music5/v4/1b/b2/92/1bb2927e-e032-5710-211b-920816f1c115/889211191024.jpg/100x100bb.jpg,https://is1-ssl.mzstatic.com/image/thumb/Music5/v4/1b/b2/92/1bb2927e-e032-5710-211b-920816f1c115/889211191024.jpg/600x600bb.jpg,47.1,60.6,44.1,Cool Blue,#76719c
Pulse Emitter,Planetary Scale Synth Hypnosis,2014,16,Electronic,https://is1-ssl.mzstatic.com/image/thumb/Music/v4/0e/d6/aa/0ed6aa08-2a6d-ea85-617d-cf29b3e7371f/820103345668.jpg/100x100bb.jpg,https://is1-ssl.mzstatic.com/image/thumb/Music/v4/0e/d6/aa/0ed6aa08-2a6d-ea85-617d-cf29b3e7371f/820103345668.jpg/600x600bb.jpg,15.8,32.0,63.6,Dark & Moody,#2b252c
Destructo,Techno - Single,2015,1,Electronic,https://is1-ssl.mzstatic.com/image/thumb/Music3/v4/6a/e2/de/6ae2dec8-0853-1eea-5ad4-dff6df164e76/859715606669_cover.jpg/100x100bb.jpg,https://is1-ssl.mzstatic.com/image/thumb/Music3/v4/6a/e2/de/6ae2dec8-0853-1eea-5ad4-dff6df164e76/859715606669_cover.jpg/600x600bb.jpg,22.0,52.3,77.9,Dark & Moody,#463a06
Dimension X,Techno - Single,2019,1,Electronic,https://is1-ssl.mzstatic.com/image/thumb/Music113/v4/2a/ce/f4/2acef42d-e740-319d-f459-b8cb824f46b7/759008943177_cover.jpg/100x100bb.jpg,https://is1-ssl.mzstatic.com/image/thumb/Music113/v4/2a/ce/f4/2acef42d-e740-319d-f459-b8cb824f46b7/759008943177_cover.jpg/600x600bb.jpg,69.4,14.5,57.6,Monochrome / Gray,#a7b5b0
Vinai,Techno (Extended Mix) - Single,2015,1,Electronic,https://is1-ssl.mzstatic.com/image/thumb/Music128/v4/f2/e9/14/f2e914cd-3264-c2c4-ab43-8b3686f60240/8712944485301.jpg/100x100bb.jpg,https://is1-ssl.mzstatic.com/image/thumb/Music128/v4/f2/e9/14/f2e914cd-3264-c2c4-ab43-8b3686f60240/8712944485301.jpg/600x600bb.jpg,29.8,32.9,77.0,Cool Blue,#4b4b52
ZAPRAVKA,TECHNO (VIP) - Single,2023,1,Electronic,https://is1-ssl.mzstatic.com/image/thumb/Music211/v4/74/ec/aa/74ecaae2-0247-87e5-d011-c0439d3693d7/cover.jpg/100x100bb.jpg,https://is1-ssl.mzstatic.com/image/thumb/Music211/v4/74/ec/aa/74ecaae2-0247-87e5-d011-c0439d3693d7/cover.jpg/600x600bb.jpg,69.5,76.7,27.8,Green,#89dd32
Drezo & MASTERIA,Techno - Single,2022,1,Electronic,https://is1-ssl.mzstatic.com/image/thumb/Music122/v4/cf/2b/3b/cf2b3b05-b7af-abc8-285c-aaa33b8b6a85/735910370744_cover.jpg/100x100bb.jpg,https://is1-ssl.mzstatic.com/image/thumb/Music122/v4/cf/2b/3b/cf2b3b05-b7af-abc8-285c-aaa33b8b6a85/735910370744_cover.jpg/600x600bb.jpg,31.1,28.6,48.9,Warm Red & Orange,#624746
Moby,Play & Play: B Sides,2000,29,Electronic,https://is1-ssl.mzstatic.com/image/thumb/Music125/v4/b0/b4/93/b0b493b1-71ae-b154-ab40-e6acc7d84c46/842108036099_1.jpg/100x100bb.jpg,https://is1-ssl.mzstatic.com/image/thumb/Music125/v4/b0/b4/93/b0b493b1-71ae-b154-ab40-e6acc7d84c46/842108036099_1.jpg/600x600bb.jpg,51.0,40.6,41.1,Green,#5f918f
BENNETT,Vois sur ton chemin (Techno Mix) - Single,2023,1,Electronic,https://is1-ssl.mzstatic.com/image/thumb/Music116/v4/92/68/cc/9268cc08-e44e-16f5-5682-e769e3d97f9f/5054197770722.jpg/100x100bb.jpg,https://is1-ssl.mzstatic.com/image/thumb/Music116/v4/92/68/cc/9268cc08-e44e-16f5-5682-e769e3d97f9f/5054197770722.jpg/600x600bb.jpg,22.6,40.8,32.4,Dark & Moody,#453821
Vinai,Techno (Radio Edit) - Single,2015,1,Electronic,https://is1-ssl.mzstatic.com/image/thumb/Music118/v4/5b/8c/5b/5b8c5b7b-9d9f-11b7-8eb5-63d6630a27ab/8712944485325.jpg/100x100bb.jpg,https://is1-ssl.mzstatic.com/image/thumb/Music118/v4/5b/8c/5b/5b8c5b7b-9d9f-11b7-8eb5-63d6630a27ab/8712944485325.jpg/600x600bb.jpg,29.8,32.9,77.0,Cool Blue,#4b4b52
Will Clarke & BOT,Techno (Not Techno) [Solardo Remix] - Single,2017,1,Electronic,https://is1-ssl.mzstatic.com/image/thumb/Music116/v4/8a/38/f5/8a38f5ce-46bb-231c-9b6e-e6f644eea97b/cover.jpg/100x100bb.jpg,https://is1-ssl.mzstatic.com/image/thumb/Music116/v4/8a/38/f5/8a38f5ce-46bb-231c-9b6e-e6f644eea97b/cover.jpg/600x600bb.jpg,39.2,52.3,36.3,Pink & Magenta,#904f56
Disco Lines,TECHNO + TEQUILA (feat. Morgan Harvill) - Single,2022,1,Electronic,https://is1-ssl.mzstatic.com/image/thumb/Music112/v4/10/c7/ba/10c7ba65-113f-251d-3f4f-8d5cb55211e9/196834689891.jpg/100x100bb.jpg,https://is1-ssl.mzstatic.com/image/thumb/Music112/v4/10/c7/ba/10c7ba65-113f-251d-3f4f-8d5cb55211e9/196834689891.jpg/600x600bb.jpg,28.9,45.0,55.6,Warm Red & Orange,#55463c
Dimension,Techno - Single,2018,1,Electronic,https://is1-ssl.mzstatic.com/image/thumb/Music123/v4/b7/91/5b/b7915b16-68be-a566-7e41-a3a8b61ce8f6/190296897344.jpg/100x100bb.jpg,https://is1-ssl.mzstatic.com/image/thumb/Music123/v4/b7/91/5b/b7915b16-68be-a566-7e41-a3a8b61ce8f6/190296897344.jpg/600x600bb.jpg,81.5,0.0,63.9,Minimalist White,#cfcfcf
Aphex Twin,Selected Ambient Works 85-92,1992,13,Electronic,https://is1-ssl.mzstatic.com/image/thumb/Music116/v4/5f/b3/e0/5fb3e08d-c2cd-3da4-6ad7-c5dc61803683/cover.jpg/100x100bb.jpg,https://is1-ssl.mzstatic.com/image/thumb/Music116/v4/5f/b3/e0/5fb3e08d-c2cd-3da4-6ad7-c5dc61803683/cover.jpg/600x600bb.jpg,70.8,0.0,101.0,Monochrome / Gray,#b4b4b4
Hans Zimmer & Benjamin Wallfisch,Blade Runner 2049 (Original Motion Picture Soundtrack),2017,24,Electronic,https://is1-ssl.mzstatic.com/image/thumb/Music125/v4/f6/19/de/f619de87-2583-4839-9770-a4af3e5771ac/886446760872.jpg/100x100bb.jpg,https://is1-ssl.mzstatic.com/image/thumb/Music125/v4/f6/19/de/f619de87-2583-4839-9770-a4af3e5771ac/886446760872.jpg/600x600bb.jpg,38.3,78.7,42.6,Warm Red & Orange,#6c604c
Will Clarke & BOT,Techno (Not Techno) - Single,2017,2,Electronic,https://is1-ssl.mzstatic.com/image/thumb/Music126/v4/40/d0/89/40d089f8-4589-8581-3454-a856ab473d78/cover.jpg/100x100bb.jpg,https://is1-ssl.mzstatic.com/image/thumb/Music126/v4/40/d0/89/40d089f8-4589-8581-3454-a856ab473d78/cover.jpg/600x600bb.jpg,53.9,52.9,58.0,Green,#83955d
Lenny Pearce,Lenny's Toddler Techno (Vol1),2025,14,Electronic,https://is1-ssl.mzstatic.com/image/thumb/Music221/v4/db/6c/dd/db6cddb2-e87c-25e2-9e10-72543c8bba45/5063654767328_cover.jpg/100x100bb.jpg,https://is1-ssl.mzstatic.com/image/thumb/Music221/v4/db/6c/dd/db6cddb2-e87c-25e2-9e10-72543c8bba45/5063654767328_cover.jpg/600x600bb.jpg,73.4,20.7,62.3,Pink & Magenta,#d0b1b4
Aphex Twin,Syro,2014,13,Electronic,https://is1-ssl.mzstatic.com/image/thumb/Music124/v4/d5/7f/6e/d57f6e8e-068c-ef83-2a62-663e47d3f002/Syro_digital_packshot_RGB_1400.jpg/100x100bb.jpg,https://is1-ssl.mzstatic.com/image/thumb/Music124/v4/d5/7f/6e/d57f6e8e-068c-ef83-2a62-663e47d3f002/Syro_digital_packshot_RGB_1400.jpg/600x600bb.jpg,80.6,51.4,36.2,Green,#cfdd73
Friedrich Habetler,Coffin Dance - Single,2020,1,Electronic,https://is1-ssl.mzstatic.com/image/thumb/Music124/v4/14/1b/da/141bda05-ef6e-e9b5-e4b3-17f12bb90a20/28858d5d-5c5c-4c37-a2ec-a106045b8982.jpg/100x100bb.jpg,https://is1-ssl.mzstatic.com/image/thumb/Music124/v4/14/1b/da/141bda05-ef6e-e9b5-e4b3-17f12bb90a20/28858d5d-5c5c-4c37-a2ec-a106045b8982.jpg/600x600bb.jpg,41.5,25.6,57.2,Pink & Magenta,#7f6063
Pezet & Auer,Techno - Single,2024,1,Electronic,https://is1-ssl.mzstatic.com/image/thumb/Music211/v4/98/62/e2/9862e2b7-8bed-ba52-6132-17ae4d353877/0001003737405.jpg/100x100bb.jpg,https://is1-ssl.mzstatic.com/image/thumb/Music211/v4/98/62/e2/9862e2b7-8bed-ba52-6132-17ae4d353877/0001003737405.jpg/600x600bb.jpg,30.9,52.8,39.3,Pink & Magenta,#634548
Boards of Canada,Music Has the Right to Children,1998,18,Electronic,https://is1-ssl.mzstatic.com/image/thumb/Features125/v4/b5/4c/c2/b54cc20d-03f5-f2c4-4a0d-9b51ad65af89/dj.txuslqgv.jpg/100x100bb.jpg,https://is1-ssl.mzstatic.com/image/thumb/Features125/v4/b5/4c/c2/b54cc20d-03f5-f2c4-4a0d-9b51ad65af89/dj.txuslqgv.jpg/600x600bb.jpg,51.8,50.3,44.4,Green,#529996
Flying Lotus,Cosmogramma,2010,17,Electronic,https://is1-ssl.mzstatic.com/image/thumb/Music126/v4/f8/3f/5f/f83f5f67-f8d6-626a-ae9a-3f16c5b0af5d/0801061019532.png/100x100bb.jpg,https://is1-ssl.mzstatic.com/image/thumb/Music126/v4/f8/3f/5f/f83f5f67-f8d6-626a-ae9a-3f16c5b0af5d/0801061019532.png/600x600bb.jpg,52.3,8.8,25.5,Monochrome / Gray,#86867b
KETTAMA,Comes and Goes - Single,2026,1,Electronic,https://is1-ssl.mzstatic.com/image/thumb/Music211/v4/30/06/06/3006068d-14bf-9425-17f9-265b1aa3dae4/10062.jpg/100x100bb.jpg,https://is1-ssl.mzstatic.com/image/thumb/Music211/v4/30/06/06/3006068d-14bf-9425-17f9-265b1aa3dae4/10062.jpg/600x600bb.jpg,37.7,28.4,57.0,Warm Red & Orange,#656051
Aphex Twin,Drukqs,2001,30,Electronic,https://is1-ssl.mzstatic.com/image/thumb/Music221/v4/98/75/2f/98752fcb-0c8f-1e6e-cca3-2553ac9d46ab/0801061009236.png/100x100bb.jpg,https://is1-ssl.mzstatic.com/image/thumb/Music221/v4/98/75/2f/98752fcb-0c8f-1e6e-cca3-2553ac9d46ab/0801061009236.png/600x600bb.jpg,43.3,55.1,51.7,Warm Red & Orange,#926445
Kraftwerk,Computer World (Remastered),1981,7,Electronic,https://is1-ssl.mzstatic.com/image/thumb/Music1/v4/ac/34/2d/ac342dcf-8349-676f-9510-c1bd27e932d2/dj.ajlyslln.jpg/100x100bb.jpg,https://is1-ssl.mzstatic.com/image/thumb/Music1/v4/ac/34/2d/ac342dcf-8349-676f-9510-c1bd27e932d2/dj.ajlyslln.jpg/600x600bb.jpg,61.9,44.8,71.1,Green,#a6a850
Boards of Canada,Geogaddi,2002,23,Electronic,https://is1-ssl.mzstatic.com/image/thumb/Music125/v4/2e/77/7c/2e777c13-60e3-c231-8be0-b0d43dc91598/mzi.yseuvnlj.jpg/100x100bb.jpg,https://is1-ssl.mzstatic.com/image/thumb/Music125/v4/2e/77/7c/2e777c13-60e3-c231-8be0-b0d43dc91598/mzi.yseuvnlj.jpg/600x600bb.jpg,35.6,83.6,34.8,Warm Red & Orange,#b83525
Argy & Omnya,Aria - Single,2023,1,Electronic,https://is1-ssl.mzstatic.com/image/thumb/Music116/v4/85/36/7b/85367bd1-ec48-129e-8c23-a5fa64ec8085/4251353207448_Cover.jpg/100x100bb.jpg,https://is1-ssl.mzstatic.com/image/thumb/Music116/v4/85/36/7b/85367bd1-ec48-129e-8c23-a5fa64ec8085/4251353207448_Cover.jpg/600x600bb.jpg,37.5,37.3,32.1,Cool Blue,#50627c
Boards of Canada,The Campfire Headphase,2005,15,Electronic,https://is1-ssl.mzstatic.com/image/thumb/Features125/v4/fe/5d/d0/fe5dd0ed-79cf-e694-c454-26a585d3f548/dj.vfvsmugd.jpg/100x100bb.jpg,https://is1-ssl.mzstatic.com/image/thumb/Features125/v4/fe/5d/d0/fe5dd0ed-79cf-e694-c454-26a585d3f548/dj.vfvsmugd.jpg/600x600bb.jpg,58.1,36.2,29.5,Green,#6ea59d
Doruksen,Intoxicated (Slowed) - Single,2024,1,Electronic,https://is1-ssl.mzstatic.com/image/thumb/Music221/v4/1a/34/ad/1a34add3-c988-7e9f-9c59-58b0e01fbaee/198094615221_cover.jpg/100x100bb.jpg,https://is1-ssl.mzstatic.com/image/thumb/Music221/v4/1a/34/ad/1a34add3-c988-7e9f-9c59-58b0e01fbaee/198094615221_cover.jpg/600x600bb.jpg,14.3,18.1,46.8,Dark & Moody,#222429
Techno,Deep Techno,2015,12,Electronic,https://is1-ssl.mzstatic.com/image/thumb/Music115/v4/a5/a4/c5/a5a4c5ab-1d89-de7e-a8fa-8124aa1fbbe2/9008798188116_cover.jpg/100x100bb.jpg,https://is1-ssl.mzstatic.com/image/thumb/Music115/v4/a5/a4/c5/a5a4c5ab-1d89-de7e-a8fa-8124aa1fbbe2/9008798188116_cover.jpg/600x600bb.jpg,9.3,42.8,39.7,Dark & Moody,#0e1e0f
D'Angello & Francis,Blade - Single,2024,1,Electronic,https://is1-ssl.mzstatic.com/image/thumb/Music211/v4/d9/68/9f/d9689f84-be63-9bef-2354-fe1cf4a92560/198704184673_Cover.jpg/100x100bb.jpg,https://is1-ssl.mzstatic.com/image/thumb/Music211/v4/d9/68/9f/d9689f84-be63-9bef-2354-fe1cf4a92560/198704184673_Cover.jpg/600x600bb.jpg,14.6,22.6,19.9,Dark & Moody,#2e211f
Various Artists,Latin Pop Hits,2026,20,Latin,https://is1-ssl.mzstatic.com/image/thumb/Music221/v4/24/55/99/245599d4-954e-3e33-65c9-dc131831ba50/199891799381_cover.jpg/100x100bb.jpg,https://is1-ssl.mzstatic.com/image/thumb/Music221/v4/24/55/99/245599d4-954e-3e33-65c9-dc131831ba50/199891799381_cover.jpg/600x600bb.jpg,47.2,56.6,34.0,Warm Red & Orange,#857c41
Nicky Jam & J Balvin,X (Spanglish Version) - Single,2018,1,Latin,https://is1-ssl.mzstatic.com/image/thumb/Music124/v4/07/be/6e/07be6ecc-ec1a-5f12-e42a-3b14761e8bc4/886447076774.jpg/100x100bb.jpg,https://is1-ssl.mzstatic.com/image/thumb/Music124/v4/07/be/6e/07be6ecc-ec1a-5f12-e42a-3b14761e8bc4/886447076774.jpg/600x600bb.jpg,50.3,83.8,56.1,Warm Red & Orange,#ac8108
Grupo Frontera & Bad Bunny,un x100to - Single,2023,1,Latin,https://is1-ssl.mzstatic.com/image/thumb/Music116/v4/b6/74/4d/b6744dbd-77ed-413a-3777-5ac6a2e780eb/197188732554.jpg/100x100bb.jpg,https://is1-ssl.mzstatic.com/image/thumb/Music116/v4/b6/74/4d/b6744dbd-77ed-413a-3777-5ac6a2e780eb/197188732554.jpg/600x600bb.jpg,34.1,21.1,57.4,Warm Red & Orange,#5d5452
"Tainy, Bad Bunny & Julieta Venegas",Lo Siento BB:/ - Single,2021,1,Latin,https://is1-ssl.mzstatic.com/image/thumb/Music115/v4/5d/6a/00/5d6a0054-5145-6011-c638-3e2666d0e8dd/192641833472_Cover.jpg/100x100bb.jpg,https://is1-ssl.mzstatic.com/image/thumb/Music115/v4/5d/6a/00/5d6a0054-5145-6011-c638-3e2666d0e8dd/192641833472_Cover.jpg/600x600bb.jpg,66.0,26.9,48.6,Warm Red & Orange,#c89a99
Ozuna,Aura,2018,20,Latin,https://is1-ssl.mzstatic.com/image/thumb/Music124/v4/47/02/de/4702de7f-d47e-b507-1227-b8534cbb9cd8/697691884080.jpg/100x100bb.jpg,https://is1-ssl.mzstatic.com/image/thumb/Music124/v4/47/02/de/4702de7f-d47e-b507-1227-b8534cbb9cd8/697691884080.jpg/600x600bb.jpg,4.7,81.3,23.0,Dark & Moody,#110716
"Lunay, Daddy Yankee & Bad Bunny",Soltera (Remix) - Single,2019,1,Latin,https://is1-ssl.mzstatic.com/image/thumb/Music115/v4/88/a7/91/88a79117-a14c-7674-f4c9-34e23d8eafdd/192641311772_Cover.jpg/100x100bb.jpg,https://is1-ssl.mzstatic.com/image/thumb/Music115/v4/88/a7/91/88a79117-a14c-7674-f4c9-34e23d8eafdd/192641311772_Cover.jpg/600x600bb.jpg,25.3,60.1,50.0,Cool Blue,#4c3365
Anuel AA & Romeo Santos,Ella Quiere Beber (Remix) - Single,2018,1,Latin,https://is1-ssl.mzstatic.com/image/thumb/Music114/v4/04/00/92/040092f4-d379-6b7f-3781-594c8a87c3fd/193483488950.jpg/100x100bb.jpg,https://is1-ssl.mzstatic.com/image/thumb/Music114/v4/04/00/92/040092f4-d379-6b7f-3781-594c8a87c3fd/193483488950.jpg/600x600bb.jpg,16.3,57.8,32.5,Dark & Moody,#29282e
"J Balvin, Dua Lipa, Bad Bunny & Tainy",UN DIA (ONE DAY) - Single,2020,1,Latin,https://is1-ssl.mzstatic.com/image/thumb/Music124/v4/c7/93/50/c793507d-c4df-4c05-80bb-3a02d9f95113/20UMGIM38540.rgb.jpg/100x100bb.jpg,https://is1-ssl.mzstatic.com/image/thumb/Music124/v4/c7/93/50/c793507d-c4df-4c05-80bb-3a02d9f95113/20UMGIM38540.rgb.jpg/600x600bb.jpg,32.7,40.3,74.9,Cool Blue,#4c5460
Ozuna & Romeo Santos,El Farsante (Remix) - Single,2018,1,Latin,https://is1-ssl.mzstatic.com/image/thumb/Music125/v4/9e/5d/19/9e5d1921-4b57-fbb6-dc48-a3ec6e5ae07d/192562165577.jpg/100x100bb.jpg,https://is1-ssl.mzstatic.com/image/thumb/Music125/v4/9e/5d/19/9e5d1921-4b57-fbb6-dc48-a3ec6e5ae07d/192562165577.jpg/600x600bb.jpg,81.4,0.3,63.1,Minimalist White,#cfcfcf
Daddy Yankee,Dura - Single,2018,1,Latin,https://is1-ssl.mzstatic.com/image/thumb/Music122/v4/3a/20/6b/3a206b82-f34b-dfa0-3576-8694563f8a1a/18UMGIM00921.rgb.jpg/100x100bb.jpg,https://is1-ssl.mzstatic.com/image/thumb/Music122/v4/3a/20/6b/3a206b82-f34b-dfa0-3576-8694563f8a1a/18UMGIM00921.rgb.jpg/600x600bb.jpg,44.8,77.3,65.7,Warm Red & Orange,#927025
ROSALÍA & Ozuna,"Yo x Ti, Tú x Mí - Single",2019,1,Latin,https://is1-ssl.mzstatic.com/image/thumb/Music125/v4/8f/10/e6/8f10e6d1-bcba-bb29-87d5-8255386cef30/886447540626.jpg/100x100bb.jpg,https://is1-ssl.mzstatic.com/image/thumb/Music125/v4/8f/10/e6/8f10e6d1-bcba-bb29-87d5-8255386cef30/886447540626.jpg/600x600bb.jpg,45.1,59.3,63.7,Warm Red & Orange,#986941
Jay Tony Jay,Latin Pop Hits - EP,2025,6,Latin,https://is1-ssl.mzstatic.com/image/thumb/Music211/v4/d2/5c/b5/d25cb50b-5dd5-226c-b6b2-5909cd55b11b/0.jpg/100x100bb.jpg,https://is1-ssl.mzstatic.com/image/thumb/Music211/v4/d2/5c/b5/d25cb50b-5dd5-226c-b6b2-5909cd55b11b/0.jpg/600x600bb.jpg,22.9,51.8,38.1,Dark & Moody,#462f53
Bad Bunny,MIA (feat. Drake) - Single,2018,1,Latin,https://is1-ssl.mzstatic.com/image/thumb/Music123/v4/09/aa/f8/09aaf8da-8eaf-bf60-0c23-48a88d546cbd/26991.jpg/100x100bb.jpg,https://is1-ssl.mzstatic.com/image/thumb/Music123/v4/09/aa/f8/09aaf8da-8eaf-bf60-0c23-48a88d546cbd/26991.jpg/600x600bb.jpg,3.0,35.4,17.7,Dark & Moody,#0a0606
Enrique Iglesias,Greatest Hits (2008),2008,18,Latin,https://is1-ssl.mzstatic.com/image/thumb/Music126/v4/3b/78/c0/3b78c025-ffb2-2eeb-0009-5f232ec635b5/08UMGIM24490.rgb.jpg/100x100bb.jpg,https://is1-ssl.mzstatic.com/image/thumb/Music126/v4/3b/78/c0/3b78c025-ffb2-2eeb-0009-5f232ec635b5/08UMGIM24490.rgb.jpg/600x600bb.jpg,72.3,11.9,71.2,Monochrome / Gray,#b5b8c1
Bizarrap & Shakira,"Shakira: Bzrp Music Sessions, Vol. 53/66",2023,1,Latin,https://is1-ssl.mzstatic.com/image/thumb/Music221/v4/14/54/f1/1454f160-c956-7727-46dc-5101bb109494/197187714988.jpg/100x100bb.jpg,https://is1-ssl.mzstatic.com/image/thumb/Music221/v4/14/54/f1/1454f160-c956-7727-46dc-5101bb109494/197187714988.jpg/600x600bb.jpg,46.8,5.9,51.4,Monochrome / Gray,#7a7576
Anuel AA & KAROL G,Secreto - Single,2019,1,Latin,https://is1-ssl.mzstatic.com/image/thumb/Music122/v4/a9/6e/a1/a96ea159-3668-6fe4-91ce-58b7e8a6ec0c/19UMGIM01999.rgb.jpg/100x100bb.jpg,https://is1-ssl.mzstatic.com/image/thumb/Music122/v4/a9/6e/a1/a96ea159-3668-6fe4-91ce-58b7e8a6ec0c/19UMGIM01999.rgb.jpg/600x600bb.jpg,31.8,41.2,46.8,Warm Red & Orange,#634b3d
KAROL G,PROVENZA - Single,2022,1,Latin,https://is1-ssl.mzstatic.com/image/thumb/Music112/v4/4b/91/32/4b91325f-a1ae-05d8-523d-011549d20a42/22UMGIM40133.rgb.jpg/100x100bb.jpg,https://is1-ssl.mzstatic.com/image/thumb/Music112/v4/4b/91/32/4b91325f-a1ae-05d8-523d-011549d20a42/22UMGIM40133.rgb.jpg/600x600bb.jpg,47.6,26.3,75.7,Warm Red & Orange,#847863
Various Artists,"Reggaeton! (20 Latin Hits, The Very Best of Reggaeton, Dembow, Urban)",2005,20,Latin,https://is1-ssl.mzstatic.com/image/thumb/Features114/v4/46/46/6a/46466a3b-bd39-5941-9d02-0bb5da7ee705/dj.vugpwnty.jpg/100x100bb.jpg,https://is1-ssl.mzstatic.com/image/thumb/Features114/v4/46/46/6a/46466a3b-bd39-5941-9d02-0bb5da7ee705/dj.vugpwnty.jpg/600x600bb.jpg,59.6,23.7,75.5,Warm Red & Orange,#a29589
Jam & Suppose,Reggaeton Classics,2007,12,Latin,https://is1-ssl.mzstatic.com/image/thumb/Music114/v4/04/61/d0/0461d03c-36da-0a82-37c3-052d46ea45da/mzi.wngpovzw.tif/100x100bb.jpg,https://is1-ssl.mzstatic.com/image/thumb/Music114/v4/04/61/d0/0461d03c-36da-0a82-37c3-052d46ea45da/mzi.wngpovzw.tif/600x600bb.jpg,44.6,62.6,37.2,Warm Red & Orange,#9f643e
"Tainy, Anuel AA & Ozuna",Adicto - Single,2019,1,Latin,https://is1-ssl.mzstatic.com/image/thumb/Music112/v4/bc/86/c3/bc86c389-d022-cd6e-d8d9-96981621e507/19UMGIM60949.rgb.jpg/100x100bb.jpg,https://is1-ssl.mzstatic.com/image/thumb/Music112/v4/bc/86/c3/bc86c389-d022-cd6e-d8d9-96981621e507/19UMGIM60949.rgb.jpg/600x600bb.jpg,28.3,73.8,14.9,Pink & Magenta,#902638
Major Lazer,Que Calor (feat. J Balvin & El Alfa) - Single,2019,1,Latin,https://is1-ssl.mzstatic.com/image/thumb/Music116/v4/9b/77/5a/9b775a48-2a50-863f-e81f-6455685ffcfa/653738034528_Cover.jpg/100x100bb.jpg,https://is1-ssl.mzstatic.com/image/thumb/Music116/v4/9b/77/5a/9b775a48-2a50-863f-e81f-6455685ffcfa/653738034528_Cover.jpg/600x600bb.jpg,58.4,55.7,51.7,Warm Red & Orange,#c98267
J Balvin,Reggaeton - Single,2018,1,Latin,https://is1-ssl.mzstatic.com/image/thumb/Music125/v4/b6/37/e8/b637e8d8-e1bf-9b73-3e18-5c381f9af67d/00602577300943.rgb.jpg/100x100bb.jpg,https://is1-ssl.mzstatic.com/image/thumb/Music125/v4/b6/37/e8/b637e8d8-e1bf-9b73-3e18-5c381f9af67d/00602577300943.rgb.jpg/600x600bb.jpg,96.1,5.5,30.3,Minimalist White,#eff7fa
NATTI NATASHA & Ozuna,Criminal - Single,2017,1,Latin,https://is1-ssl.mzstatic.com/image/thumb/Music125/v4/cf/87/01/cf870165-6173-f97e-a156-c021f0ef1736/191773676261.jpg/100x100bb.jpg,https://is1-ssl.mzstatic.com/image/thumb/Music125/v4/cf/87/01/cf870165-6173-f97e-a156-c021f0ef1736/191773676261.jpg/600x600bb.jpg,25.5,50.3,35.4,Cool Blue,#37434c
Bad Bunny,De Museo - Single,2021,1,Latin,https://is1-ssl.mzstatic.com/image/thumb/Music125/v4/9e/f2/88/9ef288ab-9ab5-630f-255f-26d609cd91f8/196292052268.jpg/100x100bb.jpg,https://is1-ssl.mzstatic.com/image/thumb/Music125/v4/9e/f2/88/9ef288ab-9ab5-630f-255f-26d609cd91f8/196292052268.jpg/600x600bb.jpg,21.5,16.3,61.0,Dark & Moody,#373637
Ozuna,El Farsante - Single,2017,1,Latin,https://is1-ssl.mzstatic.com/image/thumb/Music114/v4/d1/ac/65/d1ac651b-1f40-4091-55a4-fc636e1f4e9b/191773530921.jpg/100x100bb.jpg,https://is1-ssl.mzstatic.com/image/thumb/Music114/v4/d1/ac/65/d1ac651b-1f40-4091-55a4-fc636e1f4e9b/191773530921.jpg/600x600bb.jpg,87.9,0.9,57.0,Minimalist White,#e0dfe0
Aventura,We Broke the Rules,2002,10,Latin,https://is1-ssl.mzstatic.com/image/thumb/Music125/v4/fd/1c/c4/fd1cc42a-c642-bb66-5b11-291a568c73d6/617101300023.jpg/100x100bb.jpg,https://is1-ssl.mzstatic.com/image/thumb/Music125/v4/fd/1c/c4/fd1cc42a-c642-bb66-5b11-291a568c73d6/617101300023.jpg/600x600bb.jpg,51.3,35.2,52.5,Warm Red & Orange,#9c796c
Zion & Lennox,La Player (Bandolera) - Single,2018,1,Latin,https://is1-ssl.mzstatic.com/image/thumb/Music114/v4/69/61/a7/6961a7d1-1491-f1cc-553b-a04e902bfa79/190296925351.jpg/100x100bb.jpg,https://is1-ssl.mzstatic.com/image/thumb/Music114/v4/69/61/a7/6961a7d1-1491-f1cc-553b-a04e902bfa79/190296925351.jpg/600x600bb.jpg,33.9,58.3,60.2,Warm Red & Orange,#7b4937
Daddy Yankee,Barrio Fino (Deluxe Version),2004,23,Latin,https://is1-ssl.mzstatic.com/image/thumb/Music221/v4/2f/66/f0/2f66f0f1-c3c2-9dc0-8391-04804cabc8cf/24CRGIM46808.rgb.jpg/100x100bb.jpg,https://is1-ssl.mzstatic.com/image/thumb/Music221/v4/2f/66/f0/2f66f0f1-c3c2-9dc0-8391-04804cabc8cf/24CRGIM46808.rgb.jpg/600x600bb.jpg,31.0,0.4,67.6,Monochrome / Gray,#4f4f4f
Beéle,Loco - Single,2019,1,Latin,https://is1-ssl.mzstatic.com/image/thumb/Music113/v4/69/93/b1/6993b13f-8bf4-a175-75dc-4c4b7e2260a9/859734687236_cover.jpg/100x100bb.jpg,https://is1-ssl.mzstatic.com/image/thumb/Music113/v4/69/93/b1/6993b13f-8bf4-a175-75dc-4c4b7e2260a9/859734687236_cover.jpg/600x600bb.jpg,70.7,24.6,40.6,Green,#a0bfaf
Marc Anthony,3.0,2013,10,Latin,https://is1-ssl.mzstatic.com/image/thumb/Music115/v4/f7/24/ce/f724ce48-4d0d-0cbc-3493-3d935142e5e6/886443947238.jpg/100x100bb.jpg,https://is1-ssl.mzstatic.com/image/thumb/Music115/v4/f7/24/ce/f724ce48-4d0d-0cbc-3493-3d935142e5e6/886443947238.jpg/600x600bb.jpg,54.6,7.8,53.6,Monochrome / Gray,#8f8a85
Wisin & Yandel,Los Extraterrestres,2007,19,Latin,https://is1-ssl.mzstatic.com/image/thumb/Music221/v4/f0/7c/70/f07c70ce-d2e8-c99e-0872-185f4c5a5308/07UMGIM15767.rgb.jpg/100x100bb.jpg,https://is1-ssl.mzstatic.com/image/thumb/Music221/v4/f0/7c/70/f07c70ce-d2e8-c99e-0872-185f4c5a5308/07UMGIM15767.rgb.jpg/600x600bb.jpg,19.7,24.2,41.5,Dark & Moody,#33322d
Wisin & Yandel,Me Estas Tentando - Single,2008,1,Latin,https://is1-ssl.mzstatic.com/image/thumb/Music122/v4/20/8a/ce/208ace1a-f35b-77de-ac6a-048db0f0c4c9/08UMGIM23543.rgb.jpg/100x100bb.jpg,https://is1-ssl.mzstatic.com/image/thumb/Music122/v4/20/8a/ce/208ace1a-f35b-77de-ac6a-048db0f0c4c9/08UMGIM23543.rgb.jpg/600x600bb.jpg,83.3,4.9,36.9,Minimalist White,#d8d3d0
Yandel,Encantadora (Remix) [feat. Farruko & Zion & Lennox] - Single,2016,1,Latin,https://is1-ssl.mzstatic.com/image/thumb/Music69/v4/a2/ad/e8/a2ade8f1-8439-2968-f7eb-a05bdece575f/886445801699.jpg/100x100bb.jpg,https://is1-ssl.mzstatic.com/image/thumb/Music69/v4/a2/ad/e8/a2ade8f1-8439-2968-f7eb-a05bdece575f/886445801699.jpg/600x600bb.jpg,74.9,6.3,31.8,Monochrome / Gray,#b8c1c1
Wisin & Yandel,Líderes,2012,16,Latin,https://is1-ssl.mzstatic.com/image/thumb/Music221/v4/00/7a/f8/007af89c-66d5-4bb7-c35d-1a33966e0755/12UMGIM34434.rgb.jpg/100x100bb.jpg,https://is1-ssl.mzstatic.com/image/thumb/Music221/v4/00/7a/f8/007af89c-66d5-4bb7-c35d-1a33966e0755/12UMGIM34434.rgb.jpg/600x600bb.jpg,74.1,2.9,73.6,Monochrome / Gray,#bcbcbf
Kevin Lyttle,Turn Me On - Single,2003,1,Latin,https://is1-ssl.mzstatic.com/image/thumb/Music115/v4/c3/af/d3/c3afd31c-721e-faa2-da73-b3d0b381d9bb/s02.agetghia.jpg/100x100bb.jpg,https://is1-ssl.mzstatic.com/image/thumb/Music115/v4/c3/af/d3/c3afd31c-721e-faa2-da73-b3d0b381d9bb/s02.agetghia.jpg/600x600bb.jpg,42.1,47.6,53.7,Warm Red & Orange,#8b604d
Wisin & Yandel,Los Extraterrestres - Otra Dimensión,2008,25,Latin,https://is1-ssl.mzstatic.com/image/thumb/Music221/v4/d3/8d/41/d38d419e-0f10-c9d3-92db-3fae54a5caeb/08UMGIM07770.rgb.jpg/100x100bb.jpg,https://is1-ssl.mzstatic.com/image/thumb/Music221/v4/d3/8d/41/d38d419e-0f10-c9d3-92db-3fae54a5caeb/08UMGIM07770.rgb.jpg/600x600bb.jpg,18.2,21.7,34.3,Dark & Moody,#312d2a
Akon,Freedom,2008,15,Latin,https://is1-ssl.mzstatic.com/image/thumb/Music122/v4/d7/c3/9e/d7c39e5c-1284-8c22-8ea5-ca259bcfc525/08UMGIM26305.rgb.jpg/100x100bb.jpg,https://is1-ssl.mzstatic.com/image/thumb/Music122/v4/d7/c3/9e/d7c39e5c-1284-8c22-8ea5-ca259bcfc525/08UMGIM26305.rgb.jpg/600x600bb.jpg,39.6,40.7,66.8,Cool Blue,#4a6d7f
Rick James,20th Century Masters - The Millennium Collection: The Best of Rick James,2000,10,Latin,https://is1-ssl.mzstatic.com/image/thumb/Music125/v4/22/60/6c/22606cd1-40fc-3b1e-fbb0-65dcf102bf08/06UMGIM02155.rgb.jpg/100x100bb.jpg,https://is1-ssl.mzstatic.com/image/thumb/Music125/v4/22/60/6c/22606cd1-40fc-3b1e-fbb0-65dcf102bf08/06UMGIM02155.rgb.jpg/600x600bb.jpg,30.7,29.5,74.3,Pink & Magenta,#5c474a
Tito Double P,ENTRE TU Y YO - Single,2026,1,Latin,https://is1-ssl.mzstatic.com/image/thumb/Music211/v4/49/17/29/4917299c-bfa4-9187-0171-e2809dfaec7e/199806971222.jpg/100x100bb.jpg,https://is1-ssl.mzstatic.com/image/thumb/Music211/v4/49/17/29/4917299c-bfa4-9187-0171-e2809dfaec7e/199806971222.jpg/600x600bb.jpg,17.9,10.9,25.9,Dark & Moody,#312c2b
"Reykon, Tyga & Becky G",Latina (Remix) [feat. Maluma] - Single,2020,1,Latin,https://is1-ssl.mzstatic.com/image/thumb/Music126/v4/f2/b8/48/f2b84839-c71a-5210-e38a-232396e4a860/00842812133688_Cover.jpg/100x100bb.jpg,https://is1-ssl.mzstatic.com/image/thumb/Music126/v4/f2/b8/48/f2b84839-c71a-5210-e38a-232396e4a860/00842812133688_Cover.jpg/600x600bb.jpg,64.7,37.2,39.1,Green,#a1a6a3
Eslabon Armado & Peso Pluma,Ella Baila Sola - Single,2023,1,Latin,https://is1-ssl.mzstatic.com/image/thumb/Music126/v4/b1/9b/95/b19b9506-5696-ad86-1c85-d198503adfbf/816144021906_Cover.jpg/100x100bb.jpg,https://is1-ssl.mzstatic.com/image/thumb/Music126/v4/b1/9b/95/b19b9506-5696-ad86-1c85-d198503adfbf/816144021906_Cover.jpg/600x600bb.jpg,27.6,33.8,51.0,Pink & Magenta,#514144
Thalía,Latina,2016,13,Latin,https://is1-ssl.mzstatic.com/image/thumb/Music124/v4/33/61/5b/33615b4a-b1c3-7b15-847d-783a630bc39e/886445705560.jpg/100x100bb.jpg,https://is1-ssl.mzstatic.com/image/thumb/Music124/v4/33/61/5b/33615b4a-b1c3-7b15-847d-783a630bc39e/886445705560.jpg/600x600bb.jpg,47.5,19.6,66.2,Warm Red & Orange,#81776e
"Kristen Anderson-Lopez & Robert Lopez, Idina Menzel, Kristen Bell & Christophe Beck",Frozen (Original Motion Picture Soundtrack),2013,32,Latin,https://is1-ssl.mzstatic.com/image/thumb/Music126/v4/4c/5d/31/4c5d3166-3a4b-fb3c-473e-1776ff947466/13DMGIM04437.rgb.jpg/100x100bb.jpg,https://is1-ssl.mzstatic.com/image/thumb/Music126/v4/4c/5d/31/4c5d3166-3a4b-fb3c-473e-1776ff947466/13DMGIM04437.rgb.jpg/600x600bb.jpg,44.9,83.5,33.4,Cool Blue,#228bc0
Fuerza Regida & Grupo Frontera,Bebe Dame - Single,2022,1,Latin,https://is1-ssl.mzstatic.com/image/thumb/Music112/v4/27/4a/eb/274aeb8c-3981-690b-1cbd-f00569d45bb3/196589769763.jpg/100x100bb.jpg,https://is1-ssl.mzstatic.com/image/thumb/Music112/v4/27/4a/eb/274aeb8c-3981-690b-1cbd-f00569d45bb3/196589769763.jpg/600x600bb.jpg,68.6,26.1,43.7,Warm Red & Orange,#c3a991
Bob Marley & The Wailers,Legend – The Best Of Bob Marley & The Wailers,1984,17,Latin,https://is1-ssl.mzstatic.com/image/thumb/Music221/v4/3c/c2/0d/3cc20dcc-8f4e-f060-36dd-7de52a7ec8fe/12UMGIM14712.rgb.jpg/100x100bb.jpg,https://is1-ssl.mzstatic.com/image/thumb/Music221/v4/3c/c2/0d/3cc20dcc-8f4e-f060-36dd-7de52a7ec8fe/12UMGIM14712.rgb.jpg/600x600bb.jpg,27.1,31.8,44.2,Warm Red & Orange,#524135
Ozuna,Odisea,2017,16,Latin,https://is1-ssl.mzstatic.com/image/thumb/Music125/v4/df/7c/1b/df7c1b32-0fca-94f0-866b-ba89e420ca04/697691884103.jpg/100x100bb.jpg,https://is1-ssl.mzstatic.com/image/thumb/Music125/v4/df/7c/1b/df7c1b32-0fca-94f0-866b-ba89e420ca04/697691884103.jpg/600x600bb.jpg,88.8,5.5,59.0,Minimalist White,#e4e1de
Various Artists,Salsa Hits!,2005,14,Latin,https://is1-ssl.mzstatic.com/image/thumb/Features/ad/ac/18/dj.zcezapfo.jpg/100x100bb.jpg,https://is1-ssl.mzstatic.com/image/thumb/Features/ad/ac/18/dj.zcezapfo.jpg/600x600bb.jpg,33.7,63.2,33.3,Green,#575c2e
Various Artists,"Salsa Hits, Vol. 1",2013,15,Latin,https://is1-ssl.mzstatic.com/image/thumb/Music211/v4/27/56/b6/2756b631-2428-1b6d-521a-3d28c09cee23/859725917649_cover.jpg/100x100bb.jpg,https://is1-ssl.mzstatic.com/image/thumb/Music211/v4/27/56/b6/2756b631-2428-1b6d-521a-3d28c09cee23/859725917649_cover.jpg/600x600bb.jpg,47.0,77.7,76.2,Warm Red & Orange,#b16c17
Various Artists,Salsa - los Reyes de la Salsa,2006,10,Latin,https://is1-ssl.mzstatic.com/image/thumb/Music/bc/ef/07/mzi.tavkuypt.jpg/100x100bb.jpg,https://is1-ssl.mzstatic.com/image/thumb/Music/bc/ef/07/mzi.tavkuypt.jpg/600x600bb.jpg,53.5,37.7,48.2,Warm Red & Orange,#9f826c
Various Artists,Salsa Classics Essentials,2006,25,Latin,https://is1-ssl.mzstatic.com/image/thumb/Music/05/6f/54/mzi.gtqpqaiu.jpg/100x100bb.jpg,https://is1-ssl.mzstatic.com/image/thumb/Music/05/6f/54/mzi.gtqpqaiu.jpg/600x600bb.jpg,45.3,55.6,46.1,Warm Red & Orange,#846d66
Angel Balan Latin Project,Salsa Hits!,2023,8,Latin,https://is1-ssl.mzstatic.com/image/thumb/Music211/v4/28/09/90/28099043-dd01-a492-885d-0bc37294e1a6/268.jpg/100x100bb.jpg,https://is1-ssl.mzstatic.com/image/thumb/Music211/v4/28/09/90/28099043-dd01-a492-885d-0bc37294e1a6/268.jpg/600x600bb.jpg,65.6,43.4,67.0,Warm Red & Orange,#d29a78
Aventura,God's Project,2005,15,Latin,https://is1-ssl.mzstatic.com/image/thumb/Music125/v4/2e/e0/db/2ee0db3a-4607-4688-5ed5-a51eda69d49d/dj.phdgvndl.jpg/100x100bb.jpg,https://is1-ssl.mzstatic.com/image/thumb/Music125/v4/2e/e0/db/2ee0db3a-4607-4688-5ed5-a51eda69d49d/dj.phdgvndl.jpg/600x600bb.jpg,42.7,19.5,74.4,Warm Red & Orange,#726c5f
Various Artists,"Salsa 2015 - 20 Original Salsa Hits! (Salsa Romántica y para Bailar: Puertoriqueña, Cubana, Dominicana, Colombiana, Venezolana)",2014,20,Latin,https://is1-ssl.mzstatic.com/image/thumb/Music1/v4/c1/64/49/c1644906-d3fe-a125-a452-94dac28043b2/salsa2015.jpg/100x100bb.jpg,https://is1-ssl.mzstatic.com/image/thumb/Music1/v4/c1/64/49/c1644906-d3fe-a125-a452-94dac28043b2/salsa2015.jpg/600x600bb.jpg,68.8,23.5,48.6,Cool Blue,#b1adb2
Orquesta Harlow,Salsa,1974,8,Latin,https://is1-ssl.mzstatic.com/image/thumb/Music115/v4/38/3c/f3/383cf301-cf89-9174-935b-384d97c83368/18CRGIM08126.rgb.jpg/100x100bb.jpg,https://is1-ssl.mzstatic.com/image/thumb/Music115/v4/38/3c/f3/383cf301-cf89-9174-935b-384d97c83368/18CRGIM08126.rgb.jpg/600x600bb.jpg,23.3,28.9,33.5,Dark & Moody,#463830
Romeo Santos,Utopía,2019,13,Latin,https://is1-ssl.mzstatic.com/image/thumb/Music114/v4/63/62/b8/6362b891-47a6-33dd-bd80-4e6ac4772073/886447616253.jpg/100x100bb.jpg,https://is1-ssl.mzstatic.com/image/thumb/Music114/v4/63/62/b8/6362b891-47a6-33dd-bd80-4e6ac4772073/886447616253.jpg/600x600bb.jpg,44.1,16.1,34.8,Monochrome / Gray,#796e66
Various Artists,Salsa (Original Motion Picture Soundtrack),1988,10,Latin,https://is1-ssl.mzstatic.com/image/thumb/Music128/v4/ab/8f/a5/ab8fa52a-25e8-d4d1-adfd-5a04876fbdca/00602567824244.rgb.jpg/100x100bb.jpg,https://is1-ssl.mzstatic.com/image/thumb/Music128/v4/ab/8f/a5/ab8fa52a-25e8-d4d1-adfd-5a04876fbdca/00602567824244.rgb.jpg/600x600bb.jpg,28.8,58.4,39.0,Warm Red & Orange,#78362e
"Fabián Torres, Albert Torres & Eric German",90's Salsa Hits: Cuando Parará La Lluvia / Ironía / De Mí Enamórate (Live) - Single,2019,1,Latin,https://is1-ssl.mzstatic.com/image/thumb/Music211/v4/65/54/50/655450a3-7d73-5a66-8b31-d5cf66642f63/797885252357_cover.jpg/100x100bb.jpg,https://is1-ssl.mzstatic.com/image/thumb/Music211/v4/65/54/50/655450a3-7d73-5a66-8b31-d5cf66642f63/797885252357_cover.jpg/600x600bb.jpg,15.1,24.9,41.9,Dark & Moody,#2b2423
Willie Colón,Greatest Hits,2008,16,Latin,https://is1-ssl.mzstatic.com/image/thumb/Music114/v4/24/a0/70/24a0707b-f157-64e4-544f-37d4a487cce8/18CRGIM08463.rgb.jpg/100x100bb.jpg,https://is1-ssl.mzstatic.com/image/thumb/Music114/v4/24/a0/70/24a0707b-f157-64e4-544f-37d4a487cce8/18CRGIM08463.rgb.jpg/600x600bb.jpg,20.3,46.3,62.5,Dark & Moody,#273741
A.B. Quintanilla III Presents Kumbia Kings,A.B. Quintanilla III / Kumbia Kings Presents Greatest Hits (Album Versions),2007,12,Latin,https://is1-ssl.mzstatic.com/image/thumb/Music125/v4/6f/75/7f/6f757f11-5769-cde6-c269-d0d20551aeae/13UABIM59325.rgb.jpg/100x100bb.jpg,https://is1-ssl.mzstatic.com/image/thumb/Music125/v4/6f/75/7f/6f757f11-5769-cde6-c269-d0d20551aeae/13UABIM59325.rgb.jpg/600x600bb.jpg,29.4,53.2,50.0,Warm Red & Orange,#674035
Héctor Lavoe,Greatest Hits,2007,14,Latin,https://is1-ssl.mzstatic.com/image/thumb/Music124/v4/44/25/bf/4425bfde-9475-c281-5a0b-21e1986f6d41/18CRGIM08457.rgb.jpg/100x100bb.jpg,https://is1-ssl.mzstatic.com/image/thumb/Music124/v4/44/25/bf/4425bfde-9475-c281-5a0b-21e1986f6d41/18CRGIM08457.rgb.jpg/600x600bb.jpg,15.1,79.0,41.1,Dark & Moody,#41172c
Eddie Santiago,Salsa Greatest Hits,2023,9,Latin,https://is1-ssl.mzstatic.com/image/thumb/Music221/v4/06/8c/24/068c24bb-ff58-25ee-4a87-74a760aaa10f/197931527819.png/100x100bb.jpg,https://is1-ssl.mzstatic.com/image/thumb/Music221/v4/06/8c/24/068c24bb-ff58-25ee-4a87-74a760aaa10f/197931527819.png/600x600bb.jpg,42.1,13.4,77.2,Monochrome / Gray,#706967
Various Artists,SalsaHits 2009,2008,8,Latin,https://is1-ssl.mzstatic.com/image/thumb/Music/d1/e3/94/mzi.dqdrvdur.tif/100x100bb.jpg,https://is1-ssl.mzstatic.com/image/thumb/Music/d1/e3/94/mzi.dqdrvdur.tif/600x600bb.jpg,40.6,54.1,66.6,Warm Red & Orange,#8a5d40
Various Artists,Salsahits 2001,2000,7,Latin,https://is1-ssl.mzstatic.com/image/thumb/Music/82/6a/79/mzi.qbuflzdq.jpg/100x100bb.jpg,https://is1-ssl.mzstatic.com/image/thumb/Music/82/6a/79/mzi.qbuflzdq.jpg/600x600bb.jpg,39.7,59.2,52.5,Warm Red & Orange,#975435
Ruben Blades,Greatest Hits,1983,12,Latin,https://is1-ssl.mzstatic.com/image/thumb/Music124/v4/13/f6/f8/13f6f8fc-0d6a-e459-d8c0-e743fcdb1abe/18CRGIM08391.rgb.jpg/100x100bb.jpg,https://is1-ssl.mzstatic.com/image/thumb/Music124/v4/13/f6/f8/13f6f8fc-0d6a-e459-d8c0-e743fcdb1abe/18CRGIM08391.rgb.jpg/600x600bb.jpg,11.7,49.8,38.3,Dark & Moody,#132029
Prince Royce,Prince Royce,2010,10,Latin,https://is1-ssl.mzstatic.com/image/thumb/Music124/v4/86/71/56/867156c7-401f-b174-51e3-2423609c72fa/886444460651.jpg/100x100bb.jpg,https://is1-ssl.mzstatic.com/image/thumb/Music124/v4/86/71/56/867156c7-401f-b174-51e3-2423609c72fa/886444460651.jpg/600x600bb.jpg,16.0,31.5,36.8,Dark & Moody,#2a2728
NATTI NATASHA & Romeo Santos,La Mejor Versión de Mí (Remix) - Single,2019,1,Latin,https://is1-ssl.mzstatic.com/image/thumb/Music124/v4/2c/82/94/2c82944f-5fda-a9d6-0a50-33424309ca28/194491398255.jpg/100x100bb.jpg,https://is1-ssl.mzstatic.com/image/thumb/Music124/v4/2c/82/94/2c82944f-5fda-a9d6-0a50-33424309ca28/194491398255.jpg/600x600bb.jpg,27.1,60.7,35.2,Cool Blue,#274f5e
Carlos Vives,VIVES,2017,18,Latin,https://is1-ssl.mzstatic.com/image/thumb/Music125/v4/8d/58/3d/8d583d74-d03c-b26e-9b4b-65a32f4eb8b0/886446730196.jpg/100x100bb.jpg,https://is1-ssl.mzstatic.com/image/thumb/Music125/v4/8d/58/3d/8d583d74-d03c-b26e-9b4b-65a32f4eb8b0/886446730196.jpg/600x600bb.jpg,58.4,5.9,83.9,Monochrome / Gray,#949495
Various Artists,Salsa - A Musical History,2008,48,Latin,https://is1-ssl.mzstatic.com/image/thumb/Music124/v4/83/a6/d4/83a6d474-184e-3a67-d234-b08d52631fa9/19CRGIM10595.rgb.jpg/100x100bb.jpg,https://is1-ssl.mzstatic.com/image/thumb/Music124/v4/83/a6/d4/83a6d474-184e-3a67-d234-b08d52631fa9/19CRGIM10595.rgb.jpg/600x600bb.jpg,19.5,26.7,50.9,Dark & Moody,#313134
Aventura,The Last,2009,19,Latin,https://is1-ssl.mzstatic.com/image/thumb/Music124/v4/82/a7/0d/82a70d84-9617-2525-c39b-c72c1942745a/dj.hxcnslvw.jpg/100x100bb.jpg,https://is1-ssl.mzstatic.com/image/thumb/Music124/v4/82/a7/0d/82a70d84-9617-2525-c39b-c72c1942745a/dj.hxcnslvw.jpg/600x600bb.jpg,28.7,22.8,40.7,Green,#414d44
Celia Cruz,Greatest Hits,2008,16,Latin,https://is1-ssl.mzstatic.com/image/thumb/Music124/v4/e2/c1/ac/e2c1ac92-6fba-b755-7b23-ba66248734db/18CRGIM08521.rgb.jpg/100x100bb.jpg,https://is1-ssl.mzstatic.com/image/thumb/Music124/v4/e2/c1/ac/e2c1ac92-6fba-b755-7b23-ba66248734db/18CRGIM08521.rgb.jpg/600x600bb.jpg,21.5,30.5,59.6,Dark & Moody,#3e313f
Ismael Rivera,Greatest Hits,2008,16,Latin,https://is1-ssl.mzstatic.com/image/thumb/Music125/v4/af/bc/3c/afbc3c9a-4758-0794-dad7-728bef54edd9/18CRGIM08525.rgb.jpg/100x100bb.jpg,https://is1-ssl.mzstatic.com/image/thumb/Music125/v4/af/bc/3c/afbc3c9a-4758-0794-dad7-728bef54edd9/18CRGIM08525.rgb.jpg/600x600bb.jpg,22.5,39.0,58.8,Dark & Moody,#273f46
Various Artists,"Salsa Hits Nyc, Vol. 1",2005,15,Latin,https://is1-ssl.mzstatic.com/image/thumb/Music118/v4/9d/d3/d0/9dd3d08e-0601-b951-91e3-1bfa8cda21f4/859726967568_cover.jpg/100x100bb.jpg,https://is1-ssl.mzstatic.com/image/thumb/Music118/v4/9d/d3/d0/9dd3d08e-0601-b951-91e3-1bfa8cda21f4/859726967568_cover.jpg/600x600bb.jpg,53.7,58.0,57.3,Warm Red & Orange,#8c897d
Los Hermanos Colon,English/Salsa Greatest Hits,2006,8,Latin,https://is1-ssl.mzstatic.com/image/thumb/Music/8d/b9/f6/mzi.dfnrayam.tif/100x100bb.jpg,https://is1-ssl.mzstatic.com/image/thumb/Music/8d/b9/f6/mzi.dfnrayam.tif/600x600bb.jpg,50.4,8.3,44.3,Monochrome / Gray,#847d83
Various Artists,Latin Hits 2016 Club Edition - 60 Latin Music Hits,2015,60,Latin,https://is1-ssl.mzstatic.com/image/thumb/Music115/v4/22/4a/91/224a91be-f4c4-3e72-4b38-b8ff338635e9/dj.ixwyutwn.jpg/100x100bb.jpg,https://is1-ssl.mzstatic.com/image/thumb/Music115/v4/22/4a/91/224a91be-f4c4-3e72-4b38-b8ff338635e9/dj.ixwyutwn.jpg/600x600bb.jpg,58.9,32.7,62.6,Cool Blue,#9e8fa4
Various Artists,I Love Salsa 2011 (15 Salsa Hits),2010,15,Latin,https://is1-ssl.mzstatic.com/image/thumb/Music/b6/1b/ef/mzi.oyfppjmt.tif/100x100bb.jpg,https://is1-ssl.mzstatic.com/image/thumb/Music/b6/1b/ef/mzi.oyfppjmt.tif/600x600bb.jpg,55.2,36.8,61.1,Green,#7c958c
Various Artists,Jazz Classics,2023,80,Jazz,https://is1-ssl.mzstatic.com/image/thumb/Music116/v4/78/7a/8b/787a8bbd-8f62-2196-d302-e1778e965036/5059460233133.jpg/100x100bb.jpg,https://is1-ssl.mzstatic.com/image/thumb/Music116/v4/78/7a/8b/787a8bbd-8f62-2196-d302-e1778e965036/5059460233133.jpg/600x600bb.jpg,10.2,64.9,34.0,Dark & Moody,#2b130f
The New York Jazz Trio,Jazz Classics,2023,9,Jazz,https://is1-ssl.mzstatic.com/image/thumb/Music113/v4/11/47/60/11476044-976d-ce6e-cdac-328e692b1a5b/859769587341_cover.jpg/100x100bb.jpg,https://is1-ssl.mzstatic.com/image/thumb/Music113/v4/11/47/60/11476044-976d-ce6e-cdac-328e692b1a5b/859769587341_cover.jpg/600x600bb.jpg,30.5,59.4,34.2,Pink & Magenta,#534a51
Jazz Classics,Lively Background Music for Preparing Dinner,2020,10,Jazz,https://is1-ssl.mzstatic.com/image/thumb/Music114/v4/31/66/74/31667463-c218-4036-d0a0-9437514b217a/679119981670_cover.jpg/100x100bb.jpg,https://is1-ssl.mzstatic.com/image/thumb/Music114/v4/31/66/74/31667463-c218-4036-d0a0-9437514b217a/679119981670_cover.jpg/600x600bb.jpg,25.8,54.4,51.3,Green,#414432
Smooth Jazz All Stars,50 Gospel Jazz Classics,2010,50,Jazz,https://is1-ssl.mzstatic.com/image/thumb/Music115/v4/b6/16/e5/b616e513-80f6-e874-48c4-5837934da763/mzi.rzrnywzy.jpg/100x100bb.jpg,https://is1-ssl.mzstatic.com/image/thumb/Music115/v4/b6/16/e5/b616e513-80f6-e874-48c4-5837934da763/mzi.rzrnywzy.jpg/600x600bb.jpg,55.8,30.4,46.3,Cool Blue,#7d91aa
"Reinhard Mathoy Trio, Cappuccino Hot, Atti Pahl & Blechquintett Brasserie",Jazz Classics,2019,10,Jazz,https://is1-ssl.mzstatic.com/image/thumb/Music126/v4/b3/2d/e3/b32de32a-8e33-a8c7-d0e1-5781b0ebd0f5/cover_9005268770956.jpg/100x100bb.jpg,https://is1-ssl.mzstatic.com/image/thumb/Music126/v4/b3/2d/e3/b32de32a-8e33-a8c7-d0e1-5781b0ebd0f5/cover_9005268770956.jpg/600x600bb.jpg,7.2,13.4,38.0,Dark & Moody,#141015
Modern Classics Ensemble,Jazz Classics,2007,12,Jazz,https://is1-ssl.mzstatic.com/image/thumb/Music/f9/11/9a/mzi.fzemxepa.jpg/100x100bb.jpg,https://is1-ssl.mzstatic.com/image/thumb/Music/f9/11/9a/mzi.fzemxepa.jpg/600x600bb.jpg,38.1,41.9,43.4,Warm Red & Orange,#765a4a
The Ronnie Scott's All Stars,"Jazz Classics (feat. Natalie Williams, James Pearson & Sam Burgess)",2011,11,Jazz,https://is1-ssl.mzstatic.com/image/thumb/Music221/v4/ea/df/a2/eadfa243-afa8-186b-ef1d-f565d4ffc134/847108060327.png/100x100bb.jpg,https://is1-ssl.mzstatic.com/image/thumb/Music221/v4/ea/df/a2/eadfa243-afa8-186b-ef1d-f565d4ffc134/847108060327.png/600x600bb.jpg,11.6,32.0,40.1,Dark & Moody,#211b1e
Red Nichols,Jazz Classics - EP,1928,4,Jazz,https://is1-ssl.mzstatic.com/image/thumb/Music221/v4/c2/77/85/c27785d4-6659-83ac-f7c3-368cc48c37b8/8447181774306.jpg/100x100bb.jpg,https://is1-ssl.mzstatic.com/image/thumb/Music221/v4/c2/77/85/c27785d4-6659-83ac-f7c3-368cc48c37b8/8447181774306.jpg/600x600bb.jpg,43.8,43.6,56.9,Warm Red & Orange,#906452
Howard McGhee,Jazz Classics,2013,21,Jazz,https://is1-ssl.mzstatic.com/image/thumb/Music4/v4/1a/90/60/1a90606d-fe7d-67fd-b488-7b72d7e0deb5/888003170612.jpg/100x100bb.jpg,https://is1-ssl.mzstatic.com/image/thumb/Music4/v4/1a/90/60/1a90606d-fe7d-67fd-b488-7b72d7e0deb5/888003170612.jpg/600x600bb.jpg,26.1,53.7,59.9,Pink & Magenta,#503c3d
Allotria Jazz Band,Jazz Classics,2006,13,Jazz,https://is1-ssl.mzstatic.com/image/thumb/Music/b9/c6/63/mzi.fjenovar.jpg/100x100bb.jpg,https://is1-ssl.mzstatic.com/image/thumb/Music/b9/c6/63/mzi.fjenovar.jpg/600x600bb.jpg,53.9,46.5,51.2,Warm Red & Orange,#a5845a
Woolf Phillips,Jazz Classics,2013,11,Jazz,https://is1-ssl.mzstatic.com/image/thumb/Music/v4/7f/92/04/7f9204f9-687b-7785-3c46-98566fc906bc/887845586438.jpg/100x100bb.jpg,https://is1-ssl.mzstatic.com/image/thumb/Music/v4/7f/92/04/7f9204f9-687b-7785-3c46-98566fc906bc/887845586438.jpg/600x600bb.jpg,71.2,18.6,68.3,Green,#b3b6b4
Danny Gottlieb & The Nairobi Trio,Jazz Classics,2005,7,Jazz,https://is1-ssl.mzstatic.com/image/thumb/Music6/v4/95/4f/92/954f92a1-a705-76be-41f1-66a447ec58a9/cover.jpg/100x100bb.jpg,https://is1-ssl.mzstatic.com/image/thumb/Music6/v4/95/4f/92/954f92a1-a705-76be-41f1-66a447ec58a9/cover.jpg/600x600bb.jpg,25.8,2.8,18.0,Monochrome / Gray,#424142
Sonja Hopkins,Jazz Classics - EP,2023,4,Jazz,https://is1-ssl.mzstatic.com/image/thumb/Music116/v4/6e/74/b3/6e74b3c9-0988-d317-50cb-98afbf1af67b/859746352696_cover.jpg/100x100bb.jpg,https://is1-ssl.mzstatic.com/image/thumb/Music116/v4/6e/74/b3/6e74b3c9-0988-d317-50cb-98afbf1af67b/859746352696_cover.jpg/600x600bb.jpg,22.1,36.5,34.1,Dark & Moody,#45332c
Mark Eisenman,Jazz Classics (feat. Steve Wallace & John Sumner),2021,9,Jazz,https://is1-ssl.mzstatic.com/image/thumb/Music221/v4/97/32/10/973210e5-cbd4-4412-da14-b6c322897498/195497537235.jpg/100x100bb.jpg,https://is1-ssl.mzstatic.com/image/thumb/Music221/v4/97/32/10/973210e5-cbd4-4412-da14-b6c322897498/195497537235.jpg/600x600bb.jpg,27.3,46.4,46.8,Warm Red & Orange,#5d3d2f
Dave Herridge,Jazz Classics,2020,8,Jazz,https://is1-ssl.mzstatic.com/image/thumb/Music123/v4/6a/83/7d/6a837d00-d2ef-fccd-092b-7cdd4106d9bf/5059435782871_cover.jpg/100x100bb.jpg,https://is1-ssl.mzstatic.com/image/thumb/Music123/v4/6a/83/7d/6a837d00-d2ef-fccd-092b-7cdd4106d9bf/5059435782871_cover.jpg/600x600bb.jpg,42.5,22.2,41.1,Green,#657165
Smooth Jazz All Stars,50 Smooth Jazz Classics,2010,50,Jazz,https://is1-ssl.mzstatic.com/image/thumb/Music/79/66/97/mzi.wlbuulei.jpg/100x100bb.jpg,https://is1-ssl.mzstatic.com/image/thumb/Music/79/66/97/mzi.wlbuulei.jpg/600x600bb.jpg,62.1,51.5,42.8,Warm Red & Orange,#c89659
Jazz Classics,Yonder Comes the Blues,1992,19,Jazz,https://is1-ssl.mzstatic.com/image/thumb/Music69/v4/f6/bd/e6/f6bde6b7-3172-389c-6dc1-4525ea7f6949/190374447096.jpg/100x100bb.jpg,https://is1-ssl.mzstatic.com/image/thumb/Music69/v4/f6/bd/e6/f6bde6b7-3172-389c-6dc1-4525ea7f6949/190374447096.jpg/600x600bb.jpg,42.2,32.4,48.0,Cool Blue,#607071
Dj T LICIOUS,JAZZ CLASSICS - Single,2026,3,Jazz,https://is1-ssl.mzstatic.com/image/thumb/Music211/v4/c1/d6/6e/c1d66e2c-d582-8341-68ab-1d8e26928d74/artwork.jpg/100x100bb.jpg,https://is1-ssl.mzstatic.com/image/thumb/Music211/v4/c1/d6/6e/c1d66e2c-d582-8341-68ab-1d8e26928d74/artwork.jpg/600x600bb.jpg,12.8,40.9,25.5,Dark & Moody,#281e16
Sienna Blue Jazz Classics,Jazz Classics - Single,2026,3,Jazz,https://is1-ssl.mzstatic.com/image/thumb/Music221/v4/6c/d2/c2/6cd2c208-ba8f-9f40-d561-639c83465b20/artwork.jpg/100x100bb.jpg,https://is1-ssl.mzstatic.com/image/thumb/Music221/v4/6c/d2/c2/6cd2c208-ba8f-9f40-d561-639c83465b20/artwork.jpg/600x600bb.jpg,9.7,67.1,26.9,Dark & Moody,#23150b
Jazz Classics,Music for Cooking (Tenor Saxophone),2020,10,Jazz,https://is1-ssl.mzstatic.com/image/thumb/Music114/v4/c9/3b/20/c93b20e4-b6d7-7372-f23f-0881aae10c0e/679119981625_cover.jpg/100x100bb.jpg,https://is1-ssl.mzstatic.com/image/thumb/Music114/v4/c9/3b/20/c93b20e4-b6d7-7372-f23f-0881aae10c0e/679119981625_cover.jpg/600x600bb.jpg,15.7,46.1,45.7,Dark & Moody,#302423
Aphex Twin,Classics (Remastered),1995,13,Jazz,https://is1-ssl.mzstatic.com/image/thumb/Music211/v4/94/0e/e2/940ee299-7cac-3037-6e09-073e55df7023/cover.jpg/100x100bb.jpg,https://is1-ssl.mzstatic.com/image/thumb/Music211/v4/94/0e/e2/940ee299-7cac-3037-6e09-073e55df7023/cover.jpg/600x600bb.jpg,82.5,14.8,7.4,Minimalist White,#c0d8e0
Jazz Classics,Modern Bossanova - Bgm for Preparing Dinner,2020,10,Jazz,https://is1-ssl.mzstatic.com/image/thumb/Music114/v4/6d/49/ba/6d49ba3c-58d1-e261-1919-8eafb214bcaf/679119981649_cover.jpg/100x100bb.jpg,https://is1-ssl.mzstatic.com/image/thumb/Music114/v4/6d/49/ba/6d49ba3c-58d1-e261-1919-8eafb214bcaf/679119981649_cover.jpg/600x600bb.jpg,34.0,76.0,46.0,Green,#1f7549
Jazz Classics,Chilled Bgm for Cooking Dinner,2020,10,Jazz,https://is1-ssl.mzstatic.com/image/thumb/Music124/v4/0f/7b/f7/0f7bf784-417e-9ba5-ccd9-8e90176c79f6/679119981663_cover.jpg/100x100bb.jpg,https://is1-ssl.mzstatic.com/image/thumb/Music124/v4/0f/7b/f7/0f7bf784-417e-9ba5-ccd9-8e90176c79f6/679119981663_cover.jpg/600x600bb.jpg,50.0,19.6,80.6,Warm Red & Orange,#818072
Tim Moran,Jazz Classics,2024,9,Jazz,https://is1-ssl.mzstatic.com/image/thumb/Music211/v4/8e/1d/e8/8e1de8a3-8ac5-f0a0-7a88-8eea09a443d2/199999091301.png/100x100bb.jpg,https://is1-ssl.mzstatic.com/image/thumb/Music211/v4/8e/1d/e8/8e1de8a3-8ac5-f0a0-7a88-8eea09a443d2/199999091301.png/600x600bb.jpg,68.8,19.0,50.0,Warm Red & Orange,#c0a9a2
Various Artists,Jazz Classics (Slowed + Reverb),2025,28,Jazz,https://is1-ssl.mzstatic.com/image/thumb/Music221/v4/11/16/c3/1116c3d5-175d-de51-dea5-53f3f1e300f3/741869412237.jpg/100x100bb.jpg,https://is1-ssl.mzstatic.com/image/thumb/Music221/v4/11/16/c3/1116c3d5-175d-de51-dea5-53f3f1e300f3/741869412237.jpg/600x600bb.jpg,37.7,30.0,57.5,Cool Blue,#675875
Jazz Classics,Echoes of Staying Focused,2020,10,Jazz,https://is1-ssl.mzstatic.com/image/thumb/Music114/v4/3c/e3/37/3ce3374f-c226-9eef-f2ed-5d69491d4480/679119770120_cover.jpg/100x100bb.jpg,https://is1-ssl.mzstatic.com/image/thumb/Music114/v4/3c/e3/37/3ce3374f-c226-9eef-f2ed-5d69491d4480/679119770120_cover.jpg/600x600bb.jpg,42.1,17.1,74.1,Monochrome / Gray,#666d6f
Jazz Classics,Tenor Saxophone Solo (Music for Quarantine),2020,10,Jazz,https://is1-ssl.mzstatic.com/image/thumb/Music114/v4/3f/98/9c/3f989c95-428c-e6c8-c4c9-b995412fdb25/679119981656_cover.jpg/100x100bb.jpg,https://is1-ssl.mzstatic.com/image/thumb/Music114/v4/3f/98/9c/3f989c95-428c-e6c8-c4c9-b995412fdb25/679119981656_cover.jpg/600x600bb.jpg,25.3,36.1,36.8,Warm Red & Orange,#4f3b31
Bill Evans Trio,Waltz for Debby (Original Jazz Classics Remasters) [with Paul Motian & Scott LaFaro],2010,12,Jazz,https://is1-ssl.mzstatic.com/image/thumb/Music126/v4/28/a1/59/28a1595d-5592-2490-0399-1c802c34e327/10CMGIM00782.rgb.jpg/100x100bb.jpg,https://is1-ssl.mzstatic.com/image/thumb/Music126/v4/28/a1/59/28a1595d-5592-2490-0399-1c802c34e327/10CMGIM00782.rgb.jpg/600x600bb.jpg,25.3,40.4,71.5,Pink & Magenta,#4b3b3f
Jazz Classics,High Class Backdrop for WFH,2020,10,Jazz,https://is1-ssl.mzstatic.com/image/thumb/Music124/v4/60/e8/8a/60e88a55-869e-745c-700e-a318ea39901e/679119770113_cover.jpg/100x100bb.jpg,https://is1-ssl.mzstatic.com/image/thumb/Music124/v4/60/e8/8a/60e88a55-869e-745c-700e-a318ea39901e/679119770113_cover.jpg/600x600bb.jpg,65.9,15.5,24.4,Monochrome / Gray,#afa795
"Café Jazz, Jazz Classics & Great Jazz","Under the Jazz Club Lights, One-Night Romance",2023,10,Jazz,https://is1-ssl.mzstatic.com/image/thumb/Music116/v4/7d/2b/a8/7d2ba84b-906d-c308-f9a2-252c6bcc722c/1963621846664_cover.jpg/100x100bb.jpg,https://is1-ssl.mzstatic.com/image/thumb/Music116/v4/7d/2b/a8/7d2ba84b-906d-c308-f9a2-252c6bcc722c/1963621846664_cover.jpg/600x600bb.jpg,29.1,48.2,52.3,Warm Red & Orange,#604333
Various Artists,Modern Jazz,2006,7,Jazz,https://is1-ssl.mzstatic.com/image/thumb/Music/84/23/79/mzi.kmbfyigd.jpg/100x100bb.jpg,https://is1-ssl.mzstatic.com/image/thumb/Music/84/23/79/mzi.kmbfyigd.jpg/600x600bb.jpg,36.3,35.9,56.4,Pink & Magenta,#72515b
Norah Jones,Come Away with Me (Remastered),2002,14,Jazz,https://is1-ssl.mzstatic.com/image/thumb/Music122/v4/a0/a0/8d/a0a08df2-390b-ad05-0d32-6673bcf7a2a9/13UABIM02784.rgb.jpg/100x100bb.jpg,https://is1-ssl.mzstatic.com/image/thumb/Music122/v4/a0/a0/8d/a0a08df2-390b-ad05-0d32-6673bcf7a2a9/13UABIM02784.rgb.jpg/600x600bb.jpg,25.7,30.4,83.4,Pink & Magenta,#473e43
Oscar Peterson Trio,Modern Jazz,2008,8,Jazz,https://is1-ssl.mzstatic.com/image/thumb/Music/00/89/45/mzi.eozblzns.jpg/100x100bb.jpg,https://is1-ssl.mzstatic.com/image/thumb/Music/00/89/45/mzi.eozblzns.jpg/600x600bb.jpg,39.4,46.8,83.8,Warm Red & Orange,#6f605e
George Benson,Breezin',1976,6,Jazz,https://is1-ssl.mzstatic.com/image/thumb/Music115/v4/cb/37/9a/cb379acc-ee1e-920e-c287-6a8a0ed4c099/603497888269.jpg/100x100bb.jpg,https://is1-ssl.mzstatic.com/image/thumb/Music115/v4/cb/37/9a/cb379acc-ee1e-920e-c287-6a8a0ed4c099/603497888269.jpg/600x600bb.jpg,55.4,23.7,87.8,Warm Red & Orange,#998a7b
berlioz,jazz is for ordinary people - EP,2023,5,Jazz,https://is1-ssl.mzstatic.com/image/thumb/Music116/v4/69/46/bc/6946bc69-592b-3082-d4fe-16c836c8b8d6/5063072613139.png/100x100bb.jpg,https://is1-ssl.mzstatic.com/image/thumb/Music116/v4/69/46/bc/6946bc69-592b-3082-d4fe-16c836c8b8d6/5063072613139.png/600x600bb.jpg,87.0,11.8,38.0,Minimalist White,#e0ddd9
Jimmy Smith,Modern Jazz,2008,7,Jazz,https://is1-ssl.mzstatic.com/image/thumb/Music/b0/a9/2d/mzi.ehfvosdh.jpg/100x100bb.jpg,https://is1-ssl.mzstatic.com/image/thumb/Music/b0/a9/2d/mzi.ehfvosdh.jpg/600x600bb.jpg,39.5,46.8,84.2,Warm Red & Orange,#6f605e
Bri Babineaux,Make Me Over - Single,2017,1,Jazz,https://is1-ssl.mzstatic.com/image/thumb/Music114/v4/f4/a9/54/f4a95477-c6c6-1c90-d7d3-f2e9889fa390/014998422553.jpg/100x100bb.jpg,https://is1-ssl.mzstatic.com/image/thumb/Music114/v4/f4/a9/54/f4a95477-c6c6-1c90-d7d3-f2e9889fa390/014998422553.jpg/600x600bb.jpg,72.8,30.7,15.9,Cool Blue,#90cacf
Terrace Martin,Velvet Portraits,2016,14,Jazz,https://is1-ssl.mzstatic.com/image/thumb/Music122/v4/df/ae/03/dfae0311-1791-1739-f1c3-6beb5a709a55/824833010889_cover.jpg/100x100bb.jpg,https://is1-ssl.mzstatic.com/image/thumb/Music122/v4/df/ae/03/dfae0311-1791-1739-f1c3-6beb5a709a55/824833010889_cover.jpg/600x600bb.jpg,71.2,41.2,41.6,Warm Red & Orange,#ccb57a
Diana Krall,Live In Paris,2002,12,Jazz,https://is1-ssl.mzstatic.com/image/thumb/Music221/v4/3d/f3/16/3df316ce-687a-3fa1-6660-6eca694f7502/06UMGIM08726.rgb.jpg/100x100bb.jpg,https://is1-ssl.mzstatic.com/image/thumb/Music221/v4/3d/f3/16/3df316ce-687a-3fa1-6660-6eca694f7502/06UMGIM08726.rgb.jpg/600x600bb.jpg,48.0,6.2,42.4,Monochrome / Gray,#787a7d
George Benson,Give Me the Night,1980,10,Jazz,https://is1-ssl.mzstatic.com/image/thumb/Music124/v4/77/ef/c2/77efc2f1-1296-4117-94f2-bab1d27db761/mzi.bqejlnju.jpg/100x100bb.jpg,https://is1-ssl.mzstatic.com/image/thumb/Music124/v4/77/ef/c2/77efc2f1-1296-4117-94f2-bab1d27db761/mzi.bqejlnju.jpg/600x600bb.jpg,37.8,32.1,45.4,Green,#576754
PulpFusion,Modern Jazz,2013,17,Jazz,https://is1-ssl.mzstatic.com/image/thumb/Music/v4/0f/ab/fa/0fabfa05-42be-f36a-73a3-01cc6fa49f66/5050580603363.jpg/100x100bb.jpg,https://is1-ssl.mzstatic.com/image/thumb/Music/v4/0f/ab/fa/0fabfa05-42be-f36a-73a3-01cc6fa49f66/5050580603363.jpg/600x600bb.jpg,53.0,38.0,60.4,Warm Red & Orange,#94846f
Samara Joy,Linger Awhile,2022,10,Jazz,https://is1-ssl.mzstatic.com/image/thumb/Music112/v4/3c/1f/b8/3c1fb8bc-0b20-19c0-0993-250b8091b7d9/22UMGIM80456.rgb.jpg/100x100bb.jpg,https://is1-ssl.mzstatic.com/image/thumb/Music112/v4/3c/1f/b8/3c1fb8bc-0b20-19c0-0993-250b8091b7d9/22UMGIM80456.rgb.jpg/600x600bb.jpg,32.7,63.1,40.6,Pink & Magenta,#8b3945
PJ Morton,Gospel According to PJ,2020,13,Jazz,https://is1-ssl.mzstatic.com/image/thumb/Music125/v4/59/a6/93/59a69397-f6d2-6dc4-0029-1bfa51cd7d41/014998423468.jpg/100x100bb.jpg,https://is1-ssl.mzstatic.com/image/thumb/Music125/v4/59/a6/93/59a69397-f6d2-6dc4-0029-1bfa51cd7d41/014998423468.jpg/600x600bb.jpg,50.3,30.8,50.4,Warm Red & Orange,#977674
PJ Morton,All in His Plan (feat. Le'Andria Johnson & Mary Mary) - Single,2019,1,Jazz,https://is1-ssl.mzstatic.com/image/thumb/Music113/v4/ac/ee/e4/aceee494-8911-c644-b497-bc79ac5f9ed6/014998423406.jpg/100x100bb.jpg,https://is1-ssl.mzstatic.com/image/thumb/Music113/v4/ac/ee/e4/aceee494-8911-c644-b497-bc79ac5f9ed6/014998423406.jpg/600x600bb.jpg,23.9,33.5,47.6,Dark & Moody,#453744
Yussef Dayes,Black Classical Music,2023,19,Jazz,https://is1-ssl.mzstatic.com/image/thumb/Music126/v4/d4/21/b3/d421b356-6a90-dbad-de33-cfe591eb32e6/075597903331.jpg/100x100bb.jpg,https://is1-ssl.mzstatic.com/image/thumb/Music126/v4/d4/21/b3/d421b356-6a90-dbad-de33-cfe591eb32e6/075597903331.jpg/600x600bb.jpg,31.1,32.8,59.5,Green,#47524f
Esperanza Spalding,Esperanza,2008,12,Jazz,https://is1-ssl.mzstatic.com/image/thumb/Music124/v4/53/a8/f8/53a8f895-d123-2085-3953-a78a2dd09407/00053361314026.rgb.jpg/100x100bb.jpg,https://is1-ssl.mzstatic.com/image/thumb/Music124/v4/53/a8/f8/53a8f895-d123-2085-3953-a78a2dd09407/00053361314026.rgb.jpg/600x600bb.jpg,38.2,33.6,62.0,Warm Red & Orange,#7c574c
Robert Glasper,Let Go,2024,13,Jazz,https://is1-ssl.mzstatic.com/image/thumb/Music221/v4/a2/09/4e/a2094eb5-0945-1a31-46f5-9aebd7c25164/24CRGIM41829.rgb.jpg/100x100bb.jpg,https://is1-ssl.mzstatic.com/image/thumb/Music221/v4/a2/09/4e/a2094eb5-0945-1a31-46f5-9aebd7c25164/24CRGIM41829.rgb.jpg/600x600bb.jpg,51.2,23.2,46.8,Pink & Magenta,#937b7d
Kamasi Washington,The Epic,2015,17,Jazz,https://is1-ssl.mzstatic.com/image/thumb/Music3/v4/ee/f3/42/eef342b0-6024-1bb3-15db-426aa5ee1eb8/kw_1400.jpg/100x100bb.jpg,https://is1-ssl.mzstatic.com/image/thumb/Music3/v4/ee/f3/42/eef342b0-6024-1bb3-15db-426aa5ee1eb8/kw_1400.jpg/600x600bb.jpg,39.6,0.0,42.6,Monochrome / Gray,#646464
Metallica,The Metallica Blacklist,2021,53,Jazz,https://is1-ssl.mzstatic.com/image/thumb/Music115/v4/ed/fe/b0/edfeb093-1dc2-86ff-db02-69912e370255/810083960050.png/100x100bb.jpg,https://is1-ssl.mzstatic.com/image/thumb/Music115/v4/ed/fe/b0/edfeb093-1dc2-86ff-db02-69912e370255/810083960050.png/600x600bb.jpg,13.2,0.0,42.9,Dark & Moody,#212121
Woody Herman and His Orchestra,Modern Jazz,1958,13,Jazz,https://is1-ssl.mzstatic.com/image/thumb/Music/a1/d8/76/mzi.zgsjtqul.jpg/100x100bb.jpg,https://is1-ssl.mzstatic.com/image/thumb/Music/a1/d8/76/mzi.zgsjtqul.jpg/600x600bb.jpg,38.6,44.9,82.0,Warm Red & Orange,#6b5e5e
Jacob Collier,Time Alone with You (Feat. Daniel Caesar) - Single,2019,1,Jazz,https://is1-ssl.mzstatic.com/image/thumb/Music115/v4/e5/b3/d9/e5b3d9ce-4f2c-dc05-3e31-36d81156e25c/19UM1IM03471.rgb.jpg/100x100bb.jpg,https://is1-ssl.mzstatic.com/image/thumb/Music115/v4/e5/b3/d9/e5b3d9ce-4f2c-dc05-3e31-36d81156e25c/19UM1IM03471.rgb.jpg/600x600bb.jpg,7.1,60.6,13.4,Dark & Moody,#0a1321
Pat Metheny,Dream Box,2023,9,Jazz,https://is1-ssl.mzstatic.com/image/thumb/Music126/v4/3f/98/7b/3f987b5c-6361-cf5e-a8a4-790bbba6bd5d/4050538891669.jpg/100x100bb.jpg,https://is1-ssl.mzstatic.com/image/thumb/Music126/v4/3f/98/7b/3f987b5c-6361-cf5e-a8a4-790bbba6bd5d/4050538891669.jpg/600x600bb.jpg,22.0,39.4,29.3,Dark & Moody,#423332
"Floating Points, Pharoah Sanders, London Symphony Orchestra & Sam Shepherd",Promises (feat. London Symphony Orchestra),2021,9,Jazz,https://is1-ssl.mzstatic.com/image/thumb/Music126/v4/af/dc/6b/afdc6b88-b275-de4e-3098-63dff171dffb/680899009720.jpg/100x100bb.jpg,https://is1-ssl.mzstatic.com/image/thumb/Music126/v4/af/dc/6b/afdc6b88-b275-de4e-3098-63dff171dffb/680899009720.jpg/600x600bb.jpg,89.5,4.2,26.0,Minimalist White,#e4e5de
Julian Lage,View With A Room,2022,10,Jazz,https://is1-ssl.mzstatic.com/image/thumb/Music112/v4/98/29/74/982974ce-8753-36de-6bdf-8f9535cd9f85/22UMGIM33691.rgb.jpg/100x100bb.jpg,https://is1-ssl.mzstatic.com/image/thumb/Music112/v4/98/29/74/982974ce-8753-36de-6bdf-8f9535cd9f85/22UMGIM33691.rgb.jpg/600x600bb.jpg,45.8,30.4,12.8,Green,#697d69
Casiopea,MINT JAMS (Live),1982,7,Jazz,https://is1-ssl.mzstatic.com/image/thumb/Music125/v4/b2/54/db/b254dbdb-0661-034e-7f7a-04fa43231531/4582290414003.jpg/100x100bb.jpg,https://is1-ssl.mzstatic.com/image/thumb/Music125/v4/b2/54/db/b254dbdb-0661-034e-7f7a-04fa43231531/4582290414003.jpg/600x600bb.jpg,73.6,32.7,69.2,Green,#b3c3aa
Pat Metheny,One Quiet Night,2003,13,Jazz,https://is1-ssl.mzstatic.com/image/thumb/Music221/v4/da/99/67/da9967c9-9a05-4771-ea64-77be1dc92ed8/075597983296_Cover.jpg/100x100bb.jpg,https://is1-ssl.mzstatic.com/image/thumb/Music221/v4/da/99/67/da9967c9-9a05-4771-ea64-77be1dc92ed8/075597983296_Cover.jpg/600x600bb.jpg,44.5,40.5,69.0,Warm Red & Orange,#7a744e
Thundercat,The Golden Age of Apocalypse,2011,13,Jazz,https://is1-ssl.mzstatic.com/image/thumb/Music124/v4/71/f2/e3/71f2e3e0-b799-3315-9f91-ea9bfebb58db/mzi.isjazqfb.jpg/100x100bb.jpg,https://is1-ssl.mzstatic.com/image/thumb/Music124/v4/71/f2/e3/71f2e3e0-b799-3315-9f91-ea9bfebb58db/mzi.isjazqfb.jpg/600x600bb.jpg,87.7,33.1,17.7,Warm Red & Orange,#eee4a0
Esperanza Spalding,Emily's D+Evolution (Deluxe Edition),2016,14,Jazz,https://is1-ssl.mzstatic.com/image/thumb/Music128/v4/be/ce/10/bece103a-6e8d-4844-4436-de168eb022c9/00888072391482.rgb.jpg/100x100bb.jpg,https://is1-ssl.mzstatic.com/image/thumb/Music128/v4/be/ce/10/bece103a-6e8d-4844-4436-de168eb022c9/00888072391482.rgb.jpg/600x600bb.jpg,61.9,27.8,44.6,Warm Red & Orange,#ad9a82
Bri Babineaux,My Hands Are Lifted Up - Single,2017,1,Jazz,https://is1-ssl.mzstatic.com/image/thumb/Music128/v4/b9/08/b8/b908b8b1-ce1a-96ec-f12b-04e221cb434c/014998422546.jpg/100x100bb.jpg,https://is1-ssl.mzstatic.com/image/thumb/Music128/v4/b9/08/b8/b908b8b1-ce1a-96ec-f12b-04e221cb434c/014998422546.jpg/600x600bb.jpg,71.0,30.9,19.4,Cool Blue,#8ec4ca
John P. Kee and New Life,Life And Favor,2012,13,Jazz,https://is1-ssl.mzstatic.com/image/thumb/Music221/v4/a9/4e/92/a94e9268-401e-1638-32a7-e4295f113cb1/014998426766.jpg/100x100bb.jpg,https://is1-ssl.mzstatic.com/image/thumb/Music221/v4/a9/4e/92/a94e9268-401e-1638-32a7-e4295f113cb1/014998426766.jpg/600x600bb.jpg,18.8,56.9,30.7,Dark & Moody,#4d2226
Smooth Jazz,Blue Notes: Chillout Jazz,2024,30,Jazz,https://is1-ssl.mzstatic.com/image/thumb/Music221/v4/d7/31/df/d731df34-a212-7cfd-6fec-7836302bdceb/cover_10326010.jpg/100x100bb.jpg,https://is1-ssl.mzstatic.com/image/thumb/Music221/v4/d7/31/df/d731df34-a212-7cfd-6fec-7836302bdceb/cover_10326010.jpg/600x600bb.jpg,23.6,72.6,41.2,Dark & Moody,#1b4853
Background Instrumental Jazz,Blue Notes: Jazz Piano,2024,30,Jazz,https://is1-ssl.mzstatic.com/image/thumb/Music221/v4/98/a1/db/98a1db66-5cef-e1bf-a535-7dd5d40fd61e/cover_10317896.jpg/100x100bb.jpg,https://is1-ssl.mzstatic.com/image/thumb/Music221/v4/98/a1/db/98a1db66-5cef-e1bf-a535-7dd5d40fd61e/cover_10317896.jpg/600x600bb.jpg,25.5,64.9,34.9,Cool Blue,#254864
The Blue Notes,Where Is My Mind? (Piano Version),2015,1,Jazz,https://is1-ssl.mzstatic.com/image/thumb/Music124/v4/bc/ee/b0/bceeb0c6-c14a-7a42-7a42-512d5e99f555/dj.vdnnhloc.jpg/100x100bb.jpg,https://is1-ssl.mzstatic.com/image/thumb/Music124/v4/bc/ee/b0/bceeb0c6-c14a-7a42-7a42-512d5e99f555/dj.vdnnhloc.jpg/600x600bb.jpg,29.9,80.9,32.5,Cool Blue,#18606b
Robert Glasper,Blue Note Jazz Series: Robert Glasper - Single,2006,3,Jazz,https://is1-ssl.mzstatic.com/image/thumb/Music/v4/14/d8/db/14d8dbd2-b8ba-710c-412a-5cf2958dc410/00094636636559.jpg/100x100bb.jpg,https://is1-ssl.mzstatic.com/image/thumb/Music/v4/14/d8/db/14d8dbd2-b8ba-710c-412a-5cf2958dc410/00094636636559.jpg/600x600bb.jpg,37.6,65.3,58.2,Warm Red & Orange,#925415
Art Tatum,Jewels in the Treasure Box: The Chicago Blue Note Jazz Recordings (Live),2024,40,Jazz,https://is1-ssl.mzstatic.com/image/thumb/Music122/v4/63/86/72/638672b7-2063-4092-f224-f90ab20c7d40/617270123409_Cover.jpg/100x100bb.jpg,https://is1-ssl.mzstatic.com/image/thumb/Music122/v4/63/86/72/638672b7-2063-4092-f224-f90ab20c7d40/617270123409_Cover.jpg/600x600bb.jpg,31.5,10.9,68.3,Monochrome / Gray,#50504e
Sol Rising,Blue Notes (feat. Max Ribner) - Single,2019,1,Jazz,https://is1-ssl.mzstatic.com/image/thumb/Music123/v4/4b/8f/15/4b8f153c-17f4-f59b-c455-f90b82b97f52/artwork.jpg/100x100bb.jpg,https://is1-ssl.mzstatic.com/image/thumb/Music123/v4/4b/8f/15/4b8f153c-17f4-f59b-c455-f90b82b97f52/artwork.jpg/600x600bb.jpg,43.5,82.6,6.7,Cool Blue,#1e8bae
Harold Melvin & The Blue Notes,Harold Melvin & The Blue Notes (feat. Teddy Pendergrass),1972,8,Jazz,https://is1-ssl.mzstatic.com/image/thumb/Music125/v4/7d/c6/22/7dc622b5-aeaf-992f-8ff4-1bbd1e6a1734/886449162543.jpg/100x100bb.jpg,https://is1-ssl.mzstatic.com/image/thumb/Music125/v4/7d/c6/22/7dc622b5-aeaf-992f-8ff4-1bbd1e6a1734/886449162543.jpg/600x600bb.jpg,22.6,32.0,38.0,Dark & Moody,#2b3d4c
Orbert Davis,Blue Notes,2004,10,Jazz,https://is1-ssl.mzstatic.com/image/thumb/Music/y2005/m02/d15/h05/s05.lozmmute.tif/100x100bb.jpg,https://is1-ssl.mzstatic.com/image/thumb/Music/y2005/m02/d15/h05/s05.lozmmute.tif/600x600bb.jpg,34.1,29.7,40.0,Cool Blue,#535374
Michael Yanis,Blue Notes - Single,2025,1,Jazz,https://is1-ssl.mzstatic.com/image/thumb/Music221/v4/98/bc/66/98bc6679-4259-d4cf-ddbf-61a9ab20fed1/199337610751.jpg/100x100bb.jpg,https://is1-ssl.mzstatic.com/image/thumb/Music221/v4/98/bc/66/98bc6679-4259-d4cf-ddbf-61a9ab20fed1/199337610751.jpg/600x600bb.jpg,44.4,66.7,66.3,Cool Blue,#457da5
Harold Melvin & The Blue Notes,I Miss You (Expanded Edition) [feat. Teddy Pendergrass],1972,11,Jazz,https://is1-ssl.mzstatic.com/image/thumb/Music111/v4/cd/60/f3/cd60f30f-e1d6-e407-0223-1b7fea2c7140/886446403847.jpg/100x100bb.jpg,https://is1-ssl.mzstatic.com/image/thumb/Music111/v4/cd/60/f3/cd60f30f-e1d6-e407-0223-1b7fea2c7140/886446403847.jpg/600x600bb.jpg,41.3,20.4,78.4,Warm Red & Orange,#746562
Harold Melvin & The Blue Notes,Wake Up Everybody (feat. Teddy Pendergrass),1975,8,Jazz,https://is1-ssl.mzstatic.com/image/thumb/Music114/v4/0a/e3/79/0ae37983-b643-f276-26f0-69354fcd37ec/886973401026.jpg/100x100bb.jpg,https://is1-ssl.mzstatic.com/image/thumb/Music114/v4/0a/e3/79/0ae37983-b643-f276-26f0-69354fcd37ec/886973401026.jpg/600x600bb.jpg,27.9,50.2,33.5,Green,#345335
Harold Melvin & The Blue Notes,To Be True (Expanded Edition) [feat. Teddy Pendergrass],1974,10,Jazz,https://is1-ssl.mzstatic.com/image/thumb/Music125/v4/3a/2d/f7/3a2df73d-79a7-0cd4-1319-7afb95892671/886446424187.jpg/100x100bb.jpg,https://is1-ssl.mzstatic.com/image/thumb/Music125/v4/3a/2d/f7/3a2df73d-79a7-0cd4-1319-7afb95892671/886446424187.jpg/600x600bb.jpg,71.8,6.9,84.1,Monochrome / Gray,#b6b7b5
Miles Davis,Kind of Blue,1959,5,Jazz,https://is1-ssl.mzstatic.com/image/thumb/Music/7f/9f/d6/mzi.vtnaewef.jpg/100x100bb.jpg,https://is1-ssl.mzstatic.com/image/thumb/Music/7f/9f/d6/mzi.vtnaewef.jpg/600x600bb.jpg,17.1,11.2,32.5,Dark & Moody,#2a2b2c
Madlib,Shades of Blue: Madlib Invades Blue Note,2003,16,Jazz,https://is1-ssl.mzstatic.com/image/thumb/Music124/v4/0d/96/1d/0d961d09-8e54-e2f5-f5ce-b08690b1e797/00602537641079.rgb.jpg/100x100bb.jpg,https://is1-ssl.mzstatic.com/image/thumb/Music124/v4/0d/96/1d/0d961d09-8e54-e2f5-f5ce-b08690b1e797/00602537641079.rgb.jpg/600x600bb.jpg,15.6,52.3,30.0,Dark & Moody,#172c3b
Miilano,Blue Notes - Single,2022,1,Jazz,https://is1-ssl.mzstatic.com/image/thumb/Music122/v4/53/d5/6f/53d56f23-5c61-bf6f-c156-44046364f165/1963620864805_cover.jpg/100x100bb.jpg,https://is1-ssl.mzstatic.com/image/thumb/Music122/v4/53/d5/6f/53d56f23-5c61-bf6f-c156-44046364f165/1963620864805_cover.jpg/600x600bb.jpg,32.3,63.6,57.5,Cool Blue,#46536c
Meek Mill,Blue Notes 2 (feat. Lil Uzi Vert) - Single,2021,1,Jazz,https://is1-ssl.mzstatic.com/image/thumb/Music115/v4/29/62/5c/29625c13-60dd-2328-ba3c-e300548cf8f6/075679770714.jpg/100x100bb.jpg,https://is1-ssl.mzstatic.com/image/thumb/Music115/v4/29/62/5c/29625c13-60dd-2328-ba3c-e300548cf8f6/075679770714.jpg/600x600bb.jpg,29.1,18.1,62.8,Cool Blue,#454a53
Jazz Nouveau Project,Blue Notes at Night - EP,2025,5,Jazz,https://is1-ssl.mzstatic.com/image/thumb/Music221/v4/27/98/8c/27988c7b-e5ee-ad73-072e-60e00af956d3/4250523854628.png/100x100bb.jpg,https://is1-ssl.mzstatic.com/image/thumb/Music221/v4/27/98/8c/27988c7b-e5ee-ad73-072e-60e00af956d3/4250523854628.png/600x600bb.jpg,64.7,35.7,31.0,Cool Blue,#8ea7d3
Jose Vanders,Blue Notes - EP,2011,5,Jazz,https://is1-ssl.mzstatic.com/image/thumb/Music/9c/59/d1/mzi.aogatxof.jpg/100x100bb.jpg,https://is1-ssl.mzstatic.com/image/thumb/Music/9c/59/d1/mzi.aogatxof.jpg/600x600bb.jpg,15.9,45.5,29.5,Dark & Moody,#2e252a
The Blue Notes,Luigi's Mansion 3 - Main Theme (Piano Rendition) - Single,2019,1,Jazz,https://is1-ssl.mzstatic.com/image/thumb/Music113/v4/0d/51/8f/0d518f66-ee44-4175-600d-281c3b8933f3/Luigi_s_Mansion_3_-_Main_Theme_-_Piano_Rendition.jpg/100x100bb.jpg,https://is1-ssl.mzstatic.com/image/thumb/Music113/v4/0d/51/8f/0d518f66-ee44-4175-600d-281c3b8933f3/Luigi_s_Mansion_3_-_Main_Theme_-_Piano_Rendition.jpg/600x600bb.jpg,19.4,65.4,56.9,Dark & Moody,#293729
Sweet William,Blue - EP,2017,5,Jazz,https://is1-ssl.mzstatic.com/image/thumb/Music123/v4/2d/68/e1/2d68e121-141a-1f12-b984-5a993d25ee95/859753916768_cover.jpg/100x100bb.jpg,https://is1-ssl.mzstatic.com/image/thumb/Music123/v4/2d/68/e1/2d68e121-141a-1f12-b984-5a993d25ee95/859753916768_cover.jpg/600x600bb.jpg,86.9,6.6,32.1,Minimalist White,#d7dee5
Morning Jazz Background Club,Blue Notes: Smooth Jazz,2024,40,Jazz,https://is1-ssl.mzstatic.com/image/thumb/Music221/v4/dd/62/2f/dd622f23-48fe-084f-5709-89d2483b0c71/cover_10313811.jpg/100x100bb.jpg,https://is1-ssl.mzstatic.com/image/thumb/Music221/v4/dd/62/2f/dd622f23-48fe-084f-5709-89d2483b0c71/cover_10313811.jpg/600x600bb.jpg,22.9,8.2,41.4,Dark & Moody,#393a3e
The Blue Notes,Piano Pop Covers Vol. 1,1978,12,Jazz,https://is1-ssl.mzstatic.com/image/thumb/Music127/v4/47/bc/71/47bc715e-b9f4-2833-7450-ce362953c57f/CM1568.jpg/100x100bb.jpg,https://is1-ssl.mzstatic.com/image/thumb/Music127/v4/47/bc/71/47bc715e-b9f4-2833-7450-ce362953c57f/CM1568.jpg/600x600bb.jpg,74.0,26.3,34.9,Cool Blue,#adbedb
Ultra Naté,Blue Notes in the Basement,1991,12,Jazz,https://is1-ssl.mzstatic.com/image/thumb/Music3/v4/d6/68/41/d66841fa-ba14-8a5d-38c2-ef95c4653049/603497892310.jpg/100x100bb.jpg,https://is1-ssl.mzstatic.com/image/thumb/Music3/v4/d6/68/41/d66841fa-ba14-8a5d-38c2-ef95c4653049/603497892310.jpg/600x600bb.jpg,32.9,41.6,36.5,Cool Blue,#495276
Miles Davis,Kind of Blue (Legacy Edition),1959,22,Jazz,https://is1-ssl.mzstatic.com/image/thumb/Features125/v4/8c/41/ef/8c41efae-a00f-84cf-9d6f-465bb0fc2f66/dj.aacpwrsd.jpg/100x100bb.jpg,https://is1-ssl.mzstatic.com/image/thumb/Features125/v4/8c/41/ef/8c41efae-a00f-84cf-9d6f-465bb0fc2f66/dj.aacpwrsd.jpg/600x600bb.jpg,8.9,43.3,33.9,Dark & Moody,#1a1513
Tanhai Collective,Blue Note - Single,2024,1,Jazz,https://is1-ssl.mzstatic.com/image/thumb/Music211/v4/4d/d8/07/4dd807a8-742b-6fd4-0930-7e246d380777/artwork.jpg/100x100bb.jpg,https://is1-ssl.mzstatic.com/image/thumb/Music211/v4/4d/d8/07/4dd807a8-742b-6fd4-0930-7e246d380777/artwork.jpg/600x600bb.jpg,54.5,30.2,56.1,Cool Blue,#7f8aab
John Coltrane,Blue Train,1957,6,Jazz,https://is1-ssl.mzstatic.com/image/thumb/Music122/v4/6e/1a/13/6e1a134d-8f6f-d90f-b855-ea69436a2e8b/17UM1IM45370.rgb.jpg/100x100bb.jpg,https://is1-ssl.mzstatic.com/image/thumb/Music122/v4/6e/1a/13/6e1a134d-8f6f-d90f-b855-ea69436a2e8b/17UM1IM45370.rgb.jpg/600x600bb.jpg,18.1,24.2,32.0,Dark & Moody,#223332
Various Artists,Smooth Jazz - The Quiet Storm,2001,10,Jazz,https://is1-ssl.mzstatic.com/image/thumb/Music125/v4/43/83/b3/4383b3e4-fbf1-59c9-b333-12e402ada47a/00016351508522_Cover.jpg/100x100bb.jpg,https://is1-ssl.mzstatic.com/image/thumb/Music125/v4/43/83/b3/4383b3e4-fbf1-59c9-b333-12e402ada47a/00016351508522_Cover.jpg/600x600bb.jpg,52.6,16.4,65.7,Monochrome / Gray,#888486
"Chill Out Dinner Jazz, Jazz Music Lounge & Morning Piano",Smooth Jazz (Instrumentals),2021,20,Jazz,https://is1-ssl.mzstatic.com/image/thumb/Music126/v4/bc/60/c7/bc60c7b2-b2a0-41de-9af3-4c98d396dd3d/24362.jpg/100x100bb.jpg,https://is1-ssl.mzstatic.com/image/thumb/Music126/v4/bc/60/c7/bc60c7b2-b2a0-41de-9af3-4c98d396dd3d/24362.jpg/600x600bb.jpg,53.6,34.9,54.6,Cool Blue,#70919c
Darren Motamedy,Smooth Jazz - The Best of Darren Motamedy,2004,16,Jazz,https://is1-ssl.mzstatic.com/image/thumb/Music/26/ec/a9/mzi.wcqamxvh.jpg/100x100bb.jpg,https://is1-ssl.mzstatic.com/image/thumb/Music/26/ec/a9/mzi.wcqamxvh.jpg/600x600bb.jpg,42.1,79.4,39.8,Warm Red & Orange,#b95123
Kenny G,Breathless,1992,14,Jazz,https://is1-ssl.mzstatic.com/image/thumb/Features125/v4/ae/3f/53/ae3f5331-c080-7dc8-73b0-efef90bc6f1c/dj.asipxkna.jpg/100x100bb.jpg,https://is1-ssl.mzstatic.com/image/thumb/Features125/v4/ae/3f/53/ae3f5331-c080-7dc8-73b0-efef90bc6f1c/dj.asipxkna.jpg/600x600bb.jpg,51.1,11.1,52.1,Monochrome / Gray,#87807d
Tom Media & Cafe Cozy Jazz,Smooth Jazz - Sweet Coffee and Bossa Nova Melodies,2026,10,Jazz,https://is1-ssl.mzstatic.com/image/thumb/Music221/v4/e1/4a/ad/e14aade4-99c7-b7c9-6533-b94a71031922/5026854880099.jpg/100x100bb.jpg,https://is1-ssl.mzstatic.com/image/thumb/Music221/v4/e1/4a/ad/e14aade4-99c7-b7c9-6533-b94a71031922/5026854880099.jpg/600x600bb.jpg,40.4,48.6,52.7,Warm Red & Orange,#805f4a
Tony Faison,Smooth Jazz,2011,10,Jazz,https://is1-ssl.mzstatic.com/image/thumb/Music/b6/9f/5d/mzi.tcdfezuq.jpg/100x100bb.jpg,https://is1-ssl.mzstatic.com/image/thumb/Music/b6/9f/5d/mzi.tcdfezuq.jpg/600x600bb.jpg,60.4,18.3,70.2,Cool Blue,#9a96a8
Tropical Hideaways,Smooth Jazz (Chillout Ambience),2022,9,Jazz,https://is1-ssl.mzstatic.com/image/thumb/Music126/v4/3b/6e/51/3b6e51fc-be5e-ff45-71c7-23661a5b6b00/artwork.jpg/100x100bb.jpg,https://is1-ssl.mzstatic.com/image/thumb/Music126/v4/3b/6e/51/3b6e51fc-be5e-ff45-71c7-23661a5b6b00/artwork.jpg/600x600bb.jpg,46.0,72.4,38.5,Cool Blue,#3e8a97
Kenny G,The Classic Christmas Album,2012,16,Jazz,https://is1-ssl.mzstatic.com/image/thumb/Music124/v4/3d/12/20/3d122025-c0dd-e618-552a-957b8a887aa6/886443468900.jpg/100x100bb.jpg,https://is1-ssl.mzstatic.com/image/thumb/Music124/v4/3d/12/20/3d122025-c0dd-e618-552a-957b8a887aa6/886443468900.jpg/600x600bb.jpg,70.0,29.0,60.6,Warm Red & Orange,#c7ad96
Mannheim Steamroller,Christmas,1984,11,Jazz,https://is1-ssl.mzstatic.com/image/thumb/Music/v4/db/01/07/db010777-943b-12a5-06ce-f57307e92467/Cover.jpg/100x100bb.jpg,https://is1-ssl.mzstatic.com/image/thumb/Music/v4/db/01/07/db010777-943b-12a5-06ce-f57307e92467/Cover.jpg/600x600bb.jpg,20.0,53.1,66.4,Dark & Moody,#3e311d
Miles Vesper,Smooth Jazz,2024,18,Jazz,https://is1-ssl.mzstatic.com/image/thumb/Music221/v4/a5/fe/51/a5fe5145-5920-98dd-a9f4-3f1f03f6423d/254515.jpg/100x100bb.jpg,https://is1-ssl.mzstatic.com/image/thumb/Music221/v4/a5/fe/51/a5fe5145-5920-98dd-a9f4-3f1f03f6423d/254515.jpg/600x600bb.jpg,39.8,4.9,68.0,Monochrome / Gray,#666564
Kenny G,Kenny G: Greatest Hits,1997,17,Jazz,https://is1-ssl.mzstatic.com/image/thumb/Music124/v4/1b/dc/c0/1bdcc0cd-1508-7c48-726a-e8a081fa3d0c/mzi.hceirugp.jpg/100x100bb.jpg,https://is1-ssl.mzstatic.com/image/thumb/Music124/v4/1b/dc/c0/1bdcc0cd-1508-7c48-726a-e8a081fa3d0c/mzi.hceirugp.jpg/600x600bb.jpg,73.2,23.1,53.8,Warm Red & Orange,#ccb79e
Smooth Jazz All Stars,100 #1 R&B Hits (Instrumental),2020,100,Jazz,https://is1-ssl.mzstatic.com/image/thumb/Music125/v4/63/5a/8a/635a8a06-5b2a-e66f-f4a6-1827a994c86b/789577221895.png/100x100bb.jpg,https://is1-ssl.mzstatic.com/image/thumb/Music125/v4/63/5a/8a/635a8a06-5b2a-e66f-f4a6-1827a994c86b/789577221895.png/600x600bb.jpg,44.5,28.1,58.3,Pink & Magenta,#886574
Gerald Albright,Smooth,1994,10,Jazz,https://is1-ssl.mzstatic.com/image/thumb/Music115/v4/81/25/8b/81258bb4-ad09-2618-8d84-8037532a8f86/18CRGIM06392.rgb.jpg/100x100bb.jpg,https://is1-ssl.mzstatic.com/image/thumb/Music115/v4/81/25/8b/81258bb4-ad09-2618-8d84-8037532a8f86/18CRGIM06392.rgb.jpg/600x600bb.jpg,45.7,28.3,75.0,Warm Red & Orange,#826f6a
T.H.U.G. (The House of Urban Grooves),Jazz,2004,11,Jazz,https://is1-ssl.mzstatic.com/image/thumb/Music128/v4/28/2f/e5/282fe5b7-122c-e631-3538-cfb669e49f2c/00013431852629.rgb.jpg/100x100bb.jpg,https://is1-ssl.mzstatic.com/image/thumb/Music128/v4/28/2f/e5/282fe5b7-122c-e631-3538-cfb669e49f2c/00013431852629.rgb.jpg/600x600bb.jpg,30.9,58.1,38.6,Warm Red & Orange,#704331
321Jazz,Smooth Jazz,2020,10,Jazz,https://is1-ssl.mzstatic.com/image/thumb/Music221/v4/29/86/94/298694e5-5486-179f-6c83-ca5160228455/3616404093592_cover.jpg/100x100bb.jpg,https://is1-ssl.mzstatic.com/image/thumb/Music221/v4/29/86/94/298694e5-5486-179f-6c83-ca5160228455/3616404093592_cover.jpg/600x600bb.jpg,75.6,1.6,49.9,Minimalist White,#c2bfbf
Bequem,Smooth Jazz - Single,2026,1,Jazz,https://is1-ssl.mzstatic.com/image/thumb/Music221/v4/7f/07/40/7f074065-bdb9-860d-8246-6b73cbb5c074/1963624393738_cover.jpg/100x100bb.jpg,https://is1-ssl.mzstatic.com/image/thumb/Music221/v4/7f/07/40/7f074065-bdb9-860d-8246-6b73cbb5c074/1963624393738_cover.jpg/600x600bb.jpg,20.7,76.3,52.9,Dark & Moody,#4e2d15
Sandra Iris,Smooth Jazz - Single,2022,1,Jazz,https://is1-ssl.mzstatic.com/image/thumb/Music116/v4/15/6f/99/156f99c5-1471-1298-f613-d7ed0a7d6820/196626329585.jpg/100x100bb.jpg,https://is1-ssl.mzstatic.com/image/thumb/Music116/v4/15/6f/99/156f99c5-1471-1298-f613-d7ed0a7d6820/196626329585.jpg/600x600bb.jpg,67.2,24.2,77.6,Warm Red & Orange,#afaba0
Various Artists,Smooth Jazz,2017,32,Jazz,https://is1-ssl.mzstatic.com/image/thumb/Music117/v4/fa/58/3f/fa583ff3-bfaf-6cf1-7dda-2354e014acf7/084247964318.jpg/100x100bb.jpg,https://is1-ssl.mzstatic.com/image/thumb/Music117/v4/fa/58/3f/fa583ff3-bfaf-6cf1-7dda-2354e014acf7/084247964318.jpg/600x600bb.jpg,36.3,63.5,46.0,Cool Blue,#545c72
Relativity,Smooth Jazz,2014,10,Jazz,https://is1-ssl.mzstatic.com/image/thumb/Music6/v4/93/d9/62/93d962fb-b782-548e-26fb-a2c27678c0d2/96741458729.jpg/100x100bb.jpg,https://is1-ssl.mzstatic.com/image/thumb/Music6/v4/93/d9/62/93d962fb-b782-548e-26fb-a2c27678c0d2/96741458729.jpg/600x600bb.jpg,39.7,34.7,60.1,Cool Blue,#636372
Enow,Smooth Jazz,2026,14,Jazz,https://is1-ssl.mzstatic.com/image/thumb/Music221/v4/81/b3/a8/81b3a8d4-b471-6df6-b40e-a14f9ac5631c/1343227.jpg/100x100bb.jpg,https://is1-ssl.mzstatic.com/image/thumb/Music221/v4/81/b3/a8/81b3a8d4-b471-6df6-b40e-a14f9ac5631c/1343227.jpg/600x600bb.jpg,13.4,18.0,30.3,Dark & Moody,#24211e
Kenny G,Miracles: The Holiday Album,1994,11,Jazz,https://is1-ssl.mzstatic.com/image/thumb/Music124/v4/a0/bd/ff/a0bdff4d-a57f-ab16-986e-4191b7b1b830/mzi.hvikmhfq.jpg/100x100bb.jpg,https://is1-ssl.mzstatic.com/image/thumb/Music124/v4/a0/bd/ff/a0bdff4d-a57f-ab16-986e-4191b7b1b830/mzi.hvikmhfq.jpg/600x600bb.jpg,32.3,30.5,35.8,Warm Red & Orange,#654b44
Jazz Music Collection & Smooth Jazz Music Academy,"Jazz - The Midnight Session: The Most Seductive, Smooth & Romantic Jazz Music",2018,50,Jazz,https://is1-ssl.mzstatic.com/image/thumb/Music115/v4/c5/8b/17/c58b1715-fe34-7d9b-ba41-ad109c1d2b51/8176930285434.jpg/100x100bb.jpg,https://is1-ssl.mzstatic.com/image/thumb/Music115/v4/c5/8b/17/c58b1715-fe34-7d9b-ba41-ad109c1d2b51/8176930285434.jpg/600x600bb.jpg,67.1,0.9,79.6,Monochrome / Gray,#aaabac
Kenny G,Ultimate Kenny G,2003,19,Jazz,https://is1-ssl.mzstatic.com/image/thumb/Features125/v4/c8/f9/8f/c8f98f47-e8cf-2de4-7618-9a2782ee4c9f/dj.wwlvfoqt.jpg/100x100bb.jpg,https://is1-ssl.mzstatic.com/image/thumb/Features125/v4/c8/f9/8f/c8f98f47-e8cf-2de4-7618-9a2782ee4c9f/dj.wwlvfoqt.jpg/600x600bb.jpg,66.1,40.8,66.1,Warm Red & Orange,#c7a17c
Cafe Music BGM Channel,CAFE MUSIC 〜STUDIO GHIBLI Jazz & Bossa〜,2017,10,Jazz,https://is1-ssl.mzstatic.com/image/thumb/Music221/v4/2c/3f/0e/2c3f0ea0-b152-b05d-f6a2-582bb2564a71/cover.jpg/100x100bb.jpg,https://is1-ssl.mzstatic.com/image/thumb/Music221/v4/2c/3f/0e/2c3f0ea0-b152-b05d-f6a2-582bb2564a71/cover.jpg/600x600bb.jpg,71.4,22.8,30.7,Green,#b1bba3
Anita Baker,Giving You the Best That I Got,1988,8,Jazz,https://is1-ssl.mzstatic.com/image/thumb/Music114/v4/ae/77/9f/ae779ffa-282d-26be-5d7d-756a491e4032/mzi.gpvnupmv.jpg/100x100bb.jpg,https://is1-ssl.mzstatic.com/image/thumb/Music114/v4/ae/77/9f/ae779ffa-282d-26be-5d7d-756a491e4032/mzi.gpvnupmv.jpg/600x600bb.jpg,40.9,30.8,70.8,Warm Red & Orange,#71655d
Smooth Jazz All Stars,Smooth Jazz (Tribute to Shalamar),2013,11,Jazz,https://is1-ssl.mzstatic.com/image/thumb/Features/v4/d8/9b/71/d89b713f-f03d-0a82-0e7f-8a58a6a15d36/dj.jaiolazu.jpg/100x100bb.jpg,https://is1-ssl.mzstatic.com/image/thumb/Features/v4/d8/9b/71/d89b713f-f03d-0a82-0e7f-8a58a6a15d36/dj.jaiolazu.jpg/600x600bb.jpg,32.6,36.4,42.2,Warm Red & Orange,#5f4e48
Tropical Hideaways,Smooth Jazz (Relaxing Ambience),2022,9,Jazz,https://is1-ssl.mzstatic.com/image/thumb/Music126/v4/60/8a/cf/608acf98-4711-f1e5-c9d7-bb59a0d21ab6/artwork.jpg/100x100bb.jpg,https://is1-ssl.mzstatic.com/image/thumb/Music126/v4/60/8a/cf/608acf98-4711-f1e5-c9d7-bb59a0d21ab6/artwork.jpg/600x600bb.jpg,45.1,62.5,46.3,Cool Blue,#547a9c
Kenny G,The Greatest Holiday Classics,2005,16,Jazz,https://is1-ssl.mzstatic.com/image/thumb/Music211/v4/dd/44/7f/dd447f92-6284-999a-95b7-2fce6ea8bd3d/828767223421.jpg/100x100bb.jpg,https://is1-ssl.mzstatic.com/image/thumb/Music211/v4/dd/44/7f/dd447f92-6284-999a-95b7-2fce6ea8bd3d/828767223421.jpg/600x600bb.jpg,36.7,49.4,72.2,Cool Blue,#566062
Bossa Nova Cafe Music,Bossa Nova Jazz,2024,10,Jazz,https://is1-ssl.mzstatic.com/image/thumb/Music211/v4/ef/80/1a/ef801a3e-bd28-c06c-e99f-57676cdb82ba/cover.jpg/100x100bb.jpg,https://is1-ssl.mzstatic.com/image/thumb/Music211/v4/ef/80/1a/ef801a3e-bd28-c06c-e99f-57676cdb82ba/cover.jpg/600x600bb.jpg,60.2,22.1,55.9,Cool Blue,#9198b3
Restaurant Music Academy,Bossa Nova Jazz - Brazilian Bossa Nova Music & Piano Bar Restaurant and Lounge Music Club,2015,30,Jazz,https://is1-ssl.mzstatic.com/image/thumb/Music1/v4/e2/ff/24/e2ff24aa-9e61-c379-7c87-c2357fc47627/Bossa_Nova_Jazz.jpg/100x100bb.jpg,https://is1-ssl.mzstatic.com/image/thumb/Music1/v4/e2/ff/24/e2ff24aa-9e61-c379-7c87-c2357fc47627/Bossa_Nova_Jazz.jpg/600x600bb.jpg,45.4,29.8,60.9,Pink & Magenta,#856c6d
Bossa Nova Jazz,"Colombian Coffeehouses, Bossa",2020,10,Jazz,https://is1-ssl.mzstatic.com/image/thumb/Music123/v4/c2/f2/5e/c2f25edd-aaeb-cd38-e1e5-b4e7173b5845/616663029328_cover.jpg/100x100bb.jpg,https://is1-ssl.mzstatic.com/image/thumb/Music123/v4/c2/f2/5e/c2f25edd-aaeb-cd38-e1e5-b4e7173b5845/616663029328_cover.jpg/600x600bb.jpg,29.7,29.3,47.4,Warm Red & Orange,#5b473b
"Nova Jazzers, Bossa Nova Jazz & Coffee Shop Jazz Relax",Rush - Single,2023,2,Jazz,https://is1-ssl.mzstatic.com/image/thumb/Music126/v4/9a/e8/11/9ae811ca-9836-0a5d-7cab-3a7b28c819b9/cover.jpg/100x100bb.jpg,https://is1-ssl.mzstatic.com/image/thumb/Music126/v4/9a/e8/11/9ae811ca-9836-0a5d-7cab-3a7b28c819b9/cover.jpg/600x600bb.jpg,14.7,44.4,28.4,Dark & Moody,#302020
Bossa Nova Jazz & Relaxing Instrumental Jazz Cafe,Jazz Christmas Music,2020,10,Jazz,https://is1-ssl.mzstatic.com/image/thumb/Music115/v4/92/fd/8c/92fd8c0e-1eb5-cd49-73ba-0cdbd2a9ccd9/14337.jpg/100x100bb.jpg,https://is1-ssl.mzstatic.com/image/thumb/Music115/v4/92/fd/8c/92fd8c0e-1eb5-cd49-73ba-0cdbd2a9ccd9/14337.jpg/600x600bb.jpg,34.8,78.8,47.6,Warm Red & Orange,#a13e25
Jazz Language,Bossa Nova Jazz (Relaxing Brazilian Jazz for Peaceful Moments),2026,20,Jazz,https://is1-ssl.mzstatic.com/image/thumb/Music211/v4/d0/09/e3/d009e3f8-7e23-d491-e20d-dd25a48bd13d/cover.jpg/100x100bb.jpg,https://is1-ssl.mzstatic.com/image/thumb/Music211/v4/d0/09/e3/d009e3f8-7e23-d491-e20d-dd25a48bd13d/cover.jpg/600x600bb.jpg,44.3,62.2,46.3,Warm Red & Orange,#836e4d
Zimbo Trio,Bossa Nova Jazz,2001,19,Jazz,https://is1-ssl.mzstatic.com/image/thumb/Music221/v4/f8/93/be/f893be1c-02cf-174b-aad9-456cd010afcf/741869409343.jpg/100x100bb.jpg,https://is1-ssl.mzstatic.com/image/thumb/Music221/v4/f8/93/be/f893be1c-02cf-174b-aad9-456cd010afcf/741869409343.jpg/600x600bb.jpg,48.7,53.6,49.7,Warm Red & Orange,#b66942
Various Artists,Bossa Nova Jazz,2017,15,Jazz,https://is1-ssl.mzstatic.com/image/thumb/Music211/v4/3a/fe/61/3afe6193-e238-f87b-c04d-ae368c70aa56/8028980700224.jpg/100x100bb.jpg,https://is1-ssl.mzstatic.com/image/thumb/Music211/v4/3a/fe/61/3afe6193-e238-f87b-c04d-ae368c70aa56/8028980700224.jpg/600x600bb.jpg,64.0,44.6,63.8,Warm Red & Orange,#be9f6d
WRG 우리가 듣고 싶어서 연주한 playlist 홍영진 drummeryj,Bossa Nova Jazz,2026,9,Jazz,https://is1-ssl.mzstatic.com/image/thumb/Music221/v4/62/1c/6f/621c6fbf-0a9e-25de-7b68-9bc9af152b92/8800361714286_cover.jpg/100x100bb.jpg,https://is1-ssl.mzstatic.com/image/thumb/Music221/v4/62/1c/6f/621c6fbf-0a9e-25de-7b68-9bc9af152b92/8800361714286_cover.jpg/600x600bb.jpg,56.7,21.9,39.9,Green,#8a948c
Leonardo Motta,Bossa Nova Jazz,2024,10,Jazz,https://is1-ssl.mzstatic.com/image/thumb/Music221/v4/55/72/9b/55729ba4-e125-07a7-d811-e5bac944e288/5063181890728_cover.jpg/100x100bb.jpg,https://is1-ssl.mzstatic.com/image/thumb/Music221/v4/55/72/9b/55729ba4-e125-07a7-d811-e5bac944e288/5063181890728_cover.jpg/600x600bb.jpg,31.3,66.5,50.6,Pink & Magenta,#5c475b
"Bossa Nova Jazz, Instrumental Jazz Música Ambiental & Saxophone Dreamsound",Relaxing Saxophone Jazz,2025,10,Jazz,https://is1-ssl.mzstatic.com/image/thumb/Music221/v4/fb/c7/a8/fbc7a801-04da-e49b-c6dc-589a14e515ff/4066004885445_3000.jpg/100x100bb.jpg,https://is1-ssl.mzstatic.com/image/thumb/Music221/v4/fb/c7/a8/fbc7a801-04da-e49b-c6dc-589a14e515ff/4066004885445_3000.jpg/600x600bb.jpg,21.0,49.2,41.2,Dark & Moody,#3c332b
Fernando Profeta,BOSSA NOVA JAZZ,2025,20,Jazz,https://is1-ssl.mzstatic.com/image/thumb/Music221/v4/4c/ba/8e/4cba8eb9-b356-4ae8-fd72-ee195f1e1c92/artwork.jpg/100x100bb.jpg,https://is1-ssl.mzstatic.com/image/thumb/Music221/v4/4c/ba/8e/4cba8eb9-b356-4ae8-fd72-ee195f1e1c92/artwork.jpg/600x600bb.jpg,35.3,62.9,22.8,Green,#4b634e
BM S.A.D.E,Bossa Nova Jazz (Rap Instrumental) - Single,2022,1,Jazz,https://is1-ssl.mzstatic.com/image/thumb/Music211/v4/f3/98/39/f3983928-6287-9d37-d6a0-501a10dffa04/artwork.jpg/100x100bb.jpg,https://is1-ssl.mzstatic.com/image/thumb/Music211/v4/f3/98/39/f3983928-6287-9d37-d6a0-501a10dffa04/artwork.jpg/600x600bb.jpg,38.4,15.3,76.0,Monochrome / Gray,#676156
Moss Music,Bossa Nova Jazz,2026,30,Jazz,https://is1-ssl.mzstatic.com/image/thumb/Music211/v4/2e/ba/9e/2eba9ef6-0d3f-ab0e-7e37-a15b04a9a83e/artwork.jpg/100x100bb.jpg,https://is1-ssl.mzstatic.com/image/thumb/Music211/v4/2e/ba/9e/2eba9ef6-0d3f-ab0e-7e37-a15b04a9a83e/artwork.jpg/600x600bb.jpg,32.9,66.7,39.7,Warm Red & Orange,#784a23
QDMedia,BOSSA NOVA JAZZ,2022,10,Jazz,https://is1-ssl.mzstatic.com/image/thumb/Music221/v4/cd/dc/ae/cddcaefd-0cf8-7dae-cdad-b770d7005e98/7316470647113_cover.jpg/100x100bb.jpg,https://is1-ssl.mzstatic.com/image/thumb/Music221/v4/cd/dc/ae/cddcaefd-0cf8-7dae-cdad-b770d7005e98/7316470647113_cover.jpg/600x600bb.jpg,46.1,25.4,52.0,Warm Red & Orange,#896e65
Bossa Nova Jazz,Bossa Nova Classics,2024,10,Jazz,https://is1-ssl.mzstatic.com/image/thumb/Music211/v4/2e/b2/12/2eb212fa-4d61-65b8-0079-b19f132c2994/cover.jpg/100x100bb.jpg,https://is1-ssl.mzstatic.com/image/thumb/Music211/v4/2e/b2/12/2eb212fa-4d61-65b8-0079-b19f132c2994/cover.jpg/600x600bb.jpg,63.6,18.9,57.6,Cool Blue,#96a3b9
ALL BGM CHANNEL,Bossa Nova Jazz (feat. MoppySound),2022,26,Jazz,https://is1-ssl.mzstatic.com/image/thumb/Music122/v4/c1/39/a6/c139a65a-713f-ab43-ab54-448929c90db3/859758476601_cover.jpg/100x100bb.jpg,https://is1-ssl.mzstatic.com/image/thumb/Music122/v4/c1/39/a6/c139a65a-713f-ab43-ab54-448929c90db3/859758476601_cover.jpg/600x600bb.jpg,89.1,34.5,22.8,Warm Red & Orange,#eeea9f
Gotiva Jazz,Bossa Nova Jazz,2026,22,Jazz,https://is1-ssl.mzstatic.com/image/thumb/Music211/v4/1d/6d/a6/1d6da627-6f60-b2a2-9b44-30e09b250055/artwork.jpg/100x100bb.jpg,https://is1-ssl.mzstatic.com/image/thumb/Music211/v4/1d/6d/a6/1d6da627-6f60-b2a2-9b44-30e09b250055/artwork.jpg/600x600bb.jpg,40.7,40.3,58.7,Warm Red & Orange,#766453
Jazz & Bossa Nova & Anna Davide,Bossa Nova Jazz,2024,17,Jazz,https://is1-ssl.mzstatic.com/image/thumb/Music221/v4/54/a9/69/54a969f8-8d9e-669e-c60b-6678b98c807c/cover.jpg/100x100bb.jpg,https://is1-ssl.mzstatic.com/image/thumb/Music221/v4/54/a9/69/54a969f8-8d9e-669e-c60b-6678b98c807c/cover.jpg/600x600bb.jpg,41.8,54.8,38.0,Warm Red & Orange,#915f3d
Bossa Nova Jazz,Bgm for Colombian Coffeehouses,2020,10,Jazz,https://is1-ssl.mzstatic.com/image/thumb/Music113/v4/fe/2d/f7/fe2df7c5-d006-6673-3548-cfd97eb400c5/616663029342_cover.jpg/100x100bb.jpg,https://is1-ssl.mzstatic.com/image/thumb/Music113/v4/fe/2d/f7/fe2df7c5-d006-6673-3548-cfd97eb400c5/616663029342_cover.jpg/600x600bb.jpg,61.1,35.9,45.3,Green,#91a295
Bossa Nova Jazz,Sparkling Brazilian Jazz - Ambiance for WFH,2021,10,Jazz,https://is1-ssl.mzstatic.com/image/thumb/Music114/v4/60/6b/b9/606bb965-c3e7-284b-9f0b-d1a439d2101e/632688101696_cover.jpg/100x100bb.jpg,https://is1-ssl.mzstatic.com/image/thumb/Music114/v4/60/6b/b9/606bb965-c3e7-284b-9f0b-d1a439d2101e/632688101696_cover.jpg/600x600bb.jpg,38.5,67.4,21.6,Pink & Magenta,#af386d
Bossa Nova Jazz & Bossa Cafe en Ibiza,Música para Restaurantes Vol. 2,2026,8,Jazz,https://is1-ssl.mzstatic.com/image/thumb/Music211/v4/84/c2/b1/84c2b144-b410-b0f4-74f6-5f6f8ab30257/1083992.jpg/100x100bb.jpg,https://is1-ssl.mzstatic.com/image/thumb/Music211/v4/84/c2/b1/84c2b144-b410-b0f4-74f6-5f6f8ab30257/1083992.jpg/600x600bb.jpg,37.2,59.0,59.9,Warm Red & Orange,#7a573b
Bossa Nova Jazz,Music for Study Time,2021,10,Jazz,https://is1-ssl.mzstatic.com/image/thumb/Music114/v4/57/a2/f8/57a2f8cc-3fc0-a8ca-9f73-25b38578247a/632688101726_cover.jpg/100x100bb.jpg,https://is1-ssl.mzstatic.com/image/thumb/Music114/v4/57/a2/f8/57a2f8cc-3fc0-a8ca-9f73-25b38578247a/632688101726_cover.jpg/600x600bb.jpg,23.4,58.9,21.9,Dark & Moody,#562952
"Bossa Nova Jazz Cafe, Bossa Nova Jazz & Bossa Nova Jams Café",Jazz Lounge Background (Best of Bossa Nova),2025,10,Jazz,https://is1-ssl.mzstatic.com/image/thumb/Music211/v4/af/45/58/af4558a2-f7f8-5b65-863d-fc823bef0f5e/4066004887326_3000.jpg/100x100bb.jpg,https://is1-ssl.mzstatic.com/image/thumb/Music211/v4/af/45/58/af4558a2-f7f8-5b65-863d-fc823bef0f5e/4066004887326_3000.jpg/600x600bb.jpg,31.6,48.4,39.3,Warm Red & Orange,#5a4e3f
Bossa Nova Jazz,Copacabana Charm: Elegant Bossa Nova,2024,30,Jazz,https://is1-ssl.mzstatic.com/image/thumb/Music211/v4/d2/7a/5c/d27a5cf2-aeb4-3fe5-ba75-88085a874073/cover_10316720.jpg/100x100bb.jpg,https://is1-ssl.mzstatic.com/image/thumb/Music211/v4/d2/7a/5c/d27a5cf2-aeb4-3fe5-ba75-88085a874073/cover_10316720.jpg/600x600bb.jpg,39.9,41.6,69.5,Warm Red & Orange,#85594e
Bossa Cafe en Ibiza & Bossanova,Bossanova Summer 2018 – Sensual Bossa Nova Jazz Music for Summer Lovers Affairs,2018,25,Jazz,https://is1-ssl.mzstatic.com/image/thumb/Music115/v4/43/4e/a6/434ea6e3-aaa1-27b1-a5ea-953424be66cd/8033772973908.jpg/100x100bb.jpg,https://is1-ssl.mzstatic.com/image/thumb/Music115/v4/43/4e/a6/434ea6e3-aaa1-27b1-a5ea-953424be66cd/8033772973908.jpg/600x600bb.jpg,82.5,35.4,42.5,Warm Red & Orange,#e6d29a
SSMedia,Bossa Nova Jazz,2024,36,Jazz,https://is1-ssl.mzstatic.com/image/thumb/Music221/v4/b6/8d/cf/b68dcf47-1030-1837-8a12-dee9c3d4bee3/88dbfd5b-476d-43f1-a389-f531e6702e42.jpg/100x100bb.jpg,https://is1-ssl.mzstatic.com/image/thumb/Music221/v4/b6/8d/cf/b68dcf47-1030-1837-8a12-dee9c3d4bee3/88dbfd5b-476d-43f1-a389-f531e6702e42.jpg/600x600bb.jpg,47.4,58.7,38.2,Warm Red & Orange,#897757
"Nova Jazzers, Bossa Nova Jazz & Coffee Shop Jazz Relax",Love Nwantiti (Instrumental) - Single,2023,2,Jazz,https://is1-ssl.mzstatic.com/image/thumb/Music126/v4/85/3a/02/853a0277-84ac-dfba-d214-1b41833e19a7/cover.jpg/100x100bb.jpg,https://is1-ssl.mzstatic.com/image/thumb/Music126/v4/85/3a/02/853a0277-84ac-dfba-d214-1b41833e19a7/cover.jpg/600x600bb.jpg,21.9,69.9,73.6,Dark & Moody,#2a3c40
Jazz Sky Lounge,Bossa Nova,2020,15,Jazz,https://is1-ssl.mzstatic.com/image/thumb/Music114/v4/47/c6/d0/47c6d005-a774-8c23-33bb-f2cfdf16d15b/5059594327890_cover.jpg/100x100bb.jpg,https://is1-ssl.mzstatic.com/image/thumb/Music114/v4/47/c6/d0/47c6d005-a774-8c23-33bb-f2cfdf16d15b/5059594327890_cover.jpg/600x600bb.jpg,80.8,18.6,60.0,Minimalist White,#c3d0e1
Bossa Nova Jazz,Rio by Moonlight: Best Bossa Nova Music,2024,10,Jazz,https://is1-ssl.mzstatic.com/image/thumb/Music211/v4/52/85/07/528507df-1a31-8e88-f571-1176420f0ae9/cover_10309518.jpg/100x100bb.jpg,https://is1-ssl.mzstatic.com/image/thumb/Music211/v4/52/85/07/528507df-1a31-8e88-f571-1176420f0ae9/cover_10309518.jpg/600x600bb.jpg,37.0,68.7,69.2,Cool Blue,#3a6a80
